id,outlet_id,dsp_id,action_type,description,priority,status,due_date,created_at
5d4ff2a5-f4b1-58cd-9096-627db50a1fc6,f08a11c8-f9c0-5650-a8c7-d51d9e7f9892,fbcd212e-451d-5600-a271-8fec64b3a9b9,upsell_product,Investigate declining transaction volume trend,medium,pending,2025-08-18T00:00:00,2025-07-30T00:00:00
5b82bfbd-4f09-53ae-841b-25636506bdb9,c71b76d5-d661-5b5a-8076-27b96aaa95b0,f81e0179-c82e-5d0d-82b4-c2bf0fde0a92,visit_merchant,Provide updated marketing collateral and QR standee,medium,pending,2025-08-23T00:00:00,2025-07-21T00:00:00
6275586e-21de-5ce9-a2e2-e85b75728d6c,c0df7fa1-c35b-5e76-9f7f-be2d4e7b9137,d9bae779-a771-5de7-a713-f7d02913bd5b,visit_merchant,Activate GCredit for this merchant to increase transaction volume,low,pending,2025-08-19T00:00:00,2025-07-18T00:00:00
55cb6e39-02a5-5e77-998c-e4c744609049,898a0e5b-d908-5060-b440-eb62c6d0ca9d,54684399-5e5a-54ab-a9b2-5e8ff35f0223,upsell_product,Upsell Buy Load service - high foot traffic area,medium,completed,2025-08-18T00:00:00,2025-07-26T00:00:00
e60b4254-49de-554e-b501-99bbd47ad5fb,0c5a8d1c-ccf3-5d8e-ae35-290e69f09907,25c743f6-6b99-5904-8a4a-4b29b700d9e7,follow_up,Offer promotional rates for Cash-In to combat Maya competition,high,pending,2025-08-20T00:00:00,2025-07-25T00:00:00
1dd114fa-21e6-5be8-98b1-9841d4a9a389,ef1b6e73-f031-5894-824a-4ff1e58fc120,c928179a-f72b-50f2-bd6c-8efebcd2d268,visit_merchant,Re-engage merchant - no transactions in 14 days,low,in_progress,2025-08-26T00:00:00,2025-07-25T00:00:00
80b6ad3a-b5ab-54c2-b905-305304f6a551,09061ab6-5483-56c6-aaa2-ede27655cf83,7a052b5f-cf18-5b63-91b4-4c385d96d71f,upsell_product,Conduct training on new GInsure products,high,completed,2025-08-25T00:00:00,2025-07-19T00:00:00
6f082313-d587-50ee-adf5-0ec62658c25c,ebf3f030-639e-5ef4-8c63-5a827b9d67f8,25c743f6-6b99-5904-8a4a-4b29b700d9e7,visit_merchant,Investigate declining transaction volume trend,high,pending,2025-08-29T00:00:00,2025-08-01T00:00:00
65014bd4-0f90-554c-ae01-3baa7cf5cf8e,333d8189-e00e-50ef-87ca-202547a01397,1c629fb9-bb65-504f-8efa-b901acda8a1d,resolve_issue,Conduct training on new GInsure products,medium,completed,2025-08-25T00:00:00,2025-07-30T00:00:00
9c2e3bc2-b870-5b5a-ba90-cc5507e7ff18,32e6d130-f7e0-54cd-bba3-6c9d8057d4e0,229ec319-00c3-5250-afbc-759d6132ee64,reactivation,Offer promotional rates for Cash-In to combat Maya competition,medium,pending,2025-08-19T00:00:00,2025-07-28T00:00:00
0e8d1fce-ce0c-5ccf-87ca-d6b6b6276e01,a1350aa4-ee6f-5577-9815-4d137cb0696d,24c3eae6-21de-5fa7-ad75-775edd1167e0,follow_up,Offer promotional rates for Cash-In to combat Maya competition,low,in_progress,2025-08-23T00:00:00,2025-07-25T00:00:00
87500a96-c815-508a-8180-289ce3ea5b77,21c5f5ce-b3d2-5d73-a06e-3d9b872b6ed4,ea60bf00-905e-5abc-b08e-4c17000dd149,reactivation,Follow up on pending Bills Payment activation,low,in_progress,2025-08-12T00:00:00,2025-07-28T00:00:00
62a474a9-1df4-5964-9a87-b1afe19397a6,d38029ff-40eb-5673-b670-dcdf1fd1b2b1,f81e0179-c82e-5d0d-82b4-c2bf0fde0a92,training,Offer promotional rates for Cash-In to combat Maya competition,medium,in_progress,2025-08-13T00:00:00,2025-07-21T00:00:00
cc51e191-fe54-5bd3-9a07-d3991527f6ab,13162149-fc7c-5b4a-9563-600adbd72fa5,15e1ebab-b0bf-514c-8405-61b9a3993057,upsell_product,Upsell Buy Load service - high foot traffic area,medium,pending,2025-08-03T00:00:00,2025-07-18T00:00:00
3bacfe1a-55c0-5f41-ba93-505d40cc8b7b,6df02c74-0a9d-5114-b570-ca3bfbe11fef,7ff0bab0-c69b-54d0-86a2-99ea2da3e58c,visit_merchant,Investigate declining transaction volume trend,medium,pending,2025-08-06T00:00:00,2025-07-24T00:00:00
c6c83713-1769-5b99-811a-b6807b03b19a,3c93a092-47e6-5c14-bdba-7ccdd461340c,8086f1f4-673d-5987-81b0-8f204dbfd2ab,reactivation,Offer promotional rates for Cash-In to combat Maya competition,medium,pending,2025-08-28T00:00:00,2025-07-21T00:00:00
48055e56-854e-5afa-a296-d4efd8ddd1d6,000da401-5c55-5659-aa15-2f671aacb0af,713b8e42-ca09-58c1-9db4-ab4f3f05fc3c,upsell_product,Investigate declining transaction volume trend,low,pending,2025-08-12T00:00:00,2025-07-21T00:00:00
9d8f4fc2-e203-5cd0-97a7-422079aff768,eb82deaa-92da-5be5-ab42-2c44bcb552b7,48787cb4-04a7-5b80-8148-23b777165705,visit_merchant,Activate GCredit for this merchant to increase transaction volume,high,pending,2025-08-28T00:00:00,2025-07-29T00:00:00
342a35e2-aa4c-5a1e-817a-52854fc04360,19a1cb62-c438-5b8a-835b-381d558aa640,24c3eae6-21de-5fa7-ad75-775edd1167e0,training,Re-engage merchant - no transactions in 14 days,medium,in_progress,2025-08-17T00:00:00,2025-07-20T00:00:00
d34d1be2-0074-5f5c-806b-c5ecd12074c4,43053a5a-68ac-562d-8179-906560683723,7a052b5f-cf18-5b63-91b4-4c385d96d71f,resolve_issue,Resolve merchant complaint about delayed settlements,high,in_progress,2025-08-30T00:00:00,2025-07-19T00:00:00
6747cde6-df87-5631-a59e-bb190d9cc542,09bafe42-8b3d-575e-9484-7efccddcc10d,24c3eae6-21de-5fa7-ad75-775edd1167e0,follow_up,Schedule GSave onboarding session with merchant,medium,completed,2025-08-18T00:00:00,2025-07-31T00:00:00
dc503ae7-0e15-5fea-b275-f15c932b8c08,21c5f5ce-b3d2-5d73-a06e-3d9b872b6ed4,ea60bf00-905e-5abc-b08e-4c17000dd149,reactivation,Provide updated marketing collateral and QR standee,medium,completed,2025-08-23T00:00:00,2025-07-22T00:00:00
8d23139e-4368-5ac9-bac5-4a6af6de167c,26e2623e-c56a-55d8-912f-fab4962ae298,434590a6-0601-5b3c-8768-f7537c77519e,reactivation,Follow up on pending Bills Payment activation,high,pending,2025-08-08T00:00:00,2025-07-28T00:00:00
5ebc6f2a-63bd-560f-97e3-0801c263a424,431d42db-74a5-53d0-8a57-68d40a8244d9,dced9f60-36c3-51a3-a4cd-895dfd671dec,follow_up,Offer promotional rates for Cash-In to combat Maya competition,low,pending,2025-08-18T00:00:00,2025-07-25T00:00:00
a7682e4d-15a6-5e0f-b16e-bbaa17e5d2ad,131766f9-7a95-5c38-89ca-cb3f219ffe8c,229ec319-00c3-5250-afbc-759d6132ee64,visit_merchant,Activate GCredit for this merchant to increase transaction volume,low,pending,2025-08-17T00:00:00,2025-07-24T00:00:00
91ce8a19-cc4f-5fd1-8cce-1b8d1307f5da,a96ae10f-0d82-5156-802a-0b93c66f979c,f81e0179-c82e-5d0d-82b4-c2bf0fde0a92,reactivation,Offer promotional rates for Cash-In to combat Maya competition,medium,pending,2025-08-25T00:00:00,2025-07-21T00:00:00
96223581-a63c-5da3-8231-652841a818fd,9cf0258b-b196-5323-8d6c-3eccbf473c3f,492935f3-f9ee-5d56-b64a-6da8931cf13b,upsell_product,Conduct training on new GInsure products,medium,pending,2025-08-07T00:00:00,2025-07-24T00:00:00
b5549c98-5eb9-543e-9219-b40b5e561744,8e7a61aa-daf6-5080-a843-f322705c0fce,a0ba4c9a-ca4d-55e7-9662-8b384d306f9a,resolve_issue,Resolve merchant complaint about delayed settlements,medium,pending,2025-08-10T00:00:00,2025-07-24T00:00:00
78942067-15f1-5a80-b680-477e2cb65e6c,d38029ff-40eb-5673-b670-dcdf1fd1b2b1,f81e0179-c82e-5d0d-82b4-c2bf0fde0a92,reactivation,Conduct training on new GInsure products,medium,pending,2025-08-26T00:00:00,2025-07-27T00:00:00
346ba914-b8ab-565f-8037-d290b68ba4c4,8631bfeb-7f17-528f-87b9-346379c9787c,24c3eae6-21de-5fa7-ad75-775edd1167e0,visit_merchant,Upsell Buy Load service - high foot traffic area,medium,completed,2025-08-29T00:00:00,2025-07-22T00:00:00
4b1382c3-e40e-5788-bfd6-ad9af07685f0,0542378b-c101-5b65-9cc3-78e0505cd512,60ccfd44-0502-5fa0-8d27-9cc265f1db31,visit_merchant,Investigate declining transaction volume trend,medium,pending,2025-08-16T00:00:00,2025-07-25T00:00:00
c291bf46-54c4-570c-9c49-51c6a74d7deb,7c74deb2-f910-514d-ac23-b4a7a7070cdf,dfba0cf4-e584-5bcd-8343-0655db792844,training,Provide updated marketing collateral and QR standee,medium,completed,2025-08-12T00:00:00,2025-07-19T00:00:00
eee04af7-0253-5169-80cb-ebbf5db9bb68,c2b19867-0e0f-5168-989d-6d69067eb606,214dee86-b858-5e86-aad7-d05cc5d8a623,follow_up,Investigate declining transaction volume trend,medium,completed,2025-08-18T00:00:00,2025-07-29T00:00:00
8628af4c-dcf7-5c17-a779-a66fdad31bea,98847415-a6bc-5eed-9f05-a9af7bd353d4,ea60bf00-905e-5abc-b08e-4c17000dd149,training,Investigate declining transaction volume trend,high,pending,2025-08-23T00:00:00,2025-07-28T00:00:00
6065fe09-dacb-5743-b091-8e3c04670cb6,e6deb5a2-207b-5e2c-b132-d7d06f52b35a,84b924df-189f-5e64-a8c8-056b56e362d0,resolve_issue,Conduct training on new GInsure products,medium,pending,2025-08-13T00:00:00,2025-07-29T00:00:00
3863bb37-b1d6-534b-9025-bed846b2afbc,9cf0258b-b196-5323-8d6c-3eccbf473c3f,492935f3-f9ee-5d56-b64a-6da8931cf13b,follow_up,Schedule GSave onboarding session with merchant,medium,in_progress,2025-08-14T00:00:00,2025-07-20T00:00:00
61320871-9ad9-57ed-ab0e-27d02acc6c3b,c88b8f22-575e-5684-b991-cad56d0f1297,dced9f60-36c3-51a3-a4cd-895dfd671dec,upsell_product,Re-engage merchant - no transactions in 14 days,medium,skipped,2025-08-17T00:00:00,2025-07-26T00:00:00
b0ce67fb-2b08-59ad-aa7c-70f12d261f8f,f54ee33a-a490-55e7-bcfe-bbd885822d51,1c629fb9-bb65-504f-8efa-b901acda8a1d,visit_merchant,Resolve merchant complaint about delayed settlements,high,in_progress,2025-08-21T00:00:00,2025-07-20T00:00:00
2adbc158-5a1a-52e9-a7bf-7507ed4aefeb,719962a7-20db-5986-ae72-a3679ddc032c,214dee86-b858-5e86-aad7-d05cc5d8a623,resolve_issue,Upsell Buy Load service - high foot traffic area,medium,pending,2025-08-08T00:00:00,2025-07-31T00:00:00
3bb6cd74-1c26-5a88-8198-0b4c9f79b614,98a31b9f-9ad9-5616-9b27-939d6a0c34cb,ea60bf00-905e-5abc-b08e-4c17000dd149,training,Provide updated marketing collateral and QR standee,medium,completed,2025-08-29T00:00:00,2025-07-31T00:00:00
50de71f5-e900-53c4-9e67-7eba485169f2,1de8eb26-658d-5bda-8231-059687db880b,dced9f60-36c3-51a3-a4cd-895dfd671dec,visit_merchant,Conduct training on new GInsure products,medium,completed,2025-08-21T00:00:00,2025-07-25T00:00:00
4ed6782d-81ce-52db-a6ce-ad0a1fccd34a,404af27b-67ac-5e84-a776-383c2bfffbe1,8086f1f4-673d-5987-81b0-8f204dbfd2ab,follow_up,Provide updated marketing collateral and QR standee,low,skipped,2025-08-22T00:00:00,2025-07-27T00:00:00
672fdb90-e679-5db1-ae7f-ed60a500e59a,2887b52d-8879-502a-bd29-4c26c293190f,1208ec90-8992-569c-9143-a14b6d5727e9,upsell_product,Re-engage merchant - no transactions in 14 days,high,skipped,2025-08-28T00:00:00,2025-07-29T00:00:00
2927999a-3f1b-5f38-bbd5-5c2255c1aee2,c2d2722b-2c85-5252-99d7-1c2718256d74,15e1ebab-b0bf-514c-8405-61b9a3993057,resolve_issue,Follow up on pending Bills Payment activation,low,pending,2025-08-26T00:00:00,2025-07-29T00:00:00
f407f288-b970-55f3-abf1-f01be1e70ac8,8371403f-f987-56ac-973a-2b21e4d9d0cd,84b924df-189f-5e64-a8c8-056b56e362d0,resolve_issue,Conduct training on new GInsure products,high,completed,2025-08-22T00:00:00,2025-07-29T00:00:00
cc4cb0cc-d202-55cb-b494-7bcb71c02f2e,d07c4afd-0945-5bc3-be6f-f3bbc4e34385,1c629fb9-bb65-504f-8efa-b901acda8a1d,upsell_product,Offer promotional rates for Cash-In to combat Maya competition,high,pending,2025-08-29T00:00:00,2025-07-28T00:00:00
e353218f-ffb0-52a4-bbf6-78056a1901d4,1a2cc6bd-3f5c-5b1d-bf24-5f67f32471d9,ea60bf00-905e-5abc-b08e-4c17000dd149,follow_up,Follow up on pending Bills Payment activation,high,completed,2025-08-15T00:00:00,2025-07-30T00:00:00
c0df169c-aeb0-50db-810f-a469f6051405,ac993bd2-ecef-58bc-b1d9-91067cf856f6,d9bae779-a771-5de7-a713-f7d02913bd5b,reactivation,Resolve merchant complaint about delayed settlements,medium,skipped,2025-08-19T00:00:00,2025-07-18T00:00:00
98b2fd3a-9da2-5869-b434-39189ae960e2,81f09c34-379c-5c48-920c-966e2067fe0c,48787cb4-04a7-5b80-8148-23b777165705,reactivation,Upsell Buy Load service - high foot traffic area,medium,completed,2025-08-11T00:00:00,2025-08-01T00:00:00
a457e210-edb3-58b0-a9ff-78a631e4673d,ef06c2cd-3f07-5cac-9769-02f0b83cbd69,fbcd212e-451d-5600-a271-8fec64b3a9b9,upsell_product,Activate GCredit for this merchant to increase transaction volume,low,skipped,2025-08-03T00:00:00,2025-07-23T00:00:00
48281def-1321-58cb-a47e-c3e67f058448,3fb91aa2-a34c-52ce-af0c-7d60ea25185f,bcf1d1e0-afa3-56df-89af-e879b7a6a0d2,upsell_product,Schedule GSave onboarding session with merchant,medium,completed,2025-08-28T00:00:00,2025-08-01T00:00:00
65567814-d294-574d-b459-bafd4bc1a7d4,9ccdde10-07fa-5428-809e-ef951a061c25,1c4e1934-fdf0-56a8-938c-7c2c04e9fac2,upsell_product,Investigate declining transaction volume trend,high,pending,2025-08-21T00:00:00,2025-07-27T00:00:00
93c998b6-ef64-5e72-bd60-4d73895ae254,8861cd2e-b193-51b3-8310-498a0c7ecaa0,d9bae779-a771-5de7-a713-f7d02913bd5b,resolve_issue,Re-engage merchant - no transactions in 14 days,medium,skipped,2025-08-18T00:00:00,2025-07-28T00:00:00
a3e3d25d-d897-55c0-9585-bb0ea09c3807,94dbc777-5f73-54ae-a008-26026528a42a,25c743f6-6b99-5904-8a4a-4b29b700d9e7,resolve_issue,Re-engage merchant - no transactions in 14 days,medium,pending,2025-08-06T00:00:00,2025-07-24T00:00:00
d7430d77-fcfb-57da-86d9-30c752b7e534,0ba00c7e-2d91-5872-bbbb-f7a769d4d1f8,e06691ef-a8bb-5f87-8c9e-c3e0b896f324,upsell_product,Investigate declining transaction volume trend,medium,pending,2025-08-10T00:00:00,2025-07-21T00:00:00
d238fc8c-0417-581e-b09a-5fd86cc0c2c1,c5bb2260-aa80-516e-aa4a-2fe1f6eaf1d1,a0ba4c9a-ca4d-55e7-9662-8b384d306f9a,follow_up,Re-engage merchant - no transactions in 14 days,medium,pending,2025-08-23T00:00:00,2025-07-28T00:00:00
3c545377-9e74-561f-bc9c-f25eda5c188c,16515985-00e6-538a-be14-4428d2229892,48787cb4-04a7-5b80-8148-23b777165705,training,Conduct training on new GInsure products,medium,in_progress,2025-08-08T00:00:00,2025-07-28T00:00:00
c31cf2c0-cfd3-5a64-a2df-620cde1d15d4,2569b207-63d9-5d61-acdf-5e2b83e894da,b21aa617-83df-5e76-b78c-67561698ba56,follow_up,Offer promotional rates for Cash-In to combat Maya competition,medium,pending,2025-08-30T00:00:00,2025-07-27T00:00:00
95d06032-2c80-5224-b4ee-1a97ccf218f0,44ce25f2-1034-5721-93ec-4bf383dbfd9b,1c4e1934-fdf0-56a8-938c-7c2c04e9fac2,visit_merchant,Conduct training on new GInsure products,high,in_progress,2025-08-13T00:00:00,2025-07-30T00:00:00
e98b86c8-4cc6-56d8-8f7f-068374c7b6dc,1ac54af3-5707-5492-aee2-05ef12942473,7ff0bab0-c69b-54d0-86a2-99ea2da3e58c,training,Follow up on pending Bills Payment activation,medium,pending,2025-08-26T00:00:00,2025-08-01T00:00:00
8de6c833-7a6c-5922-9773-424cf0c3e73a,85aa98f4-084b-5288-9dbb-124f2d9ea885,b21aa617-83df-5e76-b78c-67561698ba56,reactivation,Activate GCredit for this merchant to increase transaction volume,high,pending,2025-08-16T00:00:00,2025-07-29T00:00:00
a979b845-c377-5159-b3e1-977ffd65f5fa,13860416-cfcd-5aa8-ac90-096ab9677e84,713b8e42-ca09-58c1-9db4-ab4f3f05fc3c,training,Resolve merchant complaint about delayed settlements,medium,pending,2025-08-25T00:00:00,2025-07-22T00:00:00
f071a4aa-0746-54f8-8ff1-a2a4f2cd3f6d,eccf8f2f-74c8-5c68-974f-0bc7901dab2c,ea60bf00-905e-5abc-b08e-4c17000dd149,visit_merchant,Conduct training on new GInsure products,high,completed,2025-08-18T00:00:00,2025-07-19T00:00:00
2a2982cc-f604-5fb4-b4b7-d184eb5de2e9,a07d29f4-fe3f-58dd-94b4-6903c65af63c,dced9f60-36c3-51a3-a4cd-895dfd671dec,follow_up,Investigate declining transaction volume trend,high,skipped,2025-08-31T00:00:00,2025-07-24T00:00:00
a9ec17b6-6fad-5d40-97a1-8e05908a2bd0,32ed98e8-ef2a-5f24-bc15-fd72abe8c1a1,a0ba4c9a-ca4d-55e7-9662-8b384d306f9a,reactivation,Investigate declining transaction volume trend,medium,pending,2025-08-23T00:00:00,2025-07-24T00:00:00
c92597c7-bd85-50c7-a723-2d5201f065e0,09df7e8b-c85e-5c27-bf69-3d07dd695adc,adf43fc2-e637-5500-8a6b-8a40e079d07c,reactivation,Investigate declining transaction volume trend,medium,pending,2025-08-12T00:00:00,2025-07-26T00:00:00
de623d48-ba5d-5ae0-8e66-782cf17e1cda,ef06c2cd-3f07-5cac-9769-02f0b83cbd69,fbcd212e-451d-5600-a271-8fec64b3a9b9,upsell_product,Activate GCredit for this merchant to increase transaction volume,high,pending,2025-08-22T00:00:00,2025-07-20T00:00:00
0e2f4384-02c7-52fd-b060-d27142ab0a7a,2f0d50fa-61c5-5f65-85cf-5797db775a40,7c9704d9-8185-57b1-bf6a-de200c4e2109,upsell_product,Re-engage merchant - no transactions in 14 days,medium,in_progress,2025-08-13T00:00:00,2025-07-22T00:00:00
c0c8ffd6-2237-5356-8fb1-b5d1f6958f2f,47dd943b-3a59-5885-831f-5b9a7f3b9396,dced9f60-36c3-51a3-a4cd-895dfd671dec,training,Offer promotional rates for Cash-In to combat Maya competition,medium,skipped,2025-08-17T00:00:00,2025-07-21T00:00:00
d6ce15c6-73b7-51ff-a8cc-5a097b6fffbc,1a77d982-a47b-58a0-bd2b-de19d4248d2a,bcf1d1e0-afa3-56df-89af-e879b7a6a0d2,follow_up,Re-engage merchant - no transactions in 14 days,low,pending,2025-08-25T00:00:00,2025-07-23T00:00:00
d7424585-5be6-5467-8962-5cb4ed8eb31a,a0950ab7-a898-57b4-b91b-7881080f21db,374e0ccd-4366-597f-b5c3-6d60795d3480,visit_merchant,Upsell Buy Load service - high foot traffic area,medium,pending,2025-08-28T00:00:00,2025-07-22T00:00:00
cbf20b7e-5a44-51bb-a6d7-34288148d78e,c343505d-ffa6-524a-9eb3-aca0ca377424,bcf1d1e0-afa3-56df-89af-e879b7a6a0d2,follow_up,Follow up on pending Bills Payment activation,low,completed,2025-08-23T00:00:00,2025-07-20T00:00:00
7261600b-5d06-58c5-9ea8-abeb4d0c03fd,5c673601-1bdd-5b0a-92c8-2fe43124c690,229ec319-00c3-5250-afbc-759d6132ee64,training,Upsell Buy Load service - high foot traffic area,medium,completed,2025-08-03T00:00:00,2025-07-20T00:00:00
717218db-a435-5c9b-ae75-966358454f31,1cfa69ba-72bf-5b6a-a929-257b367e3009,b21aa617-83df-5e76-b78c-67561698ba56,upsell_product,Provide updated marketing collateral and QR standee,medium,pending,2025-08-02T00:00:00,2025-07-29T00:00:00
f26e695a-04dd-5c12-8831-4cc1b6bc185b,9a997c40-6e32-50f9-860c-11083db0283c,adf43fc2-e637-5500-8a6b-8a40e079d07c,reactivation,Provide updated marketing collateral and QR standee,medium,pending,2025-08-16T00:00:00,2025-07-21T00:00:00
42f550b7-c992-5912-af50-96b0268f5f7d,75bbd7eb-0476-5f46-9b01-32c25a4774e3,b21aa617-83df-5e76-b78c-67561698ba56,reactivation,Upsell Buy Load service - high foot traffic area,high,pending,2025-08-26T00:00:00,2025-07-19T00:00:00
9a1d7cd4-9983-5c10-b43a-817312bd79d6,216c274e-2c70-50d1-bfaf-4b7cfcef9292,fbcd212e-451d-5600-a271-8fec64b3a9b9,visit_merchant,Provide updated marketing collateral and QR standee,high,in_progress,2025-08-29T00:00:00,2025-07-23T00:00:00
38445f5c-cc75-5dab-9eae-4c5d2dc17661,b788ae1f-d5be-5ee9-b9cb-a14e4df00051,23fca699-b0f6-528a-8efe-52e28bb1b8b0,visit_merchant,Resolve merchant complaint about delayed settlements,medium,skipped,2025-08-08T00:00:00,2025-07-23T00:00:00
fd0af528-3c01-5b81-9a77-64c692584d4f,38a1a40d-329f-57f3-9cd9-b0a08e6a7b64,c928179a-f72b-50f2-bd6c-8efebcd2d268,training,Follow up on pending Bills Payment activation,medium,pending,2025-08-22T00:00:00,2025-07-21T00:00:00
c3f0026d-2505-5a67-b782-49756b04d666,1893853f-90b4-5018-a7fd-bd61bf9f2ee4,229ec319-00c3-5250-afbc-759d6132ee64,visit_merchant,Provide updated marketing collateral and QR standee,low,completed,2025-08-07T00:00:00,2025-07-27T00:00:00
a44d788f-35af-53ff-a9a4-4dbb2399f48e,a361cc24-04c7-5dd9-a3c2-8f4419960dbb,c529bf79-90d3-5602-9399-40738335c242,training,Upsell Buy Load service - high foot traffic area,medium,pending,2025-08-28T00:00:00,2025-07-19T00:00:00
baf89744-4434-527d-b502-2b430e7107df,a88d88af-877f-56c1-9477-69b5f3181ec4,f81e0179-c82e-5d0d-82b4-c2bf0fde0a92,reactivation,Resolve merchant complaint about delayed settlements,low,pending,2025-08-25T00:00:00,2025-07-18T00:00:00
2a0902c5-7192-550f-a673-ad97973c8a29,75bbd7eb-0476-5f46-9b01-32c25a4774e3,b21aa617-83df-5e76-b78c-67561698ba56,upsell_product,Provide updated marketing collateral and QR standee,medium,pending,2025-08-19T00:00:00,2025-07-28T00:00:00
d9abfce7-9ac5-5f8e-814c-07611684d71a,3e9833ae-27e7-5954-985e-5192185af74b,bcf1d1e0-afa3-56df-89af-e879b7a6a0d2,follow_up,Schedule GSave onboarding session with merchant,low,skipped,2025-08-10T00:00:00,2025-07-25T00:00:00
b97a4d9d-2727-504b-8dd8-10f7b43bf7f0,7829c712-e5e1-586e-bd76-b80949808b10,84b924df-189f-5e64-a8c8-056b56e362d0,training,Re-engage merchant - no transactions in 14 days,high,in_progress,2025-08-10T00:00:00,2025-07-31T00:00:00
ccbcc438-c644-5d60-a1e1-7a1dc3cda730,6a536aa5-84b3-5994-9693-3f54ec998ced,b2f279e6-14b4-5a5c-aadc-0b5ab2dd4e7a,reactivation,Offer promotional rates for Cash-In to combat Maya competition,medium,pending,2025-08-22T00:00:00,2025-07-24T00:00:00
f0606e3c-c753-5c0d-b5d9-180e92bac3aa,b7416f3c-4e1c-5231-9f5c-d4b36aef8c69,adf43fc2-e637-5500-8a6b-8a40e079d07c,training,Resolve merchant complaint about delayed settlements,low,completed,2025-08-11T00:00:00,2025-07-31T00:00:00
2e5f7442-14a5-5450-9c54-f71a6843e632,6409d22c-88a1-5681-86c8-da655632ac52,7ff0bab0-c69b-54d0-86a2-99ea2da3e58c,training,Schedule GSave onboarding session with merchant,low,completed,2025-08-14T00:00:00,2025-07-24T00:00:00
ff7dc07c-0a96-5020-9321-57a189e865a2,48960618-a551-5a8c-bbbb-0249881e9ac3,adf43fc2-e637-5500-8a6b-8a40e079d07c,upsell_product,Resolve merchant complaint about delayed settlements,medium,pending,2025-08-13T00:00:00,2025-07-27T00:00:00
09d1d492-8c3a-54fe-b7c8-bbbcc234387d,79f6bc28-8fb5-5667-8083-4cb80dc0d83d,492935f3-f9ee-5d56-b64a-6da8931cf13b,reactivation,Schedule GSave onboarding session with merchant,high,in_progress,2025-08-19T00:00:00,2025-07-26T00:00:00
5937b9be-4ecc-5f14-98b1-abe79f113fbc,b5fc8288-b9e8-5d46-8a57-1c98dd1ec87c,1c4e1934-fdf0-56a8-938c-7c2c04e9fac2,resolve_issue,Conduct training on new GInsure products,high,completed,2025-08-09T00:00:00,2025-07-27T00:00:00
291336a8-f419-50fb-919b-0c18e1bd1230,98a2cd8f-27f3-54b3-a80a-10e08de1d82c,adf43fc2-e637-5500-8a6b-8a40e079d07c,reactivation,Offer promotional rates for Cash-In to combat Maya competition,high,completed,2025-08-23T00:00:00,2025-07-27T00:00:00
0087032b-6fcd-5615-af63-b166e251efec,d4110a62-ffba-5869-9a5f-f35bb8faebaf,c928179a-f72b-50f2-bd6c-8efebcd2d268,visit_merchant,Resolve merchant complaint about delayed settlements,medium,completed,2025-08-10T00:00:00,2025-07-31T00:00:00
22f27d1a-86ab-5221-a55b-bab9682bc8d2,09bafe42-8b3d-575e-9484-7efccddcc10d,24c3eae6-21de-5fa7-ad75-775edd1167e0,resolve_issue,Provide updated marketing collateral and QR standee,low,skipped,2025-08-03T00:00:00,2025-07-19T00:00:00
e6da49e2-84dc-541c-b820-6a976732f2f0,dfd8191b-b887-5fbd-82b6-28453104ddd5,b21aa617-83df-5e76-b78c-67561698ba56,resolve_issue,Investigate declining transaction volume trend,medium,completed,2025-08-17T00:00:00,2025-07-24T00:00:00
13e3802c-94ea-54b8-aea3-845ed735ac7a,e57c321f-fc53-5891-b40b-dcf58abda3d0,c529bf79-90d3-5602-9399-40738335c242,resolve_issue,Follow up on pending Bills Payment activation,low,in_progress,2025-08-19T00:00:00,2025-07-28T00:00:00
35c83ca0-d331-529f-98c2-702708e8e5fb,c2185795-2f9f-544b-a577-334174be914d,7a052b5f-cf18-5b63-91b4-4c385d96d71f,training,Offer promotional rates for Cash-In to combat Maya competition,medium,completed,2025-08-25T00:00:00,2025-07-21T00:00:00
d23afd65-49e8-5f58-a9b4-1c57b9d5168b,7944d169-47e3-5be3-8e6e-48cb0be22ca0,adf43fc2-e637-5500-8a6b-8a40e079d07c,visit_merchant,Re-engage merchant - no transactions in 14 days,medium,pending,2025-08-18T00:00:00,2025-07-30T00:00:00
dadbba88-65f6-5d44-9bf4-52bb811460bf,ddc63cec-f08f-5452-ae9b-e788dec170e9,229ec319-00c3-5250-afbc-759d6132ee64,training,Offer promotional rates for Cash-In to combat Maya competition,low,completed,2025-08-27T00:00:00,2025-07-20T00:00:00
d077101c-9761-5179-9099-4e392be1b9c4,81f09c34-379c-5c48-920c-966e2067fe0c,48787cb4-04a7-5b80-8148-23b777165705,training,Upsell Buy Load service - high foot traffic area,medium,pending,2025-08-21T00:00:00,2025-07-28T00:00:00
4905df7d-656f-5c74-8afd-a432cbea000b,293e698d-212e-511a-9515-6d61fdc1b3a5,60ccfd44-0502-5fa0-8d27-9cc265f1db31,follow_up,Activate GCredit for this merchant to increase transaction volume,high,pending,2025-08-14T00:00:00,2025-07-22T00:00:00
f64d8357-4939-5afd-b262-9c659ede1687,f8d90075-3eef-57df-8330-23687233e1a4,ea60bf00-905e-5abc-b08e-4c17000dd149,training,Schedule GSave onboarding session with merchant,medium,in_progress,2025-08-11T00:00:00,2025-07-29T00:00:00
76135fad-fe77-5dbb-ad7e-121cc11d09ac,84323f21-f647-5a41-808b-fa4dc0d9e656,fbcd212e-451d-5600-a271-8fec64b3a9b9,upsell_product,Upsell Buy Load service - high foot traffic area,low,pending,2025-08-22T00:00:00,2025-08-01T00:00:00
55636bef-a728-5741-b93a-caceaa3e5bab,f9569bdd-9e7d-5f01-aca2-61d5ecfe9a55,7c9704d9-8185-57b1-bf6a-de200c4e2109,resolve_issue,Provide updated marketing collateral and QR standee,high,pending,2025-08-25T00:00:00,2025-07-22T00:00:00
23071b5b-c04e-5904-af32-f74626427607,48960618-a551-5a8c-bbbb-0249881e9ac3,adf43fc2-e637-5500-8a6b-8a40e079d07c,resolve_issue,Resolve merchant complaint about delayed settlements,medium,pending,2025-08-14T00:00:00,2025-07-29T00:00:00
fe9197c6-15dd-5f5f-b165-289138b707d4,8076fa57-7ade-519b-9286-8f0c1ab37ca0,c529bf79-90d3-5602-9399-40738335c242,visit_merchant,Re-engage merchant - no transactions in 14 days,medium,skipped,2025-08-11T00:00:00,2025-08-01T00:00:00
17c03b0a-c13a-580e-9679-30ba76e56565,26cfb47a-1770-50c0-93c0-1902e1383ecb,bcf1d1e0-afa3-56df-89af-e879b7a6a0d2,resolve_issue,Schedule GSave onboarding session with merchant,medium,in_progress,2025-08-24T00:00:00,2025-07-29T00:00:00
abc74fa0-1ea1-5082-b338-6024f8d6ff55,0d06dc6f-2b54-5b8b-b8fe-2793f7ab5d61,1c4e1934-fdf0-56a8-938c-7c2c04e9fac2,reactivation,Provide updated marketing collateral and QR standee,medium,skipped,2025-08-31T00:00:00,2025-07-27T00:00:00
21784fbe-6660-5c5e-8915-970318e28a31,02520a14-3e5c-5475-a61e-0be9e3abb5de,214dee86-b858-5e86-aad7-d05cc5d8a623,visit_merchant,Conduct training on new GInsure products,high,in_progress,2025-08-24T00:00:00,2025-07-30T00:00:00
ebf48042-9542-57c6-8efe-5d36e8c0fa22,2b2b8257-7f77-5d25-ab57-d18db979fe94,24c3eae6-21de-5fa7-ad75-775edd1167e0,resolve_issue,Investigate declining transaction volume trend,low,pending,2025-08-13T00:00:00,2025-07-18T00:00:00
bd4fde01-0abe-5228-8154-176766778e55,785169b9-83da-56d2-a59b-04e35cf4bb01,54684399-5e5a-54ab-a9b2-5e8ff35f0223,resolve_issue,Investigate declining transaction volume trend,medium,completed,2025-08-10T00:00:00,2025-07-19T00:00:00
89367d74-0808-592c-aa1b-663bfa05d98a,d0919697-1853-5240-b9fa-4b67ef68111e,ea60bf00-905e-5abc-b08e-4c17000dd149,reactivation,Investigate declining transaction volume trend,medium,completed,2025-08-17T00:00:00,2025-07-27T00:00:00
ff9b767d-1086-543d-b1f5-85b78986abe3,7829c712-e5e1-586e-bd76-b80949808b10,84b924df-189f-5e64-a8c8-056b56e362d0,visit_merchant,Conduct training on new GInsure products,medium,pending,2025-08-03T00:00:00,2025-07-20T00:00:00
62eb61a9-c80b-5fb7-a8c0-8b8589c65508,cb031250-ce8d-5084-ace6-ba86139aa6b1,374e0ccd-4366-597f-b5c3-6d60795d3480,visit_merchant,Resolve merchant complaint about delayed settlements,medium,pending,2025-08-08T00:00:00,2025-07-20T00:00:00
810b951f-c594-5bfc-9bb8-2b885c5a88b1,df28fc2b-8725-5f9f-b07b-689682471c74,dfba0cf4-e584-5bcd-8343-0655db792844,reactivation,Resolve merchant complaint about delayed settlements,low,pending,2025-08-24T00:00:00,2025-07-21T00:00:00
c7f683d3-5d23-5b89-b295-6ed852321a8b,d0bfe50b-b011-596c-bab6-e071945ae144,ea60bf00-905e-5abc-b08e-4c17000dd149,follow_up,Provide updated marketing collateral and QR standee,low,in_progress,2025-08-24T00:00:00,2025-07-27T00:00:00
99a53486-1c8d-57b9-9b92-ced40f8ac406,a39d0783-2b40-5751-bde2-5aebb6de1679,713b8e42-ca09-58c1-9db4-ab4f3f05fc3c,reactivation,Schedule GSave onboarding session with merchant,medium,pending,2025-08-06T00:00:00,2025-07-20T00:00:00
da00627b-a5e2-5828-819e-d58a3c0c056e,c5bb2260-aa80-516e-aa4a-2fe1f6eaf1d1,a0ba4c9a-ca4d-55e7-9662-8b384d306f9a,upsell_product,Conduct training on new GInsure products,high,pending,2025-08-07T00:00:00,2025-08-01T00:00:00
c88bcf97-3d37-527c-b360-cf36f28d0447,6c486d84-abcb-58a9-a7db-ff516a80a68c,229ec319-00c3-5250-afbc-759d6132ee64,training,Offer promotional rates for Cash-In to combat Maya competition,medium,pending,2025-08-08T00:00:00,2025-07-29T00:00:00
b3d41339-86c9-50a9-8415-e44e3fa638ef,ec51a59e-c5e4-514b-9501-31ac0d1e80ca,1c4e1934-fdf0-56a8-938c-7c2c04e9fac2,training,Activate GCredit for this merchant to increase transaction volume,high,completed,2025-08-14T00:00:00,2025-07-27T00:00:00
9aa8611d-7cc9-5df1-a6b7-080b1d0d4864,86b6bd00-fb39-51c8-a057-02c9ad460a8b,15e1ebab-b0bf-514c-8405-61b9a3993057,upsell_product,Offer promotional rates for Cash-In to combat Maya competition,high,pending,2025-08-15T00:00:00,2025-07-29T00:00:00
f82b9fa1-e1f9-5b35-8388-bd0c02246af9,e3aa2c03-d2ea-56ba-8cfd-684d1385ff06,c928179a-f72b-50f2-bd6c-8efebcd2d268,reactivation,Investigate declining transaction volume trend,high,skipped,2025-08-31T00:00:00,2025-07-31T00:00:00
ba10e926-ee33-5d64-adf7-a67e22d8b38f,6674b5c4-5676-5e15-a60b-247a96538cee,24c3eae6-21de-5fa7-ad75-775edd1167e0,visit_merchant,Schedule GSave onboarding session with merchant,high,pending,2025-08-29T00:00:00,2025-07-18T00:00:00
4098293f-e153-52a3-8c48-8d0e6d0c2b78,d4110a62-ffba-5869-9a5f-f35bb8faebaf,c928179a-f72b-50f2-bd6c-8efebcd2d268,follow_up,Schedule GSave onboarding session with merchant,medium,skipped,2025-08-29T00:00:00,2025-07-24T00:00:00
da07f4c8-42f6-5022-ab1f-de073f0e7bc9,59e64bea-9720-5d74-82b3-275489371706,dced9f60-36c3-51a3-a4cd-895dfd671dec,resolve_issue,Schedule GSave onboarding session with merchant,low,in_progress,2025-08-26T00:00:00,2025-08-01T00:00:00
38632ce0-4081-542e-badb-aa855046308b,41b80fd9-6858-5727-804d-3446f9b1f4cd,84b924df-189f-5e64-a8c8-056b56e362d0,reactivation,Offer promotional rates for Cash-In to combat Maya competition,medium,skipped,2025-08-04T00:00:00,2025-07-31T00:00:00
4ca634cd-789f-598f-9142-017badd8f3e3,98847415-a6bc-5eed-9f05-a9af7bd353d4,ea60bf00-905e-5abc-b08e-4c17000dd149,reactivation,Schedule GSave onboarding session with merchant,low,completed,2025-08-23T00:00:00,2025-08-01T00:00:00
bef7c285-bc5e-59cd-95ba-9898b67b39e5,36850526-5951-520a-b33e-b34aa3a8d24c,7c9704d9-8185-57b1-bf6a-de200c4e2109,training,Re-engage merchant - no transactions in 14 days,high,pending,2025-08-05T00:00:00,2025-07-20T00:00:00
2a447384-a977-5900-8819-0ee6977cd394,4ed02a76-d194-55d0-b915-c6b2e0852190,1208ec90-8992-569c-9143-a14b6d5727e9,resolve_issue,Activate GCredit for this merchant to increase transaction volume,high,skipped,2025-08-25T00:00:00,2025-07-27T00:00:00
c22936c2-da37-55ce-952e-f687c878da07,770b1207-0d01-5fd9-9d2b-0c0d2ffad9d3,214dee86-b858-5e86-aad7-d05cc5d8a623,training,Re-engage merchant - no transactions in 14 days,medium,pending,2025-08-11T00:00:00,2025-07-22T00:00:00
447a485e-599d-5c35-b037-b51198a8cf95,7944d169-47e3-5be3-8e6e-48cb0be22ca0,adf43fc2-e637-5500-8a6b-8a40e079d07c,resolve_issue,Conduct training on new GInsure products,high,in_progress,2025-08-03T00:00:00,2025-07-25T00:00:00
6cbcbc78-482a-59ab-a2ce-11914201b1f8,4d4de468-cb98-567b-b2ce-4ed1afd3bb0c,dced9f60-36c3-51a3-a4cd-895dfd671dec,training,Offer promotional rates for Cash-In to combat Maya competition,high,completed,2025-08-20T00:00:00,2025-07-28T00:00:00
26c2412c-e600-5de3-a5e7-18835e9a5ed4,76a66565-6464-5b17-aaad-6730bfd4b656,a0ba4c9a-ca4d-55e7-9662-8b384d306f9a,visit_merchant,Resolve merchant complaint about delayed settlements,medium,completed,2025-08-19T00:00:00,2025-07-26T00:00:00
ca00fe30-620d-5e7d-859b-73f4b552c4b4,05ab51ed-f003-5289-bd9e-af9a503b5531,48787cb4-04a7-5b80-8148-23b777165705,resolve_issue,Schedule GSave onboarding session with merchant,high,in_progress,2025-08-14T00:00:00,2025-07-24T00:00:00
4d63f226-3971-5999-b7ed-a1229b655e81,7340d2cf-294d-5438-b864-87ff6efcd726,e06691ef-a8bb-5f87-8c9e-c3e0b896f324,visit_merchant,Offer promotional rates for Cash-In to combat Maya competition,medium,completed,2025-08-16T00:00:00,2025-07-28T00:00:00
59649cc5-0e19-502f-8a44-80d708623e96,ac14c3e0-6e9d-5a93-baeb-fede0efa3e80,229ec319-00c3-5250-afbc-759d6132ee64,upsell_product,Follow up on pending Bills Payment activation,medium,completed,2025-08-02T00:00:00,2025-07-21T00:00:00
10624485-7c95-5bf6-88bf-2a9137701cf2,a07d29f4-fe3f-58dd-94b4-6903c65af63c,dced9f60-36c3-51a3-a4cd-895dfd671dec,resolve_issue,Re-engage merchant - no transactions in 14 days,medium,skipped,2025-08-14T00:00:00,2025-07-23T00:00:00
ad48f63b-cae5-5bcd-8da8-b70a4d37394d,6bf333db-329e-5379-8a87-612548e94afa,434590a6-0601-5b3c-8768-f7537c77519e,visit_merchant,Upsell Buy Load service - high foot traffic area,medium,pending,2025-08-21T00:00:00,2025-07-28T00:00:00
f3c9b8e9-f4b9-5dfe-a7d8-ea68203faeb4,7a33f302-fa11-51fa-856d-1b51059c5adf,214dee86-b858-5e86-aad7-d05cc5d8a623,follow_up,Activate GCredit for this merchant to increase transaction volume,medium,pending,2025-08-16T00:00:00,2025-07-30T00:00:00
35d35aea-25ed-55aa-b606-3047cb75a8c7,22746863-66c2-5148-b1c3-0e496f314a04,9cea72a7-c63b-5718-8f89-cff81ccad510,upsell_product,Conduct training on new GInsure products,high,in_progress,2025-08-31T00:00:00,2025-07-20T00:00:00
4555ca52-8018-539a-af6d-d7194e8bda7c,852f07da-d638-513e-ad8d-6233ee1bb2fb,bcf1d1e0-afa3-56df-89af-e879b7a6a0d2,visit_merchant,Resolve merchant complaint about delayed settlements,medium,skipped,2025-08-14T00:00:00,2025-07-28T00:00:00
d2a73a8b-678a-5d70-a60a-410e6fec89dd,ac993bd2-ecef-58bc-b1d9-91067cf856f6,d9bae779-a771-5de7-a713-f7d02913bd5b,training,Follow up on pending Bills Payment activation,medium,in_progress,2025-08-09T00:00:00,2025-07-30T00:00:00
6d8a7fe3-0747-5076-b4b9-4b1eb05dc432,47622b2b-94cf-5a83-aaaf-ada5db27d918,23fca699-b0f6-528a-8efe-52e28bb1b8b0,training,Upsell Buy Load service - high foot traffic area,high,pending,2025-08-23T00:00:00,2025-07-27T00:00:00
a2392f2d-785d-5741-852e-f93a90cd33de,19778533-d703-59de-af73-a4450c4b9423,492935f3-f9ee-5d56-b64a-6da8931cf13b,upsell_product,Upsell Buy Load service - high foot traffic area,medium,pending,2025-08-03T00:00:00,2025-07-31T00:00:00
0f7a6096-ba4f-5f0c-be3c-321db0963eab,8a91073c-f678-5bb2-8e9b-1cd31b741b64,25c743f6-6b99-5904-8a4a-4b29b700d9e7,visit_merchant,Activate GCredit for this merchant to increase transaction volume,medium,pending,2025-08-05T00:00:00,2025-07-27T00:00:00
45e63251-0cb3-5330-81d2-e56d17e83982,00d8096a-aada-5b64-b477-f912ef968508,7a052b5f-cf18-5b63-91b4-4c385d96d71f,visit_merchant,Investigate declining transaction volume trend,low,completed,2025-08-25T00:00:00,2025-07-22T00:00:00
b712f9d2-5fdb-5ace-ac5e-590126b13c7e,ace29b2c-9a3c-55ba-b730-eb51921adb3e,1208ec90-8992-569c-9143-a14b6d5727e9,reactivation,Investigate declining transaction volume trend,low,completed,2025-08-11T00:00:00,2025-07-22T00:00:00
0d0035dd-0d44-5f75-a35d-8f0b77f450e1,13e9865d-d14f-598f-b083-8b877609cc7c,54684399-5e5a-54ab-a9b2-5e8ff35f0223,visit_merchant,Activate GCredit for this merchant to increase transaction volume,low,in_progress,2025-08-17T00:00:00,2025-07-30T00:00:00
3783b716-f7fd-5a91-8a5f-96a866c7b729,4705e7ec-7a1b-5d42-97a5-ded3b344fb38,60ccfd44-0502-5fa0-8d27-9cc265f1db31,upsell_product,Provide updated marketing collateral and QR standee,high,completed,2025-08-29T00:00:00,2025-07-21T00:00:00
69d0121e-ffcd-579f-8d50-bf7aff3d1718,f9f181b2-4dd1-599e-a863-8fc11c75cfb9,713b8e42-ca09-58c1-9db4-ab4f3f05fc3c,follow_up,Activate GCredit for this merchant to increase transaction volume,high,in_progress,2025-08-22T00:00:00,2025-07-27T00:00:00
4a9ff814-f8c1-5f94-8fc9-49e51add42ed,a98ed541-03fd-5425-8eec-a87c602d2311,1fab32d7-3f51-5470-b5b9-ea72005a2e68,upsell_product,Conduct training on new GInsure products,high,pending,2025-08-10T00:00:00,2025-07-23T00:00:00
b5a26e0f-8d4f-5d05-a304-b581ebab7935,e17250dc-e2ba-525d-9966-1218ff31563b,7ff0bab0-c69b-54d0-86a2-99ea2da3e58c,follow_up,Follow up on pending Bills Payment activation,medium,completed,2025-08-31T00:00:00,2025-07-28T00:00:00
c6c817b2-6b55-5724-a7d8-56d60bafe2d5,1dc44f1a-55d6-5e25-b5ed-116f65034929,1fab32d7-3f51-5470-b5b9-ea72005a2e68,follow_up,Activate GCredit for this merchant to increase transaction volume,high,completed,2025-08-12T00:00:00,2025-07-31T00:00:00
10ad5597-55f4-5667-84f2-f173b9397f56,5fdbf0dc-d4dd-53f4-a882-7339832d9cea,d9bae779-a771-5de7-a713-f7d02913bd5b,visit_merchant,Re-engage merchant - no transactions in 14 days,high,completed,2025-08-23T00:00:00,2025-07-28T00:00:00
9dc5d295-082e-5dad-8e1f-b07575169024,88653dfb-9b9b-5903-b0ba-280d082ac566,d9bae779-a771-5de7-a713-f7d02913bd5b,follow_up,Upsell Buy Load service - high foot traffic area,low,completed,2025-08-24T00:00:00,2025-07-19T00:00:00
77f16daa-5937-5b72-8988-46a1b136bd2e,89e58dd7-8ed1-5fc8-af0c-ff1674e9e8c3,7c9704d9-8185-57b1-bf6a-de200c4e2109,reactivation,Conduct training on new GInsure products,medium,completed,2025-08-16T00:00:00,2025-07-25T00:00:00
2a3cc475-9d3f-5c81-b3ab-b5559e826282,5949f644-2314-559f-a1a0-f3b0dcdd81c9,374e0ccd-4366-597f-b5c3-6d60795d3480,upsell_product,Activate GCredit for this merchant to increase transaction volume,high,skipped,2025-08-12T00:00:00,2025-07-28T00:00:00
7c7def6c-a0eb-534b-8cf5-adbe6ff89941,ac265695-21b9-54fa-950b-c30523bf2e97,214dee86-b858-5e86-aad7-d05cc5d8a623,resolve_issue,Re-engage merchant - no transactions in 14 days,high,skipped,2025-08-08T00:00:00,2025-07-24T00:00:00
919cf6f9-6e6e-58be-9fcf-0f944a14bb3e,efc30d35-191c-5323-9f6e-85fb10804386,bcf1d1e0-afa3-56df-89af-e879b7a6a0d2,resolve_issue,Follow up on pending Bills Payment activation,high,completed,2025-08-26T00:00:00,2025-07-28T00:00:00
b6ad8ecb-9b84-55ad-a09e-3968413012bf,ffb805d1-735a-507b-b330-e0ed0ff00214,8086f1f4-673d-5987-81b0-8f204dbfd2ab,reactivation,Follow up on pending Bills Payment activation,high,completed,2025-08-26T00:00:00,2025-07-23T00:00:00
d61f73c2-18b7-5be9-9b19-d4c456128d22,ac2f36dd-a750-567f-9055-3b273b213591,15e1ebab-b0bf-514c-8405-61b9a3993057,upsell_product,Provide updated marketing collateral and QR standee,medium,completed,2025-08-08T00:00:00,2025-07-20T00:00:00
dc8350ab-dc96-5f99-8b69-98a9abc2ae50,75bbd7eb-0476-5f46-9b01-32c25a4774e3,b21aa617-83df-5e76-b78c-67561698ba56,visit_merchant,Resolve merchant complaint about delayed settlements,high,completed,2025-08-31T00:00:00,2025-07-22T00:00:00
4ce2444d-7c8d-558c-a4f9-61ecd4a7beac,2b2b8257-7f77-5d25-ab57-d18db979fe94,24c3eae6-21de-5fa7-ad75-775edd1167e0,resolve_issue,Investigate declining transaction volume trend,low,completed,2025-08-06T00:00:00,2025-07-24T00:00:00
a7611740-3011-5017-ad3f-c4ebfa741ec8,06ddfe83-8a06-5462-8cc2-d513bb19d779,434590a6-0601-5b3c-8768-f7537c77519e,resolve_issue,Schedule GSave onboarding session with merchant,medium,completed,2025-08-07T00:00:00,2025-07-28T00:00:00
2d8954ef-b1c6-587a-99c6-fc5a3bb7ad95,9b0a2038-f54f-5077-8998-c2c8e6d2ad07,24c3eae6-21de-5fa7-ad75-775edd1167e0,upsell_product,Provide updated marketing collateral and QR standee,high,in_progress,2025-08-11T00:00:00,2025-07-26T00:00:00
2e116f4b-9e75-5c7f-b8c8-921eb904d372,e3e10a9f-b1a4-5603-a96e-9b2afdca93f1,fbcd212e-451d-5600-a271-8fec64b3a9b9,reactivation,Investigate declining transaction volume trend,medium,pending,2025-08-22T00:00:00,2025-07-26T00:00:00
5e6b134d-a821-551e-b011-1d9a9fbde0f7,1fdc8070-ea18-528c-95c6-21bd601556d9,54684399-5e5a-54ab-a9b2-5e8ff35f0223,visit_merchant,Conduct training on new GInsure products,high,completed,2025-08-04T00:00:00,2025-08-01T00:00:00
b83826af-a8f9-5b8e-bd3d-382b764571ba,9cf0258b-b196-5323-8d6c-3eccbf473c3f,492935f3-f9ee-5d56-b64a-6da8931cf13b,follow_up,Schedule GSave onboarding session with merchant,medium,pending,2025-08-29T00:00:00,2025-07-28T00:00:00
a116961f-1811-56a7-a5cf-381256e85c71,732c336e-8d4f-502a-bafe-f1a5f1aa1cd0,54684399-5e5a-54ab-a9b2-5e8ff35f0223,training,Activate GCredit for this merchant to increase transaction volume,medium,skipped,2025-08-03T00:00:00,2025-07-23T00:00:00
e320e292-8018-5298-895c-96e9e563cc81,26edc5ba-88d5-5f4f-a42c-2f38746c506d,c928179a-f72b-50f2-bd6c-8efebcd2d268,follow_up,Re-engage merchant - no transactions in 14 days,medium,in_progress,2025-08-06T00:00:00,2025-07-28T00:00:00
c0d82ee7-ac36-58d3-89bc-147169e79dda,03c210da-6332-53e2-ba4b-a3e540ef0811,fbcd212e-451d-5600-a271-8fec64b3a9b9,training,Offer promotional rates for Cash-In to combat Maya competition,medium,in_progress,2025-08-11T00:00:00,2025-07-22T00:00:00
409c01d0-c3ba-51f6-abf9-7c291845cb37,b74b13ca-301b-5f91-9331-c699ee006367,bcf1d1e0-afa3-56df-89af-e879b7a6a0d2,follow_up,Resolve merchant complaint about delayed settlements,high,completed,2025-08-25T00:00:00,2025-07-31T00:00:00
36f4df5b-c51f-5e2f-a8a7-0e5611a7ab27,7829c712-e5e1-586e-bd76-b80949808b10,84b924df-189f-5e64-a8c8-056b56e362d0,resolve_issue,Upsell Buy Load service - high foot traffic area,high,in_progress,2025-08-16T00:00:00,2025-07-24T00:00:00
f441ad5f-dbc0-5ee5-b0ca-a56bafe17ee8,891e6a23-e1ae-5a69-9572-e8f3a99d8538,c928179a-f72b-50f2-bd6c-8efebcd2d268,visit_merchant,Follow up on pending Bills Payment activation,medium,pending,2025-08-17T00:00:00,2025-07-27T00:00:00
8c73ab66-e3c3-55d8-9e2e-34b546005bec,9bdc9e38-c690-5ecf-94a5-a6227e33ac59,229ec319-00c3-5250-afbc-759d6132ee64,training,Schedule GSave onboarding session with merchant,medium,in_progress,2025-08-24T00:00:00,2025-07-22T00:00:00
c72edd22-133e-543c-a957-94f80e8748f4,049b286b-bc98-5072-af5c-7624b16c23a0,48787cb4-04a7-5b80-8148-23b777165705,upsell_product,Activate GCredit for this merchant to increase transaction volume,high,in_progress,2025-08-31T00:00:00,2025-07-28T00:00:00
77c5d624-a40a-50a1-b9b8-9b10eedb52ee,44c79770-368b-5537-9952-7170040a5301,c928179a-f72b-50f2-bd6c-8efebcd2d268,training,Resolve merchant complaint about delayed settlements,high,pending,2025-08-05T00:00:00,2025-07-26T00:00:00
471972b2-7c28-580d-a683-3c69571ab26e,3c93a092-47e6-5c14-bdba-7ccdd461340c,8086f1f4-673d-5987-81b0-8f204dbfd2ab,resolve_issue,Offer promotional rates for Cash-In to combat Maya competition,medium,completed,2025-08-11T00:00:00,2025-07-28T00:00:00
19392fd6-17c7-50dc-a8a6-b52e930bcf33,94db99e7-9cc5-5f1d-b3e1-6eee8657395a,c928179a-f72b-50f2-bd6c-8efebcd2d268,resolve_issue,Provide updated marketing collateral and QR standee,medium,completed,2025-08-15T00:00:00,2025-07-24T00:00:00
5aa3de72-cbda-5030-919c-f4dad3582a52,7c02f579-69f1-5574-84c1-fc512e1649c7,dced9f60-36c3-51a3-a4cd-895dfd671dec,resolve_issue,Offer promotional rates for Cash-In to combat Maya competition,medium,completed,2025-08-03T00:00:00,2025-07-19T00:00:00
d1d1bb5e-4bfd-5dab-9fcc-480d4f26916b,75debe98-25c1-5fce-ad33-a909ca61f313,7c9704d9-8185-57b1-bf6a-de200c4e2109,reactivation,Offer promotional rates for Cash-In to combat Maya competition,high,pending,2025-08-21T00:00:00,2025-07-22T00:00:00
844f84bc-c1f2-5895-b305-5ff35a10dd22,f08a11c8-f9c0-5650-a8c7-d51d9e7f9892,fbcd212e-451d-5600-a271-8fec64b3a9b9,visit_merchant,Activate GCredit for this merchant to increase transaction volume,low,completed,2025-08-28T00:00:00,2025-07-21T00:00:00
edca4a2d-d4d2-5b35-b079-d2573f1f6dbf,578d5b84-5e11-50bd-b68e-24b49a525709,c928179a-f72b-50f2-bd6c-8efebcd2d268,upsell_product,Resolve merchant complaint about delayed settlements,medium,completed,2025-08-08T00:00:00,2025-07-26T00:00:00
54e8ef91-189a-5350-86ce-32eecc445ebd,e069ddab-39fc-5820-b62a-2e0c144713e9,dfba0cf4-e584-5bcd-8343-0655db792844,reactivation,Conduct training on new GInsure products,high,pending,2025-08-19T00:00:00,2025-07-18T00:00:00
e1fb059b-9466-51e6-a221-7bed6735a6d4,89af9edf-f3db-5349-bcb3-f9c543399d2f,adf43fc2-e637-5500-8a6b-8a40e079d07c,resolve_issue,Offer promotional rates for Cash-In to combat Maya competition,medium,in_progress,2025-08-09T00:00:00,2025-07-30T00:00:00
96562951-5e49-5500-afef-378ff43505d5,cb031250-ce8d-5084-ace6-ba86139aa6b1,374e0ccd-4366-597f-b5c3-6d60795d3480,training,Schedule GSave onboarding session with merchant,low,completed,2025-08-08T00:00:00,2025-07-30T00:00:00
e58ff2b9-f860-5fa8-b799-8800b22edd74,dad30c15-97b8-5018-ad17-b718b6e41811,e06691ef-a8bb-5f87-8c9e-c3e0b896f324,visit_merchant,Offer promotional rates for Cash-In to combat Maya competition,low,pending,2025-08-25T00:00:00,2025-07-29T00:00:00
29988dfd-d79d-55c8-8cb2-d65343de140d,e3e10a9f-b1a4-5603-a96e-9b2afdca93f1,fbcd212e-451d-5600-a271-8fec64b3a9b9,training,Provide updated marketing collateral and QR standee,medium,in_progress,2025-08-08T00:00:00,2025-07-28T00:00:00
a794ed9a-e0b7-54fc-ae2a-5ff6db7c654e,2e0b60b9-2f88-5d7d-a78e-a6af6f8de266,ea60bf00-905e-5abc-b08e-4c17000dd149,upsell_product,Provide updated marketing collateral and QR standee,medium,in_progress,2025-08-30T00:00:00,2025-07-23T00:00:00
1a98aec9-82bb-5089-8e8d-79089dedf553,f8d90075-3eef-57df-8330-23687233e1a4,ea60bf00-905e-5abc-b08e-4c17000dd149,follow_up,Investigate declining transaction volume trend,high,skipped,2025-08-02T00:00:00,2025-07-21T00:00:00
36765f36-b815-5517-a20b-cf47176d1f2a,68950370-eb43-5ce9-86dd-1f9acd1f8889,a0ba4c9a-ca4d-55e7-9662-8b384d306f9a,follow_up,Investigate declining transaction volume trend,low,pending,2025-08-27T00:00:00,2025-07-20T00:00:00
0ab1ae13-1d67-5868-abb5-0ac274376fe1,34b0e718-ed93-5127-b156-10001b69be0a,f81e0179-c82e-5d0d-82b4-c2bf0fde0a92,visit_merchant,Provide updated marketing collateral and QR standee,high,skipped,2025-08-15T00:00:00,2025-07-19T00:00:00
a8e48cbc-0daa-5309-a820-0642d3df96fd,249b1448-4b0d-521f-9412-27a70153ee70,dfba0cf4-e584-5bcd-8343-0655db792844,follow_up,Investigate declining transaction volume trend,medium,skipped,2025-08-29T00:00:00,2025-07-19T00:00:00
5615eb2d-8698-51c9-9764-06fc3e708177,ffb805d1-735a-507b-b330-e0ed0ff00214,8086f1f4-673d-5987-81b0-8f204dbfd2ab,follow_up,Follow up on pending Bills Payment activation,high,in_progress,2025-08-09T00:00:00,2025-08-01T00:00:00
3c9f6b4d-4ca8-5b88-b180-ae9b7cf4afd6,f450988d-f69d-5b58-9af3-0c584f675d22,b21aa617-83df-5e76-b78c-67561698ba56,follow_up,Follow up on pending Bills Payment activation,high,completed,2025-08-25T00:00:00,2025-07-25T00:00:00
fb84d527-7d16-5ed6-96a7-05606756a70e,1a28ecf5-3845-5e5c-a83a-367fc406fbca,ea60bf00-905e-5abc-b08e-4c17000dd149,resolve_issue,Investigate declining transaction volume trend,high,in_progress,2025-08-09T00:00:00,2025-07-26T00:00:00
20725ba7-1a33-51e6-af87-9af01d9950ea,8721fe4c-9abb-5bbc-9308-634bc16bf8ef,7a052b5f-cf18-5b63-91b4-4c385d96d71f,follow_up,Upsell Buy Load service - high foot traffic area,low,in_progress,2025-08-15T00:00:00,2025-07-27T00:00:00
86b345e0-b47a-5a12-a5e7-86e3c1acfc60,ead80d95-d1d2-533e-8fd5-2170018d31dc,8086f1f4-673d-5987-81b0-8f204dbfd2ab,training,Provide updated marketing collateral and QR standee,medium,completed,2025-08-15T00:00:00,2025-07-20T00:00:00
8d94587b-2b26-51fa-84fa-677969602522,d1d234d2-2487-57ef-aee2-33e973811c55,7a052b5f-cf18-5b63-91b4-4c385d96d71f,resolve_issue,Investigate declining transaction volume trend,medium,pending,2025-08-20T00:00:00,2025-08-01T00:00:00
3fc6ca1b-7c58-55e5-be1c-74b76b4b7c5d,b4077fc4-2cf7-5ff9-8d68-edb22986e213,9cea72a7-c63b-5718-8f89-cff81ccad510,follow_up,Conduct training on new GInsure products,high,completed,2025-08-20T00:00:00,2025-07-21T00:00:00
184b6d3b-1f14-5722-975c-811062152575,8371403f-f987-56ac-973a-2b21e4d9d0cd,84b924df-189f-5e64-a8c8-056b56e362d0,resolve_issue,Investigate declining transaction volume trend,high,pending,2025-08-22T00:00:00,2025-08-01T00:00:00
da1d46fa-5b10-58ca-ac33-87d8f46cdc35,85aa98f4-084b-5288-9dbb-124f2d9ea885,b21aa617-83df-5e76-b78c-67561698ba56,visit_merchant,Follow up on pending Bills Payment activation,medium,in_progress,2025-08-12T00:00:00,2025-07-30T00:00:00
796ce0e5-d722-51a2-a4ff-3c547fd8e3a4,37f79259-d62e-5c69-afdf-2389be70cc01,434590a6-0601-5b3c-8768-f7537c77519e,upsell_product,Re-engage merchant - no transactions in 14 days,low,in_progress,2025-08-05T00:00:00,2025-07-21T00:00:00
2cef8d3a-db2b-5881-b096-9d03ff7290fe,9e145baf-68a9-50c6-b236-0146cc604c4f,dfba0cf4-e584-5bcd-8343-0655db792844,upsell_product,Conduct training on new GInsure products,low,in_progress,2025-08-19T00:00:00,2025-07-25T00:00:00
0467b847-2909-5b05-8bb0-bffda43f4480,bab5a528-dcce-5960-9f34-718a92058e92,48787cb4-04a7-5b80-8148-23b777165705,training,Provide updated marketing collateral and QR standee,medium,completed,2025-08-11T00:00:00,2025-07-27T00:00:00
74c6d90c-f737-5d86-959e-a84a75148441,341a3bc3-5c02-5d55-a530-3ea9ba9499b5,25c743f6-6b99-5904-8a4a-4b29b700d9e7,follow_up,Provide updated marketing collateral and QR standee,high,skipped,2025-08-13T00:00:00,2025-07-22T00:00:00
4f12b04e-d957-5a14-9111-68c0cad66e3d,b65b3f48-4ed6-560b-93ee-3d05cf7e7fd9,492935f3-f9ee-5d56-b64a-6da8931cf13b,upsell_product,Schedule GSave onboarding session with merchant,high,in_progress,2025-08-07T00:00:00,2025-07-29T00:00:00
0677cb86-bf86-5ba0-b966-f8257fb627f8,6c3f6314-f245-5946-9a2e-ea5fbb951e7f,25c743f6-6b99-5904-8a4a-4b29b700d9e7,follow_up,Offer promotional rates for Cash-In to combat Maya competition,high,completed,2025-08-31T00:00:00,2025-07-30T00:00:00
3fc44388-a770-552b-ada5-7c9e1b3a3020,000da401-5c55-5659-aa15-2f671aacb0af,713b8e42-ca09-58c1-9db4-ab4f3f05fc3c,training,Activate GCredit for this merchant to increase transaction volume,medium,in_progress,2025-08-03T00:00:00,2025-07-31T00:00:00
d0b6aff2-3269-5116-8c8a-e8968bdba962,2aaf552d-1745-5222-8144-d71bd5f70ca7,25c743f6-6b99-5904-8a4a-4b29b700d9e7,upsell_product,Upsell Buy Load service - high foot traffic area,high,pending,2025-08-03T00:00:00,2025-07-25T00:00:00
2095f2a4-40dd-5769-abee-609ebf8a35a4,19ad6550-d1aa-5908-85c6-f7650e2b90ab,7a052b5f-cf18-5b63-91b4-4c385d96d71f,reactivation,Activate GCredit for this merchant to increase transaction volume,medium,pending,2025-08-17T00:00:00,2025-07-21T00:00:00
848f4b15-c00e-507b-b4c6-653bc21325ff,439a175d-5bda-5628-b38b-616bbe987f8b,374e0ccd-4366-597f-b5c3-6d60795d3480,training,Provide updated marketing collateral and QR standee,medium,pending,2025-08-04T00:00:00,2025-07-29T00:00:00
a908ac1a-17d7-5c9d-a991-6526a6d31573,97dedd4a-dfb7-5db8-955c-c13d50ef55cf,b2f279e6-14b4-5a5c-aadc-0b5ab2dd4e7a,visit_merchant,Re-engage merchant - no transactions in 14 days,low,in_progress,2025-08-14T00:00:00,2025-07-19T00:00:00
39268744-19a5-511f-b61e-79d7684e951f,21c5f5ce-b3d2-5d73-a06e-3d9b872b6ed4,ea60bf00-905e-5abc-b08e-4c17000dd149,resolve_issue,Upsell Buy Load service - high foot traffic area,medium,pending,2025-08-30T00:00:00,2025-07-19T00:00:00
513a8287-af4d-576d-8f7d-bb1e5053e1c1,88653dfb-9b9b-5903-b0ba-280d082ac566,d9bae779-a771-5de7-a713-f7d02913bd5b,reactivation,Activate GCredit for this merchant to increase transaction volume,medium,in_progress,2025-08-11T00:00:00,2025-07-28T00:00:00
d16d4c21-bf40-5c66-9f61-1ddf85ee094f,3bcd50f7-f0eb-5174-b1a9-9deab11031da,fbcd212e-451d-5600-a271-8fec64b3a9b9,follow_up,Conduct training on new GInsure products,medium,completed,2025-08-02T00:00:00,2025-07-19T00:00:00
6f5cd17e-ad01-58b2-a138-792c56079fd4,5c673601-1bdd-5b0a-92c8-2fe43124c690,229ec319-00c3-5250-afbc-759d6132ee64,visit_merchant,Upsell Buy Load service - high foot traffic area,low,pending,2025-08-23T00:00:00,2025-07-23T00:00:00
a46cf09c-c418-579b-a1bd-775081232c15,ffb805d1-735a-507b-b330-e0ed0ff00214,8086f1f4-673d-5987-81b0-8f204dbfd2ab,training,Follow up on pending Bills Payment activation,medium,pending,2025-08-21T00:00:00,2025-07-19T00:00:00
86ec8835-3cf2-5dbb-bbc5-3e3d016f1aa8,8f90220a-79b9-5c81-afee-4203687c653b,374e0ccd-4366-597f-b5c3-6d60795d3480,follow_up,Offer promotional rates for Cash-In to combat Maya competition,medium,skipped,2025-08-31T00:00:00,2025-07-31T00:00:00
14b7518c-93d4-58ad-8826-71ce2d93f0b1,88c4d406-580a-520e-93d1-a9491ae16323,7a052b5f-cf18-5b63-91b4-4c385d96d71f,follow_up,Activate GCredit for this merchant to increase transaction volume,high,pending,2025-08-09T00:00:00,2025-07-29T00:00:00
fe4461ea-ec60-5be7-88ec-2b033300be7b,44ce25f2-1034-5721-93ec-4bf383dbfd9b,1c4e1934-fdf0-56a8-938c-7c2c04e9fac2,visit_merchant,Upsell Buy Load service - high foot traffic area,high,pending,2025-08-03T00:00:00,2025-07-25T00:00:00
ffad1cff-706d-508f-8f52-2294eb04a197,6d99347d-0056-57a2-b40b-1c138af83419,1c4e1934-fdf0-56a8-938c-7c2c04e9fac2,training,Conduct training on new GInsure products,medium,skipped,2025-08-14T00:00:00,2025-07-29T00:00:00
49217ece-2d35-5c9f-9c0e-00420a3fd018,08f0ac25-f784-5630-80b7-6da94159ddd7,1fab32d7-3f51-5470-b5b9-ea72005a2e68,reactivation,Provide updated marketing collateral and QR standee,low,pending,2025-08-28T00:00:00,2025-07-27T00:00:00
344423cc-c783-5527-98ea-1a5c032a4f12,abd2d874-8c3d-55b3-b4ab-abad8c49918f,7a052b5f-cf18-5b63-91b4-4c385d96d71f,reactivation,Upsell Buy Load service - high foot traffic area,medium,completed,2025-08-05T00:00:00,2025-07-29T00:00:00
1275136b-1784-5556-ae0a-c5df65c47014,d4110a62-ffba-5869-9a5f-f35bb8faebaf,c928179a-f72b-50f2-bd6c-8efebcd2d268,visit_merchant,Schedule GSave onboarding session with merchant,high,completed,2025-08-19T00:00:00,2025-07-30T00:00:00
71da3a6f-af39-5f1a-bb6a-7d490fc5f70e,a96ae10f-0d82-5156-802a-0b93c66f979c,f81e0179-c82e-5d0d-82b4-c2bf0fde0a92,visit_merchant,Resolve merchant complaint about delayed settlements,medium,pending,2025-08-19T00:00:00,2025-07-30T00:00:00
46e8166d-0fec-5a4a-9c26-e51a4d30b481,b905c365-f86b-5e0a-bea2-7c14bea33ed5,e06691ef-a8bb-5f87-8c9e-c3e0b896f324,visit_merchant,Upsell Buy Load service - high foot traffic area,high,completed,2025-08-19T00:00:00,2025-07-31T00:00:00
aee7f51e-9985-5a26-93f7-a131e62ae8b1,d9f66c50-00e3-50ee-aba1-3b4fbff20621,c529bf79-90d3-5602-9399-40738335c242,upsell_product,Re-engage merchant - no transactions in 14 days,medium,completed,2025-08-11T00:00:00,2025-07-30T00:00:00
050720e4-5614-55d4-83d2-154bdd2aae31,97dedd4a-dfb7-5db8-955c-c13d50ef55cf,b2f279e6-14b4-5a5c-aadc-0b5ab2dd4e7a,follow_up,Schedule GSave onboarding session with merchant,medium,completed,2025-08-28T00:00:00,2025-07-19T00:00:00
569908b2-ef8c-55d4-807b-90637161abc4,af01f3b6-58f8-5da7-b010-4af3143c45bd,1c4e1934-fdf0-56a8-938c-7c2c04e9fac2,upsell_product,Offer promotional rates for Cash-In to combat Maya competition,high,completed,2025-08-16T00:00:00,2025-07-30T00:00:00
4e1e0657-bf93-5af3-93ef-a1b0130d982c,5c673601-1bdd-5b0a-92c8-2fe43124c690,229ec319-00c3-5250-afbc-759d6132ee64,visit_merchant,Activate GCredit for this merchant to increase transaction volume,low,completed,2025-08-20T00:00:00,2025-07-19T00:00:00
0bbcf8c3-2395-5447-a6ab-1182d9d22355,1e441a01-31ff-5104-af05-d712744abbb8,23fca699-b0f6-528a-8efe-52e28bb1b8b0,training,Follow up on pending Bills Payment activation,high,completed,2025-08-06T00:00:00,2025-07-19T00:00:00
0e19c47a-6aaf-5e41-b4e9-271ecf4485d0,8b90dfc0-677d-5c4d-be60-e8c712cad697,374e0ccd-4366-597f-b5c3-6d60795d3480,follow_up,Schedule GSave onboarding session with merchant,medium,pending,2025-08-27T00:00:00,2025-07-18T00:00:00
fc1ef725-ef9d-5686-bc79-9b02af8841c9,f75db975-de2a-5d3f-bbfc-6a7a25a08c3c,8086f1f4-673d-5987-81b0-8f204dbfd2ab,resolve_issue,Provide updated marketing collateral and QR standee,low,completed,2025-08-02T00:00:00,2025-07-30T00:00:00
cd2f7a08-4c9a-5cc6-8dd4-4273a196dd6a,ff2ed324-7a26-5b6b-85e9-88b9f0c9616c,8086f1f4-673d-5987-81b0-8f204dbfd2ab,follow_up,Resolve merchant complaint about delayed settlements,medium,completed,2025-08-17T00:00:00,2025-07-25T00:00:00
e9284b5c-eb74-5a6b-814f-e5b01efe5b01,ac993bd2-ecef-58bc-b1d9-91067cf856f6,d9bae779-a771-5de7-a713-f7d02913bd5b,upsell_product,Upsell Buy Load service - high foot traffic area,high,completed,2025-08-02T00:00:00,2025-07-23T00:00:00
24537481-b3b9-5b5b-aab9-1a136968cfb3,22746863-66c2-5148-b1c3-0e496f314a04,9cea72a7-c63b-5718-8f89-cff81ccad510,training,Follow up on pending Bills Payment activation,high,pending,2025-08-20T00:00:00,2025-07-24T00:00:00
228f5838-0bc9-5a50-80ae-a4d51c206a57,221f7ff2-5f5e-5f69-8a56-904dece85bcb,9cea72a7-c63b-5718-8f89-cff81ccad510,visit_merchant,Activate GCredit for this merchant to increase transaction volume,medium,pending,2025-08-26T00:00:00,2025-07-22T00:00:00
ed046cb9-cf90-594e-b309-673636640157,85aa98f4-084b-5288-9dbb-124f2d9ea885,b21aa617-83df-5e76-b78c-67561698ba56,follow_up,Provide updated marketing collateral and QR standee,medium,skipped,2025-08-12T00:00:00,2025-07-22T00:00:00
14fc2b9d-13ca-5463-86ba-90b31b774ab4,dce5079e-2a1f-5bcf-a06a-c77c37039980,ea60bf00-905e-5abc-b08e-4c17000dd149,resolve_issue,Conduct training on new GInsure products,medium,skipped,2025-08-21T00:00:00,2025-07-26T00:00:00
0373a5c2-3145-5260-8896-d577f7bf4071,9cbc5fcc-accd-5919-8d65-ef69530f9d78,7c9704d9-8185-57b1-bf6a-de200c4e2109,training,Upsell Buy Load service - high foot traffic area,medium,completed,2025-08-10T00:00:00,2025-07-24T00:00:00
c599c5fa-6f12-5776-9760-1a3a74374d8f,7ac47676-570e-565e-bbc6-3815d0dd5ca3,c928179a-f72b-50f2-bd6c-8efebcd2d268,upsell_product,Activate GCredit for this merchant to increase transaction volume,medium,skipped,2025-08-03T00:00:00,2025-07-20T00:00:00
c06ced1c-9918-56d6-bd78-5e65303a927f,62b6c44a-0e18-50df-b381-7532d1cffe06,1c629fb9-bb65-504f-8efa-b901acda8a1d,visit_merchant,Schedule GSave onboarding session with merchant,low,completed,2025-08-16T00:00:00,2025-08-01T00:00:00
89357120-df8e-5c4e-8154-53987480fda9,dfd8191b-b887-5fbd-82b6-28453104ddd5,b21aa617-83df-5e76-b78c-67561698ba56,reactivation,Schedule GSave onboarding session with merchant,high,completed,2025-08-23T00:00:00,2025-07-20T00:00:00
e7dfa59f-7332-5235-93d7-7a1f4d01027f,3f937259-bd27-5034-8819-7864795688aa,e06691ef-a8bb-5f87-8c9e-c3e0b896f324,upsell_product,Activate GCredit for this merchant to increase transaction volume,medium,in_progress,2025-08-11T00:00:00,2025-08-01T00:00:00
153e4b4e-1dfc-5937-9395-06520f30584b,98a31b9f-9ad9-5616-9b27-939d6a0c34cb,ea60bf00-905e-5abc-b08e-4c17000dd149,resolve_issue,Follow up on pending Bills Payment activation,medium,pending,2025-08-02T00:00:00,2025-07-30T00:00:00
e7487ed8-7300-5305-9c93-ebce5fb5bc8a,d9fdc412-aec7-5a86-add5-f0902e6375fa,7a052b5f-cf18-5b63-91b4-4c385d96d71f,follow_up,Investigate declining transaction volume trend,high,pending,2025-08-07T00:00:00,2025-07-21T00:00:00
b735b0b3-5328-5173-b601-3e7bca983e48,13162149-fc7c-5b4a-9563-600adbd72fa5,15e1ebab-b0bf-514c-8405-61b9a3993057,upsell_product,Resolve merchant complaint about delayed settlements,high,skipped,2025-08-06T00:00:00,2025-07-29T00:00:00
6643fbaa-78fc-5631-bf44-c33e296ea3ed,83e195c1-ccba-5637-a552-7226c192c71c,c928179a-f72b-50f2-bd6c-8efebcd2d268,reactivation,Resolve merchant complaint about delayed settlements,high,completed,2025-08-18T00:00:00,2025-07-18T00:00:00
b2a87c5b-4bd2-56bd-92ee-1dfa9359d9f6,ca74b86a-f37f-597e-aeee-1808e9b38973,54684399-5e5a-54ab-a9b2-5e8ff35f0223,upsell_product,Follow up on pending Bills Payment activation,medium,completed,2025-08-21T00:00:00,2025-07-30T00:00:00
3a855c41-6d95-573c-a55e-192cc7eb8c9a,6bf333db-329e-5379-8a87-612548e94afa,434590a6-0601-5b3c-8768-f7537c77519e,follow_up,Offer promotional rates for Cash-In to combat Maya competition,medium,in_progress,2025-08-20T00:00:00,2025-07-27T00:00:00
3bc9d4ad-da40-5c72-a31f-1eff4c2e4b0d,10c25549-9e52-525f-b4e1-3a5a7d98a56f,84b924df-189f-5e64-a8c8-056b56e362d0,resolve_issue,Follow up on pending Bills Payment activation,high,in_progress,2025-08-15T00:00:00,2025-07-22T00:00:00
298746eb-60e3-536b-b1f1-4413e5d9a845,ac65e59b-c1b9-5920-a539-cbb4f765265a,24c3eae6-21de-5fa7-ad75-775edd1167e0,visit_merchant,Follow up on pending Bills Payment activation,high,completed,2025-08-02T00:00:00,2025-07-31T00:00:00
61c20e00-426d-5fae-87c9-078c14046ef0,439a175d-5bda-5628-b38b-616bbe987f8b,374e0ccd-4366-597f-b5c3-6d60795d3480,visit_merchant,Upsell Buy Load service - high foot traffic area,high,completed,2025-08-10T00:00:00,2025-07-30T00:00:00
1158f9a6-d037-53b1-9945-2e2838db4168,1b5b3406-cca4-5db4-bdc0-313197045c63,54684399-5e5a-54ab-a9b2-5e8ff35f0223,upsell_product,Conduct training on new GInsure products,medium,in_progress,2025-08-20T00:00:00,2025-08-01T00:00:00
26c7523a-e58d-5d02-9474-3fd7a1a25c9f,e26e2f93-108c-5aa6-8747-5e6f662730ac,dfba0cf4-e584-5bcd-8343-0655db792844,training,Schedule GSave onboarding session with merchant,medium,pending,2025-08-07T00:00:00,2025-07-22T00:00:00
39201daf-aebd-5571-bc1e-f7b0c2095225,08f0ac25-f784-5630-80b7-6da94159ddd7,1fab32d7-3f51-5470-b5b9-ea72005a2e68,visit_merchant,Schedule GSave onboarding session with merchant,high,pending,2025-08-19T00:00:00,2025-07-18T00:00:00
1f2fbde2-e7df-50e4-b8da-7282a7fb0218,1266d63c-a77a-50ae-95b3-aac6f8c10618,adf43fc2-e637-5500-8a6b-8a40e079d07c,training,Activate GCredit for this merchant to increase transaction volume,low,pending,2025-08-24T00:00:00,2025-07-31T00:00:00
f37ded8b-5089-5db9-8e2e-b37ca17b67fc,84ae3f98-20b5-568e-9fcf-34eda610e05a,b21aa617-83df-5e76-b78c-67561698ba56,upsell_product,Activate GCredit for this merchant to increase transaction volume,low,completed,2025-08-30T00:00:00,2025-07-30T00:00:00
5027aafd-76c1-5314-957f-bdecb6663b2a,1b89a724-452d-5f73-907e-6d06e9c5e1df,1fab32d7-3f51-5470-b5b9-ea72005a2e68,upsell_product,Activate GCredit for this merchant to increase transaction volume,high,completed,2025-08-16T00:00:00,2025-07-31T00:00:00
3aa5cd7a-a5ee-547d-8f3b-9931344c7ae6,76da179c-4d8c-522f-99fc-aa130e0c2abc,1c4e1934-fdf0-56a8-938c-7c2c04e9fac2,visit_merchant,Investigate declining transaction volume trend,high,in_progress,2025-08-12T00:00:00,2025-07-20T00:00:00
a495dc78-c111-527d-9152-a1aeb4635f66,ef1123b0-4761-5276-bf42-c99cc64e1d86,a0ba4c9a-ca4d-55e7-9662-8b384d306f9a,upsell_product,Follow up on pending Bills Payment activation,low,pending,2025-08-30T00:00:00,2025-07-26T00:00:00
46a5a500-1659-5a39-aa26-4fee9861e246,b4f9dae8-ae3e-584f-82de-7a4ccd246261,dfba0cf4-e584-5bcd-8343-0655db792844,upsell_product,Provide updated marketing collateral and QR standee,medium,completed,2025-08-30T00:00:00,2025-07-19T00:00:00
e2484661-240f-56ea-9874-6cef5595dbe2,2a97756f-49d6-58f9-be6f-82181c42fed7,374e0ccd-4366-597f-b5c3-6d60795d3480,training,Conduct training on new GInsure products,low,in_progress,2025-08-09T00:00:00,2025-07-20T00:00:00
0a07117a-b244-54f0-b5e8-15f8b15b6531,8df03c6a-f0e9-5c78-8a72-b96b5f7e7b16,1c4e1934-fdf0-56a8-938c-7c2c04e9fac2,visit_merchant,Activate GCredit for this merchant to increase transaction volume,low,in_progress,2025-08-20T00:00:00,2025-07-30T00:00:00
f6507c58-1db2-516d-aa70-1b81e7112779,75b194f1-6323-5e3f-9d74-f06333ef4d67,492935f3-f9ee-5d56-b64a-6da8931cf13b,visit_merchant,Re-engage merchant - no transactions in 14 days,low,in_progress,2025-08-26T00:00:00,2025-07-22T00:00:00
6328a936-cb4b-54c6-a6fd-7f53f3f7b056,e51a4339-2687-531d-a3e2-a566085efbb3,dced9f60-36c3-51a3-a4cd-895dfd671dec,reactivation,Upsell Buy Load service - high foot traffic area,high,pending,2025-08-25T00:00:00,2025-07-18T00:00:00
4a90834a-e321-5fb5-b9b0-99792e7f7e2d,f8d90075-3eef-57df-8330-23687233e1a4,ea60bf00-905e-5abc-b08e-4c17000dd149,upsell_product,Conduct training on new GInsure products,high,completed,2025-08-24T00:00:00,2025-07-26T00:00:00
a3a58a7e-19ec-5431-af47-4c2a9e91283f,d3df0796-a8ca-57c8-badb-f41272fb61cf,bcf1d1e0-afa3-56df-89af-e879b7a6a0d2,resolve_issue,Conduct training on new GInsure products,medium,in_progress,2025-08-06T00:00:00,2025-07-20T00:00:00
2c167b33-11db-5b66-9667-34df829d487a,d59e6887-1c3d-5cb0-b4ad-0752bfdc39fc,a0ba4c9a-ca4d-55e7-9662-8b384d306f9a,visit_merchant,Provide updated marketing collateral and QR standee,high,pending,2025-08-06T00:00:00,2025-08-01T00:00:00
da752e61-70e3-56a2-ab14-2b51ecf65947,0ba00c7e-2d91-5872-bbbb-f7a769d4d1f8,e06691ef-a8bb-5f87-8c9e-c3e0b896f324,follow_up,Resolve merchant complaint about delayed settlements,medium,in_progress,2025-08-10T00:00:00,2025-07-22T00:00:00
689309bb-f787-57a9-99f4-68c58c859d80,22c2b1d8-ee67-54d2-8390-614c8f037084,434590a6-0601-5b3c-8768-f7537c77519e,upsell_product,Conduct training on new GInsure products,high,completed,2025-08-16T00:00:00,2025-07-24T00:00:00
86cc0731-39bc-57ac-a76b-f9dd5012b990,6bda4027-616b-55bf-9c25-12cfc5146718,1208ec90-8992-569c-9143-a14b6d5727e9,upsell_product,Re-engage merchant - no transactions in 14 days,low,in_progress,2025-08-25T00:00:00,2025-07-23T00:00:00
8bbdb535-b95d-5e9c-8f69-b72877ee2236,650e5b63-d760-51b3-9465-102cbe048b2e,15e1ebab-b0bf-514c-8405-61b9a3993057,resolve_issue,Follow up on pending Bills Payment activation,high,in_progress,2025-08-24T00:00:00,2025-07-25T00:00:00
8f861b59-115f-5575-b0a6-d07103613150,7ac47676-570e-565e-bbc6-3815d0dd5ca3,c928179a-f72b-50f2-bd6c-8efebcd2d268,upsell_product,Follow up on pending Bills Payment activation,high,skipped,2025-08-16T00:00:00,2025-07-23T00:00:00
d5629193-139f-51d8-8b3c-b574752e2974,9b091607-c2e8-537a-9942-74c84048a742,b2f279e6-14b4-5a5c-aadc-0b5ab2dd4e7a,resolve_issue,Conduct training on new GInsure products,medium,skipped,2025-08-03T00:00:00,2025-07-26T00:00:00
561c594c-b2e0-58a0-81a1-dcf28a1bc68a,0cac86aa-94c6-5442-9a2c-abdb872c090f,15e1ebab-b0bf-514c-8405-61b9a3993057,visit_merchant,Upsell Buy Load service - high foot traffic area,low,in_progress,2025-08-07T00:00:00,2025-07-21T00:00:00
15195920-1620-542c-9a45-96fc710ece84,44c79770-368b-5537-9952-7170040a5301,c928179a-f72b-50f2-bd6c-8efebcd2d268,reactivation,Provide updated marketing collateral and QR standee,high,pending,2025-08-23T00:00:00,2025-07-30T00:00:00
bd61b511-cd1a-5d79-bc8b-636cacead6f1,5529a9fd-18ab-55bf-8f28-66b8a727dfef,492935f3-f9ee-5d56-b64a-6da8931cf13b,visit_merchant,Upsell Buy Load service - high foot traffic area,medium,in_progress,2025-08-15T00:00:00,2025-07-21T00:00:00
aeb38071-56d0-5271-bdd0-fd4d87dd0c2e,ce7b97f5-df91-5236-a502-770b786b89e8,a0ba4c9a-ca4d-55e7-9662-8b384d306f9a,resolve_issue,Investigate declining transaction volume trend,high,completed,2025-08-16T00:00:00,2025-07-22T00:00:00
fb4104e2-9db1-5c42-9f94-b6c615bea5fd,872eb0e6-6a9b-5e4e-a521-17bca287ba19,48787cb4-04a7-5b80-8148-23b777165705,visit_merchant,Resolve merchant complaint about delayed settlements,medium,pending,2025-08-03T00:00:00,2025-07-20T00:00:00
12912767-96b8-5d67-8a50-ed6463016b7a,2f0d50fa-61c5-5f65-85cf-5797db775a40,7c9704d9-8185-57b1-bf6a-de200c4e2109,reactivation,Resolve merchant complaint about delayed settlements,high,completed,2025-08-02T00:00:00,2025-07-29T00:00:00
baf5f881-cb82-5e0b-84c2-0bc566fa1905,a98ed541-03fd-5425-8eec-a87c602d2311,1fab32d7-3f51-5470-b5b9-ea72005a2e68,visit_merchant,Investigate declining transaction volume trend,high,pending,2025-08-08T00:00:00,2025-07-28T00:00:00
abb9938a-fda5-51b5-9ef3-d548916306dd,9238634c-c937-5e10-b425-5e31b9923a8b,7c9704d9-8185-57b1-bf6a-de200c4e2109,follow_up,Conduct training on new GInsure products,medium,pending,2025-08-12T00:00:00,2025-07-31T00:00:00
fb6bdd27-84e6-5850-a5d7-32fe28d10485,9cf0258b-b196-5323-8d6c-3eccbf473c3f,492935f3-f9ee-5d56-b64a-6da8931cf13b,training,Provide updated marketing collateral and QR standee,medium,pending,2025-08-24T00:00:00,2025-08-01T00:00:00
da9b4d50-c2f1-5fbf-819d-1c051625c2b7,622e35cf-534c-5472-84c8-30c4c81eeee1,24c3eae6-21de-5fa7-ad75-775edd1167e0,visit_merchant,Resolve merchant complaint about delayed settlements,medium,skipped,2025-08-23T00:00:00,2025-07-21T00:00:00
4dff3f2b-193a-599f-ae86-ce9deaa150aa,6a536aa5-84b3-5994-9693-3f54ec998ced,b2f279e6-14b4-5a5c-aadc-0b5ab2dd4e7a,upsell_product,Activate GCredit for this merchant to increase transaction volume,low,completed,2025-08-07T00:00:00,2025-07-24T00:00:00
56ed6967-6c6f-51a5-864a-0c3d2caf3661,8631bfeb-7f17-528f-87b9-346379c9787c,24c3eae6-21de-5fa7-ad75-775edd1167e0,visit_merchant,Upsell Buy Load service - high foot traffic area,medium,pending,2025-08-19T00:00:00,2025-07-28T00:00:00
48c6bce0-7bef-5f03-b135-59a5b75dd000,1de8eb26-658d-5bda-8231-059687db880b,dced9f60-36c3-51a3-a4cd-895dfd671dec,visit_merchant,Re-engage merchant - no transactions in 14 days,medium,completed,2025-08-30T00:00:00,2025-08-01T00:00:00
c04c188f-879e-5adc-bf16-9ac7e8f11240,5ee5bcb6-f69b-5186-9fb9-3aa1b552b4a3,23fca699-b0f6-528a-8efe-52e28bb1b8b0,reactivation,Re-engage merchant - no transactions in 14 days,high,skipped,2025-08-30T00:00:00,2025-07-27T00:00:00
78f28e56-d88f-57f9-8a6b-785c9d5a9c27,3388263e-9140-51e1-be58-a373ce459010,7a052b5f-cf18-5b63-91b4-4c385d96d71f,resolve_issue,Investigate declining transaction volume trend,medium,completed,2025-08-18T00:00:00,2025-07-25T00:00:00
03b9d7c7-5ea2-5ab0-a345-8875d3c41c02,14484de5-5342-5ef7-bb00-77c5c5b903d2,8086f1f4-673d-5987-81b0-8f204dbfd2ab,reactivation,Offer promotional rates for Cash-In to combat Maya competition,medium,pending,2025-08-16T00:00:00,2025-07-26T00:00:00
820e10a9-954c-5922-ad4f-d8c602a56bd0,2aaf552d-1745-5222-8144-d71bd5f70ca7,25c743f6-6b99-5904-8a4a-4b29b700d9e7,visit_merchant,Upsell Buy Load service - high foot traffic area,high,pending,2025-08-31T00:00:00,2025-07-25T00:00:00
3320347c-524b-55aa-870b-3f60f746ca13,8a91073c-f678-5bb2-8e9b-1cd31b741b64,25c743f6-6b99-5904-8a4a-4b29b700d9e7,training,Upsell Buy Load service - high foot traffic area,high,in_progress,2025-08-30T00:00:00,2025-07-19T00:00:00
2fd2f207-bbac-5613-abf6-fa057d23d451,6c3f6314-f245-5946-9a2e-ea5fbb951e7f,25c743f6-6b99-5904-8a4a-4b29b700d9e7,follow_up,Investigate declining transaction volume trend,medium,in_progress,2025-08-10T00:00:00,2025-07-21T00:00:00
5a0217a1-f17b-52e5-968f-5e61290540b7,732fe5fd-2dd9-5e16-9ff1-20b392cf8dcf,23fca699-b0f6-528a-8efe-52e28bb1b8b0,upsell_product,Resolve merchant complaint about delayed settlements,medium,in_progress,2025-08-14T00:00:00,2025-07-31T00:00:00
f536a541-c9a0-5a77-9ade-b0d405f9c50b,6a5f1922-ebb4-59d7-99fe-b30c0bf7ecce,434590a6-0601-5b3c-8768-f7537c77519e,upsell_product,Resolve merchant complaint about delayed settlements,low,completed,2025-08-13T00:00:00,2025-07-31T00:00:00
e8289b7a-f673-5760-adb0-fad6076795c7,7a33f302-fa11-51fa-856d-1b51059c5adf,214dee86-b858-5e86-aad7-d05cc5d8a623,upsell_product,Follow up on pending Bills Payment activation,medium,in_progress,2025-08-07T00:00:00,2025-07-25T00:00:00
32b836a0-413a-545e-b587-6676f8e1a307,2845093a-3515-532c-90da-051c95e9baf8,9cea72a7-c63b-5718-8f89-cff81ccad510,training,Schedule GSave onboarding session with merchant,low,completed,2025-08-08T00:00:00,2025-07-30T00:00:00
21edd459-0854-5d0e-a395-6a2e73b763f9,5c9ee565-043b-52a5-bbef-ca3aaf316974,c928179a-f72b-50f2-bd6c-8efebcd2d268,reactivation,Schedule GSave onboarding session with merchant,medium,completed,2025-08-13T00:00:00,2025-07-30T00:00:00
cbc7e025-26ef-517d-84ea-688cd96cbfe3,75b194f1-6323-5e3f-9d74-f06333ef4d67,492935f3-f9ee-5d56-b64a-6da8931cf13b,training,Resolve merchant complaint about delayed settlements,medium,pending,2025-08-23T00:00:00,2025-07-21T00:00:00
0524f97f-4f41-5515-9fb1-e07f746932c7,89678d5f-48fc-574c-9eab-cdf011b618fe,214dee86-b858-5e86-aad7-d05cc5d8a623,training,Schedule GSave onboarding session with merchant,low,pending,2025-08-21T00:00:00,2025-07-25T00:00:00
c094f72f-099d-596d-9a6f-314d89bec68f,65bbc3be-9507-593f-a9ed-ecede0d4e42f,25c743f6-6b99-5904-8a4a-4b29b700d9e7,resolve_issue,Activate GCredit for this merchant to increase transaction volume,medium,completed,2025-08-19T00:00:00,2025-07-31T00:00:00
6b72cf6e-bf4a-5bf4-b280-4fc1f3b1020f,c9cd5468-5c6c-5bf3-b662-2c90351581f1,229ec319-00c3-5250-afbc-759d6132ee64,resolve_issue,Investigate declining transaction volume trend,medium,completed,2025-08-15T00:00:00,2025-07-18T00:00:00
70eabeeb-ddad-5411-a0ec-a20f63df763b,86b6bd00-fb39-51c8-a057-02c9ad460a8b,15e1ebab-b0bf-514c-8405-61b9a3993057,reactivation,Follow up on pending Bills Payment activation,medium,in_progress,2025-08-02T00:00:00,2025-08-01T00:00:00
fdc104e5-053d-59c2-8e55-0cca1ae4dfe5,54cbec8e-341d-5340-a28a-4ec2fd641fc9,e06691ef-a8bb-5f87-8c9e-c3e0b896f324,follow_up,Upsell Buy Load service - high foot traffic area,high,completed,2025-08-02T00:00:00,2025-07-18T00:00:00
73946f55-dc5a-5323-af11-7befb3364809,f9f181b2-4dd1-599e-a863-8fc11c75cfb9,713b8e42-ca09-58c1-9db4-ab4f3f05fc3c,follow_up,Follow up on pending Bills Payment activation,medium,in_progress,2025-08-18T00:00:00,2025-07-26T00:00:00
271114ef-f8c2-5098-af03-678a29a62035,24f6205d-af78-55c4-9ac6-42db10b9b00f,60ccfd44-0502-5fa0-8d27-9cc265f1db31,visit_merchant,Re-engage merchant - no transactions in 14 days,low,skipped,2025-08-16T00:00:00,2025-07-26T00:00:00
8925d7bc-a368-533b-b1f9-49ee45156302,bf913de2-6da4-5acc-8ad9-fbfe79c8f948,214dee86-b858-5e86-aad7-d05cc5d8a623,training,Resolve merchant complaint about delayed settlements,medium,skipped,2025-08-13T00:00:00,2025-07-25T00:00:00
4ce80b67-fede-57d3-9540-b879a7c5f3e6,37f79259-d62e-5c69-afdf-2389be70cc01,434590a6-0601-5b3c-8768-f7537c77519e,visit_merchant,Offer promotional rates for Cash-In to combat Maya competition,medium,in_progress,2025-08-09T00:00:00,2025-07-26T00:00:00
33130df8-90ed-5712-a380-cbdf1097da61,22c2b1d8-ee67-54d2-8390-614c8f037084,434590a6-0601-5b3c-8768-f7537c77519e,training,Re-engage merchant - no transactions in 14 days,medium,in_progress,2025-08-11T00:00:00,2025-07-29T00:00:00
61973d3a-f92f-5e86-92da-acac48ee3cdb,6c43b5de-1a73-52a4-9fa1-e51595e4486f,60ccfd44-0502-5fa0-8d27-9cc265f1db31,visit_merchant,Offer promotional rates for Cash-In to combat Maya competition,low,in_progress,2025-08-30T00:00:00,2025-07-31T00:00:00
5d31bbe1-a7a1-590f-b8f5-af404c09451e,2b2a2f4f-fc8a-5b77-88e8-8adc84a14849,b2f279e6-14b4-5a5c-aadc-0b5ab2dd4e7a,resolve_issue,Activate GCredit for this merchant to increase transaction volume,medium,pending,2025-08-03T00:00:00,2025-07-24T00:00:00
0cc5ede4-7a23-5f65-a149-b2faca72c15c,3b3c1920-61c4-5477-a3a7-22e3e7db7971,fbcd212e-451d-5600-a271-8fec64b3a9b9,training,Provide updated marketing collateral and QR standee,low,in_progress,2025-08-31T00:00:00,2025-07-31T00:00:00
61013add-625f-5042-a838-9917cb57b3c3,f9cf41ec-effa-5b4c-8be7-0e9fe5d931db,24c3eae6-21de-5fa7-ad75-775edd1167e0,visit_merchant,Schedule GSave onboarding session with merchant,medium,pending,2025-08-30T00:00:00,2025-07-23T00:00:00
537bc31f-6de3-5976-8660-7c9299ce3c73,65bbc3be-9507-593f-a9ed-ecede0d4e42f,25c743f6-6b99-5904-8a4a-4b29b700d9e7,training,Activate GCredit for this merchant to increase transaction volume,medium,completed,2025-08-25T00:00:00,2025-07-27T00:00:00
389e3dbf-a2c0-5bbb-ad93-b89496d427ab,9bdc9e38-c690-5ecf-94a5-a6227e33ac59,229ec319-00c3-5250-afbc-759d6132ee64,reactivation,Activate GCredit for this merchant to increase transaction volume,low,in_progress,2025-08-22T00:00:00,2025-07-19T00:00:00
b2096d3f-b66f-568d-869c-5426ba2c9125,2569b207-63d9-5d61-acdf-5e2b83e894da,b21aa617-83df-5e76-b78c-67561698ba56,upsell_product,Resolve merchant complaint about delayed settlements,medium,pending,2025-08-02T00:00:00,2025-07-18T00:00:00
4ff6405f-4b31-562e-aa05-3b16fb67137c,9ac93982-cbd7-5a53-aab8-947fc303d277,60ccfd44-0502-5fa0-8d27-9cc265f1db31,visit_merchant,Investigate declining transaction volume trend,medium,completed,2025-08-11T00:00:00,2025-07-18T00:00:00
0e2465b3-41e4-5b04-a04b-f8890952026e,19d5fa88-6515-5d16-bece-b2b2ed72bbef,1c629fb9-bb65-504f-8efa-b901acda8a1d,training,Investigate declining transaction volume trend,medium,pending,2025-08-21T00:00:00,2025-07-29T00:00:00
270f1329-ae05-55b0-b394-417efea2ab04,a0295c91-6ad1-5337-945c-ba96a1de75ec,e06691ef-a8bb-5f87-8c9e-c3e0b896f324,upsell_product,Follow up on pending Bills Payment activation,low,pending,2025-08-19T00:00:00,2025-07-27T00:00:00
c0961aa8-4321-5012-9799-b81b60c2a15d,280eeed9-60dd-5113-9e55-694840c439c0,c529bf79-90d3-5602-9399-40738335c242,training,Re-engage merchant - no transactions in 14 days,medium,completed,2025-08-12T00:00:00,2025-07-23T00:00:00
62c53f13-7745-51f4-8e05-82f995a204c1,26b3c3af-057c-5d11-bc64-b7efa03c7129,229ec319-00c3-5250-afbc-759d6132ee64,visit_merchant,Conduct training on new GInsure products,high,pending,2025-08-08T00:00:00,2025-07-30T00:00:00
e85b3cf1-c8c6-558f-b98c-aca3558713e2,0134a9b6-3357-5d15-ab71-31131d587d56,dfba0cf4-e584-5bcd-8343-0655db792844,follow_up,Upsell Buy Load service - high foot traffic area,high,pending,2025-08-05T00:00:00,2025-07-24T00:00:00
6f9cef2d-5aa4-5aea-a2d4-3ea089deea02,8a74f660-2cf7-5258-8ce1-a062e5ca38a4,1fab32d7-3f51-5470-b5b9-ea72005a2e68,reactivation,Upsell Buy Load service - high foot traffic area,high,pending,2025-08-13T00:00:00,2025-07-24T00:00:00
2afac4e8-ca46-55ed-8062-a6d7719ebfcd,b9fd3e12-e84f-5895-ab5d-2159a6382303,492935f3-f9ee-5d56-b64a-6da8931cf13b,reactivation,Provide updated marketing collateral and QR standee,high,pending,2025-08-04T00:00:00,2025-07-27T00:00:00
f89f713b-7b35-5611-b99a-664487b3edd1,b9f302ee-4c36-582b-92c9-ed71368ecdc4,f81e0179-c82e-5d0d-82b4-c2bf0fde0a92,upsell_product,Investigate declining transaction volume trend,medium,in_progress,2025-08-08T00:00:00,2025-07-31T00:00:00
0856bda9-a6b2-5888-9590-4871e7d390e4,0c74ae9b-9c3d-5ddd-9423-286f953e88fc,492935f3-f9ee-5d56-b64a-6da8931cf13b,follow_up,Follow up on pending Bills Payment activation,medium,pending,2025-08-04T00:00:00,2025-07-24T00:00:00
3c23c928-6dd5-5573-8fea-eac383e2a1f0,494a57ee-31cb-5e3b-818c-8960bc3f745f,84b924df-189f-5e64-a8c8-056b56e362d0,follow_up,Activate GCredit for this merchant to increase transaction volume,medium,pending,2025-08-28T00:00:00,2025-07-31T00:00:00
fab94506-576c-545a-8971-0a88022adad7,57d55dad-a616-5ec5-9b98-d7f440daa916,713b8e42-ca09-58c1-9db4-ab4f3f05fc3c,visit_merchant,Schedule GSave onboarding session with merchant,low,completed,2025-08-05T00:00:00,2025-07-29T00:00:00
3f020da9-3e3d-548d-a55d-92e96423b4fb,c9d9414c-502d-5ffd-ae22-53dde1ebdd96,1c4e1934-fdf0-56a8-938c-7c2c04e9fac2,upsell_product,Upsell Buy Load service - high foot traffic area,medium,skipped,2025-08-27T00:00:00,2025-07-30T00:00:00
d30f72fd-8690-578b-924f-d71e426d9b98,5964b9e8-8813-5f2e-9a80-c3a4757bd3c4,15e1ebab-b0bf-514c-8405-61b9a3993057,resolve_issue,Follow up on pending Bills Payment activation,medium,completed,2025-08-04T00:00:00,2025-07-23T00:00:00
2c31f995-5295-5712-a299-0074b8e7ef04,efc30d35-191c-5323-9f6e-85fb10804386,bcf1d1e0-afa3-56df-89af-e879b7a6a0d2,follow_up,Provide updated marketing collateral and QR standee,high,pending,2025-08-04T00:00:00,2025-07-31T00:00:00
ecb7d100-8c12-5088-8cd1-39c3bdd8a123,0134a9b6-3357-5d15-ab71-31131d587d56,dfba0cf4-e584-5bcd-8343-0655db792844,reactivation,Offer promotional rates for Cash-In to combat Maya competition,medium,in_progress,2025-08-06T00:00:00,2025-07-20T00:00:00
14cb52ce-ab4e-5862-9ab2-7601abc24b16,19ad6550-d1aa-5908-85c6-f7650e2b90ab,7a052b5f-cf18-5b63-91b4-4c385d96d71f,reactivation,Investigate declining transaction volume trend,medium,pending,2025-08-30T00:00:00,2025-07-30T00:00:00
6e4db1b6-84ab-51cb-ae30-bafca40fbd9f,25545ace-abf2-5cc2-b6df-48625825ed4a,f81e0179-c82e-5d0d-82b4-c2bf0fde0a92,follow_up,Provide updated marketing collateral and QR standee,low,skipped,2025-08-05T00:00:00,2025-07-18T00:00:00
aa461e1d-54e8-55d4-9037-44454cd31ca7,9238634c-c937-5e10-b425-5e31b9923a8b,7c9704d9-8185-57b1-bf6a-de200c4e2109,training,Follow up on pending Bills Payment activation,medium,in_progress,2025-08-17T00:00:00,2025-07-28T00:00:00
4a7ee963-4d5d-5c85-a83f-0051d59219fb,37944f66-d85a-54aa-9646-00427ed3b070,dfba0cf4-e584-5bcd-8343-0655db792844,reactivation,Follow up on pending Bills Payment activation,medium,skipped,2025-08-06T00:00:00,2025-07-27T00:00:00
ae912a8d-7a1a-5c25-8201-bac9b66332e1,f75db975-de2a-5d3f-bbfc-6a7a25a08c3c,8086f1f4-673d-5987-81b0-8f204dbfd2ab,reactivation,Offer promotional rates for Cash-In to combat Maya competition,low,pending,2025-08-29T00:00:00,2025-07-26T00:00:00
c36add0b-c6ce-5005-b548-6c66e897acb6,4f599702-ca98-5a51-bf60-69b310c41bfa,e06691ef-a8bb-5f87-8c9e-c3e0b896f324,follow_up,Resolve merchant complaint about delayed settlements,medium,pending,2025-08-31T00:00:00,2025-07-27T00:00:00
bc904c69-07ae-57e9-b767-47921e7bd94c,a98ed541-03fd-5425-8eec-a87c602d2311,1fab32d7-3f51-5470-b5b9-ea72005a2e68,upsell_product,Provide updated marketing collateral and QR standee,low,pending,2025-08-20T00:00:00,2025-07-29T00:00:00
fc29e5b2-b895-5f2e-99b1-24bdac611bed,22746863-66c2-5148-b1c3-0e496f314a04,9cea72a7-c63b-5718-8f89-cff81ccad510,training,Upsell Buy Load service - high foot traffic area,medium,completed,2025-08-21T00:00:00,2025-08-01T00:00:00
b13f9d9e-8890-5761-adc0-fc36c655f7ac,ee90274c-9365-597d-b7b7-fe8b8dd298b0,b21aa617-83df-5e76-b78c-67561698ba56,follow_up,Provide updated marketing collateral and QR standee,low,pending,2025-08-15T00:00:00,2025-07-26T00:00:00
a170255c-b902-56b9-a087-a92dea83d87c,f2938a3e-e2e7-5b26-8a84-d1c3e60f941b,713b8e42-ca09-58c1-9db4-ab4f3f05fc3c,upsell_product,Resolve merchant complaint about delayed settlements,medium,pending,2025-08-11T00:00:00,2025-07-21T00:00:00
2f5a8963-059b-55ce-acbd-baa6525cb604,702fa0a4-cbfc-5e37-a9ec-f2d1dc0a0e6a,1fab32d7-3f51-5470-b5b9-ea72005a2e68,upsell_product,Activate GCredit for this merchant to increase transaction volume,medium,skipped,2025-08-10T00:00:00,2025-07-21T00:00:00
fa1f1793-d83b-579a-bfe3-82cb4223693b,0b27d62a-700a-5cb1-bb9d-2236759107cf,7ff0bab0-c69b-54d0-86a2-99ea2da3e58c,training,Activate GCredit for this merchant to increase transaction volume,low,pending,2025-08-07T00:00:00,2025-07-23T00:00:00
e304f475-c3a3-5ca3-9b4a-6c1cbe5426e3,72b06f75-9c13-5bec-841f-24114afaaab9,84b924df-189f-5e64-a8c8-056b56e362d0,follow_up,Schedule GSave onboarding session with merchant,high,completed,2025-08-28T00:00:00,2025-07-23T00:00:00
cd7baf96-c594-5bbb-9994-fb3afeeb173d,16875ba0-6a25-54e3-a9db-2b70cc51a783,b2f279e6-14b4-5a5c-aadc-0b5ab2dd4e7a,upsell_product,Upsell Buy Load service - high foot traffic area,medium,pending,2025-08-26T00:00:00,2025-07-19T00:00:00
9e884475-88aa-5306-9c7d-c9ca96523f30,990fee4b-799d-57ff-9802-5d21446e3a84,1c629fb9-bb65-504f-8efa-b901acda8a1d,upsell_product,Follow up on pending Bills Payment activation,medium,skipped,2025-08-13T00:00:00,2025-07-29T00:00:00
c3eb774a-c086-5b0a-9ba1-60f2cccf8aee,5fdbf0dc-d4dd-53f4-a882-7339832d9cea,d9bae779-a771-5de7-a713-f7d02913bd5b,reactivation,Offer promotional rates for Cash-In to combat Maya competition,medium,pending,2025-08-03T00:00:00,2025-07-19T00:00:00
b3f83f74-fad2-5766-83bd-e2bfcc35f8da,a39d0783-2b40-5751-bde2-5aebb6de1679,713b8e42-ca09-58c1-9db4-ab4f3f05fc3c,visit_merchant,Provide updated marketing collateral and QR standee,medium,completed,2025-08-10T00:00:00,2025-07-22T00:00:00
9cf7e7ca-49a0-5358-be03-85630c90c967,40f0390b-96f3-537f-a920-2eed11fbbe5b,1208ec90-8992-569c-9143-a14b6d5727e9,reactivation,Activate GCredit for this merchant to increase transaction volume,medium,pending,2025-08-04T00:00:00,2025-07-27T00:00:00
6bf00464-351a-5220-b73b-60301779773e,484ba53a-36fd-5a3a-b59e-47356ae6712a,8086f1f4-673d-5987-81b0-8f204dbfd2ab,resolve_issue,Follow up on pending Bills Payment activation,high,pending,2025-08-20T00:00:00,2025-07-30T00:00:00
41a269aa-9ac4-5f31-8530-9752a7227cc7,d0bfe50b-b011-596c-bab6-e071945ae144,ea60bf00-905e-5abc-b08e-4c17000dd149,follow_up,Resolve merchant complaint about delayed settlements,medium,pending,2025-08-07T00:00:00,2025-07-24T00:00:00
dc313cdf-cc46-5d70-af96-eb134488558a,6c486d84-abcb-58a9-a7db-ff516a80a68c,229ec319-00c3-5250-afbc-759d6132ee64,visit_merchant,Re-engage merchant - no transactions in 14 days,medium,in_progress,2025-08-29T00:00:00,2025-07-29T00:00:00
aa761891-5d98-543b-b072-9d3aff2facdf,068724a4-bdd0-5843-88ee-82dfa8eacba1,bcf1d1e0-afa3-56df-89af-e879b7a6a0d2,training,Offer promotional rates for Cash-In to combat Maya competition,medium,pending,2025-08-05T00:00:00,2025-07-26T00:00:00
0f2f88db-0b2f-5c21-b168-6f3198ec9eed,be28feb3-6829-5960-a771-5f3ce07f36bd,1c4e1934-fdf0-56a8-938c-7c2c04e9fac2,training,Resolve merchant complaint about delayed settlements,high,pending,2025-08-17T00:00:00,2025-07-31T00:00:00
a721cd4b-3ce9-5ade-9959-41c75571d4d2,f656a39e-ddac-53cf-b6ec-4633223d1cfd,25c743f6-6b99-5904-8a4a-4b29b700d9e7,visit_merchant,Re-engage merchant - no transactions in 14 days,low,completed,2025-08-20T00:00:00,2025-07-30T00:00:00
706a6176-376c-5ca6-ab71-f5107742eacd,7944d169-47e3-5be3-8e6e-48cb0be22ca0,adf43fc2-e637-5500-8a6b-8a40e079d07c,follow_up,Activate GCredit for this merchant to increase transaction volume,low,in_progress,2025-08-14T00:00:00,2025-07-26T00:00:00
be2ad9eb-18b9-56c7-a669-48a7eaa96766,16f4f844-5038-5b1e-8c65-ea315a585e05,23fca699-b0f6-528a-8efe-52e28bb1b8b0,visit_merchant,Conduct training on new GInsure products,medium,pending,2025-08-18T00:00:00,2025-07-28T00:00:00
eb997ea3-acb3-5f68-b16a-3a1a2e0cc483,785169b9-83da-56d2-a59b-04e35cf4bb01,54684399-5e5a-54ab-a9b2-5e8ff35f0223,visit_merchant,Resolve merchant complaint about delayed settlements,medium,completed,2025-08-11T00:00:00,2025-07-22T00:00:00
b4b225db-c6fb-5a41-995e-7d730ef94f04,cc7dba39-9fc6-550c-9fc7-cdaff6e74660,adf43fc2-e637-5500-8a6b-8a40e079d07c,follow_up,Follow up on pending Bills Payment activation,medium,completed,2025-08-27T00:00:00,2025-07-26T00:00:00
b75dae3e-9325-51be-b9df-75854876872f,cc7dba39-9fc6-550c-9fc7-cdaff6e74660,adf43fc2-e637-5500-8a6b-8a40e079d07c,training,Offer promotional rates for Cash-In to combat Maya competition,medium,pending,2025-08-21T00:00:00,2025-07-26T00:00:00
769a217f-d9f4-5ffd-81b4-0231e08a9ec0,ffb805d1-735a-507b-b330-e0ed0ff00214,8086f1f4-673d-5987-81b0-8f204dbfd2ab,resolve_issue,Re-engage merchant - no transactions in 14 days,medium,pending,2025-08-24T00:00:00,2025-07-24T00:00:00
54a0da33-9572-5ebc-8ba4-e5765fd36942,24f6205d-af78-55c4-9ac6-42db10b9b00f,60ccfd44-0502-5fa0-8d27-9cc265f1db31,reactivation,Offer promotional rates for Cash-In to combat Maya competition,high,completed,2025-08-07T00:00:00,2025-07-24T00:00:00
ac43ada5-660b-54c1-8cc9-6221728db46b,36850526-5951-520a-b33e-b34aa3a8d24c,7c9704d9-8185-57b1-bf6a-de200c4e2109,follow_up,Upsell Buy Load service - high foot traffic area,medium,pending,2025-08-17T00:00:00,2025-07-25T00:00:00
d9959a3a-9211-5b9f-9477-3824e8b6e0fd,e71484bf-0134-5d62-abd3-b0d45ff823cc,ea60bf00-905e-5abc-b08e-4c17000dd149,follow_up,Re-engage merchant - no transactions in 14 days,high,pending,2025-08-26T00:00:00,2025-07-30T00:00:00
69dd59b4-c02b-5108-a6e1-b36fef405e10,dfbdc0b9-f8d6-5c14-b6db-1e6552ad0a26,54684399-5e5a-54ab-a9b2-5e8ff35f0223,reactivation,Upsell Buy Load service - high foot traffic area,medium,in_progress,2025-08-07T00:00:00,2025-07-30T00:00:00
07729361-99e3-5935-b230-f43e215dc823,5e2b5bab-5781-58c8-bbc1-41a61318601e,dced9f60-36c3-51a3-a4cd-895dfd671dec,follow_up,Re-engage merchant - no transactions in 14 days,high,skipped,2025-08-16T00:00:00,2025-07-29T00:00:00
fca361f3-e6be-5e15-bc95-fc9c6199d45e,1e9ae40c-4117-5099-907f-bf75e9340bbd,bcf1d1e0-afa3-56df-89af-e879b7a6a0d2,resolve_issue,Re-engage merchant - no transactions in 14 days,medium,pending,2025-08-30T00:00:00,2025-07-22T00:00:00
74e365e3-8b1e-5a74-8c5f-0c32adbe2866,00ad044e-c101-5f75-83ea-3c17282f2357,d9bae779-a771-5de7-a713-f7d02913bd5b,reactivation,Upsell Buy Load service - high foot traffic area,medium,pending,2025-08-13T00:00:00,2025-08-01T00:00:00
8d74f4c5-9225-5a2c-a1fe-1e3862a612c5,ee121ccf-df6b-5b72-91cc-f2efa3dc9eb6,c529bf79-90d3-5602-9399-40738335c242,upsell_product,Activate GCredit for this merchant to increase transaction volume,low,pending,2025-08-26T00:00:00,2025-07-26T00:00:00
ac83aa6c-c5b4-5c46-ad4b-254193c90f70,c7759084-02b1-5e64-8253-e161a60c3ab7,fbcd212e-451d-5600-a271-8fec64b3a9b9,training,Upsell Buy Load service - high foot traffic area,medium,pending,2025-08-16T00:00:00,2025-07-23T00:00:00
88a23331-5e6e-540a-81c2-d4e319528724,439a175d-5bda-5628-b38b-616bbe987f8b,374e0ccd-4366-597f-b5c3-6d60795d3480,follow_up,Offer promotional rates for Cash-In to combat Maya competition,low,completed,2025-08-13T00:00:00,2025-07-24T00:00:00
1b55c896-d72d-5297-a9a3-dd35d32bf257,104918ab-1469-5f48-ab7f-bca204e67486,dced9f60-36c3-51a3-a4cd-895dfd671dec,upsell_product,Offer promotional rates for Cash-In to combat Maya competition,low,in_progress,2025-08-21T00:00:00,2025-07-27T00:00:00
7fd3a13a-0c8a-5734-a24d-a0bf91f5d49d,2e54dbf3-50dd-5a0a-a1e4-b371635781b3,54684399-5e5a-54ab-a9b2-5e8ff35f0223,training,Follow up on pending Bills Payment activation,medium,in_progress,2025-08-17T00:00:00,2025-07-27T00:00:00
af15a6ac-a312-5c7e-8f5c-c766a034d678,f0d978da-a823-54ce-b4fa-57d8d0b0a4f2,a0ba4c9a-ca4d-55e7-9662-8b384d306f9a,follow_up,Investigate declining transaction volume trend,medium,in_progress,2025-08-09T00:00:00,2025-07-20T00:00:00
1d746286-6179-5d10-a3cb-b6f69caf1090,7c02f579-69f1-5574-84c1-fc512e1649c7,dced9f60-36c3-51a3-a4cd-895dfd671dec,upsell_product,Activate GCredit for this merchant to increase transaction volume,low,pending,2025-08-31T00:00:00,2025-07-27T00:00:00
adf698b2-f383-529a-bf74-5223ee00a15c,7f8ebaa2-73de-5bc3-b462-6ef73f1d60c2,60ccfd44-0502-5fa0-8d27-9cc265f1db31,upsell_product,Resolve merchant complaint about delayed settlements,high,pending,2025-08-26T00:00:00,2025-07-23T00:00:00
972abe86-9794-58a0-8725-f663b217f3c8,22746863-66c2-5148-b1c3-0e496f314a04,9cea72a7-c63b-5718-8f89-cff81ccad510,resolve_issue,Investigate declining transaction volume trend,high,in_progress,2025-08-23T00:00:00,2025-07-28T00:00:00
7eb8cc6b-95f2-5049-819b-e6c9567baf44,cf28a9f3-761a-5467-972a-6b74f4c284f4,48787cb4-04a7-5b80-8148-23b777165705,training,Activate GCredit for this merchant to increase transaction volume,medium,pending,2025-08-23T00:00:00,2025-07-27T00:00:00
ea5a8b40-40f1-59b2-95b5-cf0a17495d21,5cb5f68d-dbf0-5c90-9e6c-e13a3464fb8f,c529bf79-90d3-5602-9399-40738335c242,visit_merchant,Offer promotional rates for Cash-In to combat Maya competition,medium,skipped,2025-08-31T00:00:00,2025-07-21T00:00:00
60eab6cc-ea37-563e-8696-0e3f5c990503,6a536aa5-84b3-5994-9693-3f54ec998ced,b2f279e6-14b4-5a5c-aadc-0b5ab2dd4e7a,follow_up,Provide updated marketing collateral and QR standee,high,completed,2025-08-09T00:00:00,2025-07-22T00:00:00
b16f4851-5196-5299-a06a-131f8eda3f28,9400bc5a-a0e8-51d4-ac65-198f7c034d14,fbcd212e-451d-5600-a271-8fec64b3a9b9,upsell_product,Provide updated marketing collateral and QR standee,high,pending,2025-08-19T00:00:00,2025-07-22T00:00:00
13c4d6d4-5a16-5e8e-ba81-9ec9406b8602,b4f9dae8-ae3e-584f-82de-7a4ccd246261,dfba0cf4-e584-5bcd-8343-0655db792844,reactivation,Upsell Buy Load service - high foot traffic area,high,completed,2025-08-11T00:00:00,2025-08-01T00:00:00
89891b06-72e2-5449-a097-9de0947bdc51,9238634c-c937-5e10-b425-5e31b9923a8b,7c9704d9-8185-57b1-bf6a-de200c4e2109,reactivation,Offer promotional rates for Cash-In to combat Maya competition,medium,pending,2025-08-10T00:00:00,2025-07-25T00:00:00
311346c4-2b19-5306-bb29-35769b486b92,c0fcbd72-431a-5fae-a813-aad8ed4da4a5,fbcd212e-451d-5600-a271-8fec64b3a9b9,resolve_issue,Provide updated marketing collateral and QR standee,high,completed,2025-08-08T00:00:00,2025-07-22T00:00:00
8411c91c-3a9f-52f9-94fe-b70efbd99885,206260d0-62ac-5e96-b71d-661b687cf9f7,1208ec90-8992-569c-9143-a14b6d5727e9,follow_up,Resolve merchant complaint about delayed settlements,high,pending,2025-08-10T00:00:00,2025-07-18T00:00:00
3f4e5718-2409-574f-b24e-f2d83072183c,d1990782-0026-5f85-a6ec-c0d79e7b1c0e,374e0ccd-4366-597f-b5c3-6d60795d3480,upsell_product,Investigate declining transaction volume trend,low,skipped,2025-08-03T00:00:00,2025-07-29T00:00:00
051e178d-3eeb-522e-bbce-6eae30351f9b,40f0390b-96f3-537f-a920-2eed11fbbe5b,1208ec90-8992-569c-9143-a14b6d5727e9,follow_up,Investigate declining transaction volume trend,medium,skipped,2025-08-07T00:00:00,2025-08-01T00:00:00
cc735710-5c29-5e4d-bf11-b2d6f1cc5544,658a0dac-8301-5979-8a2d-e6706358d4ec,9cea72a7-c63b-5718-8f89-cff81ccad510,training,Conduct training on new GInsure products,high,in_progress,2025-08-28T00:00:00,2025-07-28T00:00:00
7faec5b1-5cf8-5a7a-81c4-4002ee082f85,88bf0ee2-5237-548f-b350-bd7762cf6887,1c629fb9-bb65-504f-8efa-b901acda8a1d,upsell_product,Provide updated marketing collateral and QR standee,medium,completed,2025-08-05T00:00:00,2025-07-23T00:00:00
ee2ebecc-f33b-5f4b-925a-c360a9ad0a42,c9578173-114a-5c18-a4ae-bd8006b20bf7,c928179a-f72b-50f2-bd6c-8efebcd2d268,upsell_product,Schedule GSave onboarding session with merchant,high,in_progress,2025-08-27T00:00:00,2025-07-19T00:00:00
bebf16f7-a306-55bc-aeda-7d638fe47991,242e361d-cdf2-546c-a27c-61a39044493c,c928179a-f72b-50f2-bd6c-8efebcd2d268,resolve_issue,Schedule GSave onboarding session with merchant,high,completed,2025-08-05T00:00:00,2025-07-31T00:00:00
02d6e0fb-7292-5a17-ae52-5d367e6071ac,b6820f4f-8105-5eae-8388-93df55b5a919,229ec319-00c3-5250-afbc-759d6132ee64,resolve_issue,Provide updated marketing collateral and QR standee,high,in_progress,2025-08-14T00:00:00,2025-07-23T00:00:00
3f8b7660-1d12-5fa0-a297-af34947b8889,e9c26c5f-6e89-53ec-8a85-bf1d27870158,dced9f60-36c3-51a3-a4cd-895dfd671dec,training,Resolve merchant complaint about delayed settlements,medium,completed,2025-08-02T00:00:00,2025-07-28T00:00:00
60a2e7a2-e516-500d-b2fb-3e96fc06a7d8,13162149-fc7c-5b4a-9563-600adbd72fa5,15e1ebab-b0bf-514c-8405-61b9a3993057,visit_merchant,Schedule GSave onboarding session with merchant,low,pending,2025-08-22T00:00:00,2025-07-19T00:00:00
6c519a22-03e8-5ea1-ad3c-62474636d4aa,f20b59b4-8074-505b-8765-123df9d62099,15e1ebab-b0bf-514c-8405-61b9a3993057,training,Conduct training on new GInsure products,low,completed,2025-08-31T00:00:00,2025-07-29T00:00:00
12b85b76-02e8-54ca-994d-de4cb7e1f629,d52c3009-7a12-53ac-9140-2a40df2499ba,e06691ef-a8bb-5f87-8c9e-c3e0b896f324,visit_merchant,Offer promotional rates for Cash-In to combat Maya competition,medium,pending,2025-08-16T00:00:00,2025-07-22T00:00:00
c763980d-97f8-5899-8d93-6c00e887e09d,131766f9-7a95-5c38-89ca-cb3f219ffe8c,229ec319-00c3-5250-afbc-759d6132ee64,training,Follow up on pending Bills Payment activation,medium,skipped,2025-08-21T00:00:00,2025-07-19T00:00:00
8c5023f8-1f1f-57d9-98fa-cd57f816376c,2c198f0c-837a-59d2-83dd-1cf8ddf69b3e,60ccfd44-0502-5fa0-8d27-9cc265f1db31,follow_up,Schedule GSave onboarding session with merchant,high,pending,2025-08-31T00:00:00,2025-08-01T00:00:00
9bb86ed4-788f-5b40-8f8a-76149d2965ac,24f6205d-af78-55c4-9ac6-42db10b9b00f,60ccfd44-0502-5fa0-8d27-9cc265f1db31,follow_up,Conduct training on new GInsure products,low,skipped,2025-08-18T00:00:00,2025-07-23T00:00:00
9aaadd0d-368f-5eed-82fb-77be06abcdc1,b6fe779b-5c1b-5168-b1fe-21fba9d1ac9e,7a052b5f-cf18-5b63-91b4-4c385d96d71f,follow_up,Re-engage merchant - no transactions in 14 days,high,pending,2025-08-11T00:00:00,2025-07-24T00:00:00
a356e4c4-db0f-5fff-b1c1-c017f7da8763,f54ee33a-a490-55e7-bcfe-bbd885822d51,1c629fb9-bb65-504f-8efa-b901acda8a1d,follow_up,Conduct training on new GInsure products,medium,in_progress,2025-08-13T00:00:00,2025-07-21T00:00:00
9390e72a-7e44-52fa-90bb-e12d5478b1b1,a8a7d198-5dd8-5f3c-9c89-9a051fe2d125,9cea72a7-c63b-5718-8f89-cff81ccad510,upsell_product,Conduct training on new GInsure products,medium,skipped,2025-08-05T00:00:00,2025-07-23T00:00:00
66809b07-e694-5ee3-b898-903e8bde326f,2d71b602-681d-5ad6-8d68-5690a23c8e04,1c629fb9-bb65-504f-8efa-b901acda8a1d,reactivation,Conduct training on new GInsure products,medium,in_progress,2025-08-09T00:00:00,2025-07-20T00:00:00
41cf6135-05d5-5c97-a632-53566daf4036,6d2ea7cb-0c6c-5a84-bfcb-5400bb49905d,60ccfd44-0502-5fa0-8d27-9cc265f1db31,resolve_issue,Resolve merchant complaint about delayed settlements,low,pending,2025-08-21T00:00:00,2025-08-01T00:00:00
a4508c3d-d6c5-59b9-967f-b44b596f6274,4d771381-b671-5e5c-89b7-d6a2435b77e8,1c629fb9-bb65-504f-8efa-b901acda8a1d,training,Offer promotional rates for Cash-In to combat Maya competition,medium,pending,2025-08-20T00:00:00,2025-07-27T00:00:00
e5a8fad9-ed56-5e71-9601-248e5aa344c8,e51a4339-2687-531d-a3e2-a566085efbb3,dced9f60-36c3-51a3-a4cd-895dfd671dec,upsell_product,Activate GCredit for this merchant to increase transaction volume,medium,in_progress,2025-08-07T00:00:00,2025-07-29T00:00:00
a971694c-e210-5c9d-9f87-8c0408fc23c7,76da179c-4d8c-522f-99fc-aa130e0c2abc,1c4e1934-fdf0-56a8-938c-7c2c04e9fac2,upsell_product,Activate GCredit for this merchant to increase transaction volume,low,completed,2025-08-24T00:00:00,2025-08-01T00:00:00
6a6af90b-74b4-5bfe-b397-702a576c1257,6511e734-1feb-59af-a892-a87374f34ebb,e06691ef-a8bb-5f87-8c9e-c3e0b896f324,follow_up,Re-engage merchant - no transactions in 14 days,high,pending,2025-08-31T00:00:00,2025-07-27T00:00:00
1d120265-c81d-519e-adc9-7643bcc82607,f9b89a31-5568-500b-ad1d-a051081a529c,492935f3-f9ee-5d56-b64a-6da8931cf13b,visit_merchant,Investigate declining transaction volume trend,high,completed,2025-08-10T00:00:00,2025-07-19T00:00:00
a22af258-b055-593a-8d62-faecdcc884d3,26e2623e-c56a-55d8-912f-fab4962ae298,434590a6-0601-5b3c-8768-f7537c77519e,upsell_product,Resolve merchant complaint about delayed settlements,low,completed,2025-08-14T00:00:00,2025-07-28T00:00:00
2bb378c8-0fc3-596d-a8f6-d0adf8518baf,d1d234d2-2487-57ef-aee2-33e973811c55,7a052b5f-cf18-5b63-91b4-4c385d96d71f,visit_merchant,Follow up on pending Bills Payment activation,high,skipped,2025-08-20T00:00:00,2025-07-19T00:00:00
adaa98ac-0f6f-56f3-9049-09fbf819648f,e9c26c5f-6e89-53ec-8a85-bf1d27870158,dced9f60-36c3-51a3-a4cd-895dfd671dec,reactivation,Provide updated marketing collateral and QR standee,high,completed,2025-08-09T00:00:00,2025-07-30T00:00:00
b9e23cb1-307a-57b6-8abb-11b16877dcbd,6511e734-1feb-59af-a892-a87374f34ebb,e06691ef-a8bb-5f87-8c9e-c3e0b896f324,training,Activate GCredit for this merchant to increase transaction volume,high,completed,2025-08-16T00:00:00,2025-07-24T00:00:00
803ef962-5218-5e25-a607-8c54d4b13a07,1ae0052d-8327-5fd0-abce-e0277e57bc3e,54684399-5e5a-54ab-a9b2-5e8ff35f0223,resolve_issue,Follow up on pending Bills Payment activation,medium,skipped,2025-08-23T00:00:00,2025-08-01T00:00:00
eb8ffa99-8d9d-58a1-a6ed-159b42dedebb,6674b5c4-5676-5e15-a60b-247a96538cee,24c3eae6-21de-5fa7-ad75-775edd1167e0,upsell_product,Resolve merchant complaint about delayed settlements,medium,in_progress,2025-08-04T00:00:00,2025-07-27T00:00:00
0fc9bd1a-42d9-584c-a9bb-f7a36a8eb052,dce5079e-2a1f-5bcf-a06a-c77c37039980,ea60bf00-905e-5abc-b08e-4c17000dd149,reactivation,Investigate declining transaction volume trend,medium,pending,2025-08-07T00:00:00,2025-07-18T00:00:00
1c761900-fcde-53ea-9cb2-f33f83b07e29,61d93767-d7ee-521d-95c6-0754c90f57d3,c529bf79-90d3-5602-9399-40738335c242,reactivation,Upsell Buy Load service - high foot traffic area,medium,in_progress,2025-08-31T00:00:00,2025-07-20T00:00:00
c9e1ec24-0506-5399-bb2f-ff344f0d5641,19d5fa88-6515-5d16-bece-b2b2ed72bbef,1c629fb9-bb65-504f-8efa-b901acda8a1d,upsell_product,Re-engage merchant - no transactions in 14 days,medium,pending,2025-08-23T00:00:00,2025-07-21T00:00:00
d94e92b7-1fe2-5e75-aa67-c783d153ac34,1a94663f-aa95-558c-add3-ac9094daaea6,23fca699-b0f6-528a-8efe-52e28bb1b8b0,resolve_issue,Follow up on pending Bills Payment activation,medium,pending,2025-08-17T00:00:00,2025-07-21T00:00:00
c84fd5a3-1735-50ba-ab6e-27404ecfef7e,dfd8191b-b887-5fbd-82b6-28453104ddd5,b21aa617-83df-5e76-b78c-67561698ba56,visit_merchant,Resolve merchant complaint about delayed settlements,low,skipped,2025-08-31T00:00:00,2025-07-22T00:00:00
3a9c9275-d395-5178-b8e5-081a4eca26e5,732fe5fd-2dd9-5e16-9ff1-20b392cf8dcf,23fca699-b0f6-528a-8efe-52e28bb1b8b0,resolve_issue,Re-engage merchant - no transactions in 14 days,high,in_progress,2025-08-24T00:00:00,2025-07-22T00:00:00
a3954a76-c75e-52dd-b833-01857cbbbe7a,26cfb47a-1770-50c0-93c0-1902e1383ecb,bcf1d1e0-afa3-56df-89af-e879b7a6a0d2,upsell_product,Investigate declining transaction volume trend,medium,skipped,2025-08-30T00:00:00,2025-07-19T00:00:00
82b6b057-a4bc-5149-a30b-918794d25997,06ddfe83-8a06-5462-8cc2-d513bb19d779,434590a6-0601-5b3c-8768-f7537c77519e,visit_merchant,Resolve merchant complaint about delayed settlements,high,skipped,2025-08-02T00:00:00,2025-07-20T00:00:00
6d913ad6-491d-52e8-83e0-b1e5bb106c98,2e0dbc5a-145a-5f98-95d6-887c0928278d,48787cb4-04a7-5b80-8148-23b777165705,resolve_issue,Resolve merchant complaint about delayed settlements,high,pending,2025-08-22T00:00:00,2025-07-22T00:00:00
ad544504-708a-529f-aa69-4dd941fd9da6,578d5b84-5e11-50bd-b68e-24b49a525709,c928179a-f72b-50f2-bd6c-8efebcd2d268,resolve_issue,Activate GCredit for this merchant to increase transaction volume,medium,completed,2025-08-16T00:00:00,2025-07-21T00:00:00
8250655c-be7a-578e-9a9e-29428c73be79,ef1b6e73-f031-5894-824a-4ff1e58fc120,c928179a-f72b-50f2-bd6c-8efebcd2d268,upsell_product,Resolve merchant complaint about delayed settlements,medium,pending,2025-08-29T00:00:00,2025-07-18T00:00:00
7a7556e8-f1fb-54b7-a69c-2a441576ab6e,d29cf6f4-6b13-5abd-b139-5571265a0bb4,a0ba4c9a-ca4d-55e7-9662-8b384d306f9a,upsell_product,Investigate declining transaction volume trend,medium,pending,2025-08-22T00:00:00,2025-07-28T00:00:00
7fac2986-a997-5f54-8d26-b8529086e3fc,dce5079e-2a1f-5bcf-a06a-c77c37039980,ea60bf00-905e-5abc-b08e-4c17000dd149,reactivation,Re-engage merchant - no transactions in 14 days,high,pending,2025-08-12T00:00:00,2025-07-22T00:00:00
4038a029-46ec-541a-bfc1-4c521e91e5f9,00ad044e-c101-5f75-83ea-3c17282f2357,d9bae779-a771-5de7-a713-f7d02913bd5b,reactivation,Activate GCredit for this merchant to increase transaction volume,low,completed,2025-08-04T00:00:00,2025-07-30T00:00:00
aceaa722-9d2c-5395-93fb-f0ce1a94695d,6c486d84-abcb-58a9-a7db-ff516a80a68c,229ec319-00c3-5250-afbc-759d6132ee64,follow_up,Activate GCredit for this merchant to increase transaction volume,medium,completed,2025-08-13T00:00:00,2025-07-21T00:00:00
a6474e9e-dc46-546d-a869-329c61dde24f,62707310-8f7f-5b6b-b019-d6ac621cb7ce,b21aa617-83df-5e76-b78c-67561698ba56,upsell_product,Provide updated marketing collateral and QR standee,medium,in_progress,2025-08-26T00:00:00,2025-07-22T00:00:00
23ddbfed-f433-54fd-a316-4c9e4020fff2,1266d63c-a77a-50ae-95b3-aac6f8c10618,adf43fc2-e637-5500-8a6b-8a40e079d07c,resolve_issue,Investigate declining transaction volume trend,low,pending,2025-08-03T00:00:00,2025-08-01T00:00:00
a7ad6b28-67e7-59b1-ac8a-b1ecac950037,bd497535-7902-5987-af45-39611a302a57,434590a6-0601-5b3c-8768-f7537c77519e,upsell_product,Follow up on pending Bills Payment activation,medium,skipped,2025-08-17T00:00:00,2025-07-18T00:00:00
cf5cf26a-344b-51a0-abc2-9ae3e5f94d7f,98a2cd8f-27f3-54b3-a80a-10e08de1d82c,adf43fc2-e637-5500-8a6b-8a40e079d07c,training,Offer promotional rates for Cash-In to combat Maya competition,high,in_progress,2025-08-19T00:00:00,2025-07-25T00:00:00
505bd21d-13bf-5504-8072-e79b54a65923,e3b326ae-5bf3-5a94-aaa5-0408c00a651e,1c4e1934-fdf0-56a8-938c-7c2c04e9fac2,reactivation,Activate GCredit for this merchant to increase transaction volume,high,skipped,2025-08-16T00:00:00,2025-07-31T00:00:00
f957eea4-4c8a-58c0-8127-0d63eac7455b,4415fe8c-97cc-5d15-aee3-27997578bfd9,1208ec90-8992-569c-9143-a14b6d5727e9,resolve_issue,Investigate declining transaction volume trend,medium,completed,2025-08-03T00:00:00,2025-07-25T00:00:00
22c69b4c-4145-5157-ba7b-e66a9335ec26,8a91073c-f678-5bb2-8e9b-1cd31b741b64,25c743f6-6b99-5904-8a4a-4b29b700d9e7,visit_merchant,Re-engage merchant - no transactions in 14 days,medium,skipped,2025-08-14T00:00:00,2025-07-21T00:00:00
fd342e83-2afd-54e6-8f5e-b417ae970435,b7622fbb-f035-5077-9daf-cda09e12077a,e06691ef-a8bb-5f87-8c9e-c3e0b896f324,visit_merchant,Provide updated marketing collateral and QR standee,medium,pending,2025-08-25T00:00:00,2025-07-26T00:00:00
2356a4bd-c98b-5d05-acf9-7df469ec78bd,cdca6c1b-b1d5-5949-95f0-594b17d63ff9,ea60bf00-905e-5abc-b08e-4c17000dd149,training,Offer promotional rates for Cash-In to combat Maya competition,medium,pending,2025-08-26T00:00:00,2025-07-28T00:00:00
68592e93-74e2-50aa-a087-fb105813420a,abf5ce7e-4a34-585e-8499-eaed5429d9c0,15e1ebab-b0bf-514c-8405-61b9a3993057,reactivation,Resolve merchant complaint about delayed settlements,medium,pending,2025-08-06T00:00:00,2025-07-25T00:00:00
d64ebf50-36b7-5045-8ee8-47297891ac99,26642037-fe53-501b-99f5-0c21fae5336e,bcf1d1e0-afa3-56df-89af-e879b7a6a0d2,resolve_issue,Conduct training on new GInsure products,medium,in_progress,2025-08-31T00:00:00,2025-07-30T00:00:00
d7ac525b-9178-5147-83f5-3008537c2d27,59796915-dc07-5f60-a803-aaace8adee1a,1208ec90-8992-569c-9143-a14b6d5727e9,training,Conduct training on new GInsure products,low,skipped,2025-08-13T00:00:00,2025-07-27T00:00:00
37d2b64a-4dc9-500a-a8aa-e8a4c90b01a2,86f7bc46-6959-5a49-bf82-046a41a2dde2,8086f1f4-673d-5987-81b0-8f204dbfd2ab,upsell_product,Schedule GSave onboarding session with merchant,low,pending,2025-08-25T00:00:00,2025-07-22T00:00:00
db140450-0368-56c9-a1bc-6e8ecd7958ed,44d69290-6f3e-524e-9759-ecc66d1e9ceb,e06691ef-a8bb-5f87-8c9e-c3e0b896f324,follow_up,Investigate declining transaction volume trend,medium,pending,2025-08-19T00:00:00,2025-07-31T00:00:00
75244b7a-48af-52b8-9fc1-d556a5175234,13162149-fc7c-5b4a-9563-600adbd72fa5,15e1ebab-b0bf-514c-8405-61b9a3993057,training,Offer promotional rates for Cash-In to combat Maya competition,medium,pending,2025-08-02T00:00:00,2025-07-22T00:00:00
e13f527d-62a1-5e3c-badc-a72f00e431c3,13e9865d-d14f-598f-b083-8b877609cc7c,54684399-5e5a-54ab-a9b2-5e8ff35f0223,upsell_product,Provide updated marketing collateral and QR standee,high,in_progress,2025-08-28T00:00:00,2025-07-25T00:00:00
2b08b9c1-64ca-5bfc-805f-4c2abfa65ed7,59796915-dc07-5f60-a803-aaace8adee1a,1208ec90-8992-569c-9143-a14b6d5727e9,follow_up,Conduct training on new GInsure products,high,completed,2025-08-28T00:00:00,2025-07-18T00:00:00
2437150e-9fe9-5e42-a637-7c62c70aed0f,b4077fc4-2cf7-5ff9-8d68-edb22986e213,9cea72a7-c63b-5718-8f89-cff81ccad510,visit_merchant,Re-engage merchant - no transactions in 14 days,medium,pending,2025-08-28T00:00:00,2025-07-21T00:00:00
2d46f158-7f80-51ec-bf5c-4ed9feeaec57,e397969e-b51f-5445-b386-9d4053ca0e27,7a052b5f-cf18-5b63-91b4-4c385d96d71f,follow_up,Activate GCredit for this merchant to increase transaction volume,high,skipped,2025-08-23T00:00:00,2025-07-26T00:00:00
a00b2367-2cf9-5947-8c6a-cd75a55fbef5,7c02f579-69f1-5574-84c1-fc512e1649c7,dced9f60-36c3-51a3-a4cd-895dfd671dec,follow_up,Upsell Buy Load service - high foot traffic area,medium,skipped,2025-08-30T00:00:00,2025-07-20T00:00:00
2a82b8fa-55ac-54d0-bb19-a48d429d2b4a,aa142702-c42a-5872-bb6a-5ca621de8a2a,713b8e42-ca09-58c1-9db4-ab4f3f05fc3c,visit_merchant,Schedule GSave onboarding session with merchant,medium,completed,2025-08-17T00:00:00,2025-07-25T00:00:00
9c7ea7bf-8381-5223-a87b-32224c8ef6d3,08f0ac25-f784-5630-80b7-6da94159ddd7,1fab32d7-3f51-5470-b5b9-ea72005a2e68,resolve_issue,Schedule GSave onboarding session with merchant,medium,completed,2025-08-12T00:00:00,2025-07-25T00:00:00
da06c34c-d043-5bd3-ac58-fc1c6951ed3a,1893853f-90b4-5018-a7fd-bd61bf9f2ee4,229ec319-00c3-5250-afbc-759d6132ee64,visit_merchant,Conduct training on new GInsure products,low,pending,2025-08-11T00:00:00,2025-07-28T00:00:00
5f8b19c7-f9e5-56df-8862-16b1ae2d55f7,e9c26c5f-6e89-53ec-8a85-bf1d27870158,dced9f60-36c3-51a3-a4cd-895dfd671dec,reactivation,Provide updated marketing collateral and QR standee,low,pending,2025-08-08T00:00:00,2025-07-21T00:00:00
2aba7933-57f6-50af-a946-8c343a9a93ca,4c97df8a-b536-5991-bed8-a6d0664d9c6a,7ff0bab0-c69b-54d0-86a2-99ea2da3e58c,reactivation,Re-engage merchant - no transactions in 14 days,medium,completed,2025-08-11T00:00:00,2025-07-25T00:00:00
69a19d6c-b08c-59b6-bbd6-bfef6f84e9e2,b74b13ca-301b-5f91-9331-c699ee006367,bcf1d1e0-afa3-56df-89af-e879b7a6a0d2,reactivation,Resolve merchant complaint about delayed settlements,high,pending,2025-08-24T00:00:00,2025-07-28T00:00:00
3e597de2-6ffb-55f6-b465-5e349e23456b,bd497535-7902-5987-af45-39611a302a57,434590a6-0601-5b3c-8768-f7537c77519e,upsell_product,Investigate declining transaction volume trend,high,in_progress,2025-08-03T00:00:00,2025-07-21T00:00:00
6103027e-2f2e-574c-ae50-c780c9207869,5c673601-1bdd-5b0a-92c8-2fe43124c690,229ec319-00c3-5250-afbc-759d6132ee64,visit_merchant,Investigate declining transaction volume trend,high,pending,2025-08-14T00:00:00,2025-07-23T00:00:00
de28cc7d-c451-524c-aa7c-bbedbd764072,c9d9414c-502d-5ffd-ae22-53dde1ebdd96,1c4e1934-fdf0-56a8-938c-7c2c04e9fac2,follow_up,Conduct training on new GInsure products,high,completed,2025-08-21T00:00:00,2025-07-26T00:00:00
a0e60039-3c7c-5fed-9515-b4a05cc00f5d,23826633-9aad-5005-85cf-96f377012cf8,8086f1f4-673d-5987-81b0-8f204dbfd2ab,training,Upsell Buy Load service - high foot traffic area,high,in_progress,2025-08-12T00:00:00,2025-07-31T00:00:00
555f9826-ba8f-59cd-89ab-5929ab8f9db8,44822024-67e2-5ccc-aa07-5429953f362a,c529bf79-90d3-5602-9399-40738335c242,training,Schedule GSave onboarding session with merchant,low,completed,2025-08-21T00:00:00,2025-07-26T00:00:00
bc85ff3f-100d-55e9-863f-f228d881a3a9,47dd943b-3a59-5885-831f-5b9a7f3b9396,dced9f60-36c3-51a3-a4cd-895dfd671dec,training,Schedule GSave onboarding session with merchant,medium,in_progress,2025-08-28T00:00:00,2025-07-26T00:00:00
8776f3ee-f2a8-598f-8550-02eca6d09dd5,1a94663f-aa95-558c-add3-ac9094daaea6,23fca699-b0f6-528a-8efe-52e28bb1b8b0,upsell_product,Provide updated marketing collateral and QR standee,high,in_progress,2025-08-21T00:00:00,2025-07-23T00:00:00
bb4c8699-0981-5d11-98e8-83d4002a3fb4,9650ad8e-ef6a-5f37-a5e4-f6691a8324fb,7ff0bab0-c69b-54d0-86a2-99ea2da3e58c,upsell_product,Follow up on pending Bills Payment activation,medium,skipped,2025-08-28T00:00:00,2025-07-29T00:00:00
ea679da2-0594-5782-91a8-45a7a2e40083,98847415-a6bc-5eed-9f05-a9af7bd353d4,ea60bf00-905e-5abc-b08e-4c17000dd149,upsell_product,Upsell Buy Load service - high foot traffic area,medium,pending,2025-08-03T00:00:00,2025-07-26T00:00:00
eb6cd2a0-46a3-55fb-90ce-ce2530a86951,da0cb885-df95-54a9-907a-b809b1ee7b74,c529bf79-90d3-5602-9399-40738335c242,visit_merchant,Offer promotional rates for Cash-In to combat Maya competition,low,in_progress,2025-08-07T00:00:00,2025-07-19T00:00:00
4dabdb2b-afef-501a-ae96-1dcc257289ab,fc7a443a-1297-5090-bfed-6c8bdf0de11e,48787cb4-04a7-5b80-8148-23b777165705,reactivation,Upsell Buy Load service - high foot traffic area,low,skipped,2025-08-27T00:00:00,2025-07-24T00:00:00
5caa97ee-3204-5c78-9f38-c89f4abb8afe,f1aca4b1-7e3d-57d1-9a9d-43efa13d8c8a,ea60bf00-905e-5abc-b08e-4c17000dd149,follow_up,Resolve merchant complaint about delayed settlements,medium,pending,2025-08-09T00:00:00,2025-07-25T00:00:00
328a479f-3d92-53ab-b3f5-d7b18e280abb,3f937259-bd27-5034-8819-7864795688aa,e06691ef-a8bb-5f87-8c9e-c3e0b896f324,follow_up,Upsell Buy Load service - high foot traffic area,medium,pending,2025-08-14T00:00:00,2025-07-19T00:00:00
13110613-872a-5688-b0f9-2ea3e5398dda,b9dfddd7-6ab6-5fb8-97df-7a83266a2dbf,214dee86-b858-5e86-aad7-d05cc5d8a623,training,Conduct training on new GInsure products,high,pending,2025-08-14T00:00:00,2025-07-31T00:00:00
96ff82eb-666a-568a-b8be-185595474700,98a2cd8f-27f3-54b3-a80a-10e08de1d82c,adf43fc2-e637-5500-8a6b-8a40e079d07c,visit_merchant,Upsell Buy Load service - high foot traffic area,high,pending,2025-08-13T00:00:00,2025-07-29T00:00:00
535da3a4-9354-5df2-8214-737a791878d7,e0871838-be01-5d11-b197-cc87d0f2ba01,d9bae779-a771-5de7-a713-f7d02913bd5b,visit_merchant,Follow up on pending Bills Payment activation,low,pending,2025-08-28T00:00:00,2025-07-20T00:00:00
3ef05302-41ba-5824-8935-b0554be88066,702fa0a4-cbfc-5e37-a9ec-f2d1dc0a0e6a,1fab32d7-3f51-5470-b5b9-ea72005a2e68,training,Provide updated marketing collateral and QR standee,medium,pending,2025-08-08T00:00:00,2025-07-25T00:00:00
d637165c-a1d7-5e38-8af8-729001379a0c,8f419a04-5d26-5b30-8b18-7a3e176afd95,b2f279e6-14b4-5a5c-aadc-0b5ab2dd4e7a,follow_up,Schedule GSave onboarding session with merchant,medium,pending,2025-08-24T00:00:00,2025-07-18T00:00:00
c554b5b7-2312-52a2-953d-4521f3a63a7e,4d4de468-cb98-567b-b2ce-4ed1afd3bb0c,dced9f60-36c3-51a3-a4cd-895dfd671dec,resolve_issue,Activate GCredit for this merchant to increase transaction volume,medium,completed,2025-08-17T00:00:00,2025-07-31T00:00:00
ea83d415-cfff-502b-b395-b6da65533707,ba7159ca-f7be-52f1-a9d1-44a63f28cb10,9cea72a7-c63b-5718-8f89-cff81ccad510,training,Schedule GSave onboarding session with merchant,low,skipped,2025-08-28T00:00:00,2025-07-29T00:00:00
336be60e-9e3d-5b73-8dd3-b8aea64ffd5d,e51a4339-2687-531d-a3e2-a566085efbb3,dced9f60-36c3-51a3-a4cd-895dfd671dec,resolve_issue,Upsell Buy Load service - high foot traffic area,medium,completed,2025-08-30T00:00:00,2025-07-19T00:00:00
3c3f0df9-a613-54e7-b4bc-496ad4808945,841bcfd1-0e64-57bc-ba64-6ea24330f2bf,15e1ebab-b0bf-514c-8405-61b9a3993057,resolve_issue,Conduct training on new GInsure products,high,completed,2025-08-18T00:00:00,2025-07-30T00:00:00
17a77d64-5973-5b32-aa29-dd1096f320be,1fc68ae9-858e-5a2e-ade5-3501459c5fa6,7c9704d9-8185-57b1-bf6a-de200c4e2109,visit_merchant,Provide updated marketing collateral and QR standee,low,pending,2025-08-12T00:00:00,2025-07-18T00:00:00
85cd669b-ed6e-5793-8bfd-dd6fe35c15cb,75bbd7eb-0476-5f46-9b01-32c25a4774e3,b21aa617-83df-5e76-b78c-67561698ba56,follow_up,Offer promotional rates for Cash-In to combat Maya competition,medium,skipped,2025-08-26T00:00:00,2025-07-28T00:00:00
1f3ca033-402a-5211-bccf-1f23db1cba88,11eb90aa-c2ce-5140-854e-7e88706cc9c6,434590a6-0601-5b3c-8768-f7537c77519e,follow_up,Activate GCredit for this merchant to increase transaction volume,low,pending,2025-08-12T00:00:00,2025-07-25T00:00:00
a08872f5-d375-590a-992f-85aa32885a53,622e35cf-534c-5472-84c8-30c4c81eeee1,24c3eae6-21de-5fa7-ad75-775edd1167e0,resolve_issue,Resolve merchant complaint about delayed settlements,high,completed,2025-08-11T00:00:00,2025-07-19T00:00:00
22b6a449-9054-5e1c-9ee0-159b004a7243,cd4e24ea-ad6f-58f3-bdd8-39de32c1b412,fbcd212e-451d-5600-a271-8fec64b3a9b9,resolve_issue,Resolve merchant complaint about delayed settlements,medium,completed,2025-08-11T00:00:00,2025-07-27T00:00:00
d4bda357-5e60-5390-b92c-add07ebce71b,e51a4339-2687-531d-a3e2-a566085efbb3,dced9f60-36c3-51a3-a4cd-895dfd671dec,upsell_product,Conduct training on new GInsure products,high,completed,2025-08-19T00:00:00,2025-07-29T00:00:00
07386599-c887-5dd4-9cb3-ed4341b269ab,1b5b3406-cca4-5db4-bdc0-313197045c63,54684399-5e5a-54ab-a9b2-5e8ff35f0223,visit_merchant,Provide updated marketing collateral and QR standee,medium,pending,2025-08-31T00:00:00,2025-07-28T00:00:00
1414c386-b476-578f-8239-e50b1e40b5dc,9030d083-9e8b-5741-89ea-e73efe284f44,229ec319-00c3-5250-afbc-759d6132ee64,resolve_issue,Conduct training on new GInsure products,high,in_progress,2025-08-16T00:00:00,2025-07-31T00:00:00
929b6e95-16f1-5b99-b846-3fb71be8c2d2,0119dc39-1092-5316-b82f-ff32891806f1,f81e0179-c82e-5d0d-82b4-c2bf0fde0a92,resolve_issue,Investigate declining transaction volume trend,low,pending,2025-08-06T00:00:00,2025-07-30T00:00:00
62387ccd-ccfa-59eb-90fb-a2c7cfe97ab5,e3b326ae-5bf3-5a94-aaa5-0408c00a651e,1c4e1934-fdf0-56a8-938c-7c2c04e9fac2,reactivation,Investigate declining transaction volume trend,medium,completed,2025-08-25T00:00:00,2025-07-29T00:00:00
9fcd8770-5ad2-5dc8-ace7-571e6ddc10d3,2569b207-63d9-5d61-acdf-5e2b83e894da,b21aa617-83df-5e76-b78c-67561698ba56,visit_merchant,Conduct training on new GInsure products,high,completed,2025-08-19T00:00:00,2025-07-19T00:00:00
270de96e-3114-5021-b5d3-ab97551f3b41,44c79770-368b-5537-9952-7170040a5301,c928179a-f72b-50f2-bd6c-8efebcd2d268,visit_merchant,Upsell Buy Load service - high foot traffic area,low,completed,2025-08-09T00:00:00,2025-07-26T00:00:00
90061a3c-17ae-5ca8-95fa-2443fd9e9463,c2b19867-0e0f-5168-989d-6d69067eb606,214dee86-b858-5e86-aad7-d05cc5d8a623,upsell_product,Follow up on pending Bills Payment activation,medium,completed,2025-08-09T00:00:00,2025-07-30T00:00:00
23fab3ac-0b67-5c40-89d8-ec80263aefec,26642037-fe53-501b-99f5-0c21fae5336e,bcf1d1e0-afa3-56df-89af-e879b7a6a0d2,reactivation,Activate GCredit for this merchant to increase transaction volume,medium,skipped,2025-08-30T00:00:00,2025-07-29T00:00:00
3b7b7a7f-d17f-53c0-8766-f2d756a74708,d38029ff-40eb-5673-b670-dcdf1fd1b2b1,f81e0179-c82e-5d0d-82b4-c2bf0fde0a92,visit_merchant,Re-engage merchant - no transactions in 14 days,high,in_progress,2025-08-10T00:00:00,2025-07-23T00:00:00
b6f1aeaa-0a7a-5057-92a4-2d6c898bd62f,da0cb885-df95-54a9-907a-b809b1ee7b74,c529bf79-90d3-5602-9399-40738335c242,follow_up,Provide updated marketing collateral and QR standee,medium,pending,2025-08-07T00:00:00,2025-07-20T00:00:00
77fbbe7d-7fd6-523a-9460-153fb9a93ba1,7c74deb2-f910-514d-ac23-b4a7a7070cdf,dfba0cf4-e584-5bcd-8343-0655db792844,resolve_issue,Follow up on pending Bills Payment activation,low,completed,2025-08-16T00:00:00,2025-07-26T00:00:00
6f0a568e-b101-5ea4-bbb3-8a30f4fddb07,96bd0205-8de7-5b6e-960c-0ac3e6a47340,7ff0bab0-c69b-54d0-86a2-99ea2da3e58c,reactivation,Provide updated marketing collateral and QR standee,low,pending,2025-08-26T00:00:00,2025-07-30T00:00:00
2cf9e203-5aab-5594-bb33-17b75d061061,13860416-cfcd-5aa8-ac90-096ab9677e84,713b8e42-ca09-58c1-9db4-ab4f3f05fc3c,visit_merchant,Schedule GSave onboarding session with merchant,low,pending,2025-08-03T00:00:00,2025-07-29T00:00:00
