id,outlet_name,merchant_id,area_id,address,city,province,latitude,longitude,outlet_type,status,onboarding_date
64375d9c-4b5c-56d7-afec-88a80e128c44,Corazon Padala Center,26bf2e04-2900-5c51-a63e-fbcc95d4a9c6,28ac47f7-f1ce-5fc3-966a-5dcdd795fc26,"713 EDSA, Brgy. Pinyahan",Parañaque,Metro Manila,14.58458,120.90105,tier1_urban,active,2025-06-13
ebf3f030-639e-5ef4-8c63-5a827b9d67f8,Jose Pawnshop,a908fe70-98bb-5f1e-8e6a-13439d886521,a87e363d-04c2-5fe0-abdc-8924fa7bf1a1,"221 EDSA, Brgy. Ugong",Marikina,Metro Manila,14.732068,121.021776,tier2_suburban,active,2026-08-03
66d5a328-8eb1-5975-be4b-a35975328fcb,Mang Antonio's Tindahan,676de22a-98af-5829-bf98-7fa524711054,dd92fc02-23e6-54d1-8ade-4dc72b56055b,"244 España Blvd, Brgy. Poblacion",Lapu-Lapu,Cebu,10.2382,123.883965,tier3_rural,active,2025-11-26
b9dfddd7-6ab6-5fb8-97df-7a83266a2dbf,Ramon Express,0dfdd4f4-02e5-5a55-8a9b-891b9a5b9ba3,be3107b0-7566-55ce-95b2-c6139ff216c6,"114 J.P. Laurel Ave, Brgy. Bambang",Davao City,Davao del Sur,7.221632,125.589586,tier3_rural,active,2026-02-17
89af9edf-f3db-5349-bcb3-f9c543399d2f,Antonio Drug Store,ab2655b1-724a-5e5b-8fc3-9d2222c45d3e,df62ff79-4b9c-5a75-8bd4-eb2c86e9c598,"299 Colon Street, Brgy. San Antonio",Olongapo,Zambales,15.230367,120.572169,tier2_suburban,active,2024-09-23
21c5f5ce-b3d2-5d73-a06e-3d9b872b6ed4,Tindahan ni Fernando,441546cc-0f25-5a0b-9229-6143b9ae4678,28ac47f7-f1ce-5fc3-966a-5dcdd795fc26,"537 Roxas Blvd, Brgy. Poblacion",Manila,Metro Manila,14.736021,121.008816,tier3_rural,inactive,2026-06-07
d8a14285-5274-5cc4-95ff-7c11b6346a04,Ana Padala Center,69982d29-2f92-54dd-8b42-4b6821813122,a87e363d-04c2-5fe0-abdc-8924fa7bf1a1,"400 J.P. Laurel Ave, Brgy. San Antonio",Las Piñas,Metro Manila,14.640701,121.096208,tier2_suburban,churned,2025-08-13
c374b78a-8385-5dbd-ab1e-726563b1014c,Fe's Mini Mart,35625f7c-5f63-5460-8f53-0327ef02828f,dd92fc02-23e6-54d1-8ade-4dc72b56055b,"366 Mabini Street, Brgy. Bagong Silang",Cebu City,Cebu,10.392901,123.931421,tier1_urban,churned,2025-11-23
9cf0258b-b196-5323-8d6c-3eccbf473c3f,Mang Teresa's Tindahan,e64f1b78-7229-5fe9-af27-3afde2f65983,be3107b0-7566-55ce-95b2-c6139ff216c6,"137 Bonifacio Avenue, Brgy. Bagong Silang",Zamboanga City,Zamboanga del Sur,7.227608,125.644053,tier1_urban,churned,2025-08-31
b2ee80b3-73ea-5139-805e-52812d1d5c0b,Ricardo Pharmacy,daebb761-d794-577f-9fe5-825a32f9b87b,df62ff79-4b9c-5a75-8bd4-eb2c86e9c598,"476 Purok 1 Street, Brgy. Pinyahan",Calamba,Laguna,15.242215,120.743449,tier1_urban,churned,2024-10-16
b9f302ee-4c36-582b-92c9-ed71368ecdc4,Ramon's Sari-Sari,6b0694da-04d6-558f-b0eb-84888914018d,28ac47f7-f1ce-5fc3-966a-5dcdd795fc26,"38 España Blvd, Brgy. San Jose",Parañaque,Metro Manila,14.463142,120.939894,tier1_urban,active,2026-01-18
43053a5a-68ac-562d-8179-906560683723,Ernesto Remittance,c8bde638-0339-5c07-874c-a95b2af691af,a87e363d-04c2-5fe0-abdc-8924fa7bf1a1,"528 Osmena Blvd, Brgy. Ugong",Marikina,Metro Manila,14.59202,120.907324,tier1_urban,active,2026-01-14
2845093a-3515-532c-90da-051c95e9baf8,Nelia's Mini Mart,0823e6b2-0533-5be8-a4bb-af369ba421e5,dd92fc02-23e6-54d1-8ade-4dc72b56055b,"883 Bonifacio Avenue, Brgy. Bagong Silang",Lapu-Lapu,Cebu,10.418573,123.959868,tier2_suburban,active,2026-03-06
d59e6887-1c3d-5cb0-b4ad-0752bfdc39fc,Aling Fernando's Store,1ebd2a93-70cd-5e1d-bbb3-34ddc32f27e1,be3107b0-7566-55ce-95b2-c6139ff216c6,"917 Osmena Blvd, Brgy. Bagong Silang",General Santos,South Cotabato,7.484234,125.548861,tier2_suburban,active,2026-01-29
5cb5f68d-dbf0-5c90-9e6c-e13a3464fb8f,Tindahan ni Rosario,712ffd3d-3fff-51cc-a23f-448d39b6b496,df62ff79-4b9c-5a75-8bd4-eb2c86e9c598,"274 Mabini Street, Brgy. Kamuning",Dasmariñas,Cavite,14.855249,120.680736,tier1_urban,inactive,2026-01-22
7f62d1a5-59cf-5ac5-b66e-24f5660b9686,Tindahan ni Lorna,c8dc6a3d-79eb-5b47-8a0e-9f7f53a90094,28ac47f7-f1ce-5fc3-966a-5dcdd795fc26,"329 Quezon Avenue, Brgy. Poblacion",Taguig,Metro Manila,14.548376,120.959128,tier2_suburban,at_risk,2026-07-14
59e64bea-9720-5d74-82b3-275489371706,Corazon Padala Center,ff19d265-6d5c-5533-b00d-20442de9f58d,a87e363d-04c2-5fe0-abdc-8924fa7bf1a1,"437 Commonwealth Ave, Brgy. Pinyahan",San Juan,Metro Manila,14.555464,120.908471,tier2_suburban,at_risk,2024-12-08
0b27d62a-700a-5cb1-bb9d-2236759107cf,Mang Corazon's Tindahan,619fe364-9174-5b42-afbb-1da57fee2265,dd92fc02-23e6-54d1-8ade-4dc72b56055b,"282 Provincial Road, Brgy. San Antonio",Iloilo City,Iloilo,10.260033,123.927503,tier2_suburban,inactive,2026-07-12
9030d083-9e8b-5741-89ea-e73efe284f44,Mang Nelia's Tindahan,8efebfca-5f24-542a-84ac-0eeb74fbcf60,be3107b0-7566-55ce-95b2-c6139ff216c6,"976 Rizal Street, Brgy. Santo Niño",Cagayan de Oro,Misamis Oriental,7.409202,125.603427,tier2_suburban,active,2026-06-12
a0950ab7-a898-57b4-b91b-7881080f21db,Ricardo's Sari-Sari,bf7b72a3-0007-56d3-aa57-fa8a5a15f1a0,df62ff79-4b9c-5a75-8bd4-eb2c86e9c598,"69 Katipunan Ave, Brgy. Bagong Silang",Olongapo,Zambales,15.053505,120.78484,tier1_urban,at_risk,2025-12-06
1c24d5fc-99e1-5493-be8a-427bdb5b3396,Nelia Padala Center,d1897cc1-395a-5ed0-bf25-a6555e7e6a98,28ac47f7-f1ce-5fc3-966a-5dcdd795fc26,"696 Fuente Osmena, Brgy. Bagong Silang",Makati,Metro Manila,14.561604,121.052617,tier3_rural,active,2025-08-25
47622b2b-94cf-5a83-aaaf-ada5db27d918,Ricardo Pawnshop,94e933d5-3caf-5ecf-9dd4-6ffea84bb0b4,a87e363d-04c2-5fe0-abdc-8924fa7bf1a1,"376 Osmena Blvd, Brgy. Bagong Silang",Navotas,Metro Manila,14.644868,120.949922,tier1_urban,active,2025-12-21
1aeb76e0-3ea0-5030-9141-833d646ae88c,Carmen Express,e205c222-e396-553f-b26a-47984778b60c,dd92fc02-23e6-54d1-8ade-4dc72b56055b,"191 J.P. Laurel Ave, Brgy. Ugong",Tacloban,Leyte,10.50959,123.912335,tier2_suburban,churned,2025-08-14
fc7c125d-137b-528f-b061-c94c52ed635a,Aling Teresa's Store,949dca79-71bc-590d-be25-60894849b55b,be3107b0-7566-55ce-95b2-c6139ff216c6,"721 Fuente Osmena, Brgy. San Jose",Zamboanga City,Zamboanga del Sur,7.497819,125.485673,tier2_suburban,active,2025-03-21
e457356b-7004-5bbf-a601-22e251c8ef03,Ernesto's Sari-Sari,66b2e8cb-dc6e-50e7-9b65-5856e207e61d,df62ff79-4b9c-5a75-8bd4-eb2c86e9c598,"139 Mabini Street, Brgy. Pinyahan",San Fernando,Pampanga,14.920859,120.714011,tier1_urban,at_risk,2025-12-23
a15fd7a2-dad1-5c57-ad76-5079b4ffa2a0,Fernando Drug Store,2caec3f9-91ae-57aa-9eb7-c390813e17c6,28ac47f7-f1ce-5fc3-966a-5dcdd795fc26,"684 Roxas Blvd, Brgy. Poblacion",Mandaluyong,Metro Manila,14.614999,120.958072,tier2_suburban,active,2025-10-27
25a51d4a-e1c0-5a85-b455-e9da122a752a,Tindahan ni Antonio,f468fc78-5dbd-5c1a-9eb6-da774f7eb9d8,a87e363d-04c2-5fe0-abdc-8924fa7bf1a1,"727 Purok 1 Street, Brgy. Santo Niño",San Juan,Metro Manila,14.688109,121.001751,tier1_urban,active,2025-01-10
02f0b9ea-ad84-56aa-9c8c-57305266ecd3,Nelia Drug Store,f21eb0bf-c2ee-55a1-bfb4-557f1367a9b4,dd92fc02-23e6-54d1-8ade-4dc72b56055b,"243 J.P. Laurel Ave, Brgy. San Antonio",Mandaue,Cebu,10.488717,123.914455,tier2_suburban,inactive,2025-08-28
f54ee33a-a490-55e7-bcfe-bbd885822d51,Luz Lending,39c7c185-225a-5941-9070-f37736a679b2,be3107b0-7566-55ce-95b2-c6139ff216c6,"627 Mabini Street, Brgy. Poblacion",Cagayan de Oro,Misamis Oriental,7.085574,125.699879,tier2_suburban,inactive,2026-05-05
a0295c91-6ad1-5337-945c-ba96a1de75ec,Lorna Mini Stop,be08dfe3-f201-573d-99e9-1eb6a8daa93e,df62ff79-4b9c-5a75-8bd4-eb2c86e9c598,"788 Colon Street, Brgy. Bambang",Bacoor,Cavite,14.851625,120.791714,tier1_urban,active,2025-06-20
1a07a8b5-5569-5ae0-9183-8238c7a3624c,Pedro's Sari-Sari,742be74a-689a-5579-a5b8-ff2c0f42881a,28ac47f7-f1ce-5fc3-966a-5dcdd795fc26,"697 MacArthur Highway, Brgy. Bagong Silang",Parañaque,Metro Manila,14.4885,121.065811,tier3_rural,at_risk,2026-01-31
00ad044e-c101-5f75-83ea-3c17282f2357,Tindahan ni Jose,63488871-4c35-59dc-8d07-812463b1c1dd,a87e363d-04c2-5fe0-abdc-8924fa7bf1a1,"187 EDSA, Brgy. Kamuning",Navotas,Metro Manila,14.600859,121.073642,tier1_urban,inactive,2024-10-17
6d2ea7cb-0c6c-5a84-bfcb-5400bb49905d,Fe Express,3806a900-4e31-58b5-b75d-e49f91428dc7,dd92fc02-23e6-54d1-8ade-4dc72b56055b,"312 Commonwealth Ave, Brgy. Santo Niño",Mandaue,Cebu,10.458129,123.941866,tier2_suburban,inactive,2025-01-12
0e5d1f56-5d9f-597d-8a6a-a5c2f54f9b49,Aling Luz's Store,297f566b-23d0-5127-aeee-470a1fc16520,be3107b0-7566-55ce-95b2-c6139ff216c6,"867 Mabini Street, Brgy. San Isidro",Zamboanga City,Zamboanga del Sur,7.017781,125.686905,tier2_suburban,active,2025-05-15
c9d9414c-502d-5ffd-ae22-53dde1ebdd96,Jose Express,ce84180c-18f6-552e-a086-edef79130cea,df62ff79-4b9c-5a75-8bd4-eb2c86e9c598,"311 National Highway, Brgy. Ugong",Calamba,Laguna,14.8654,120.692296,tier3_rural,inactive,2025-02-13
db68976b-4fc7-5d61-8863-f55316a21e8d,Ana Padala Center,929f7992-9ad5-5bba-a86d-cdd127a38be6,28ac47f7-f1ce-5fc3-966a-5dcdd795fc26,"176 Barangay Road, Brgy. Bambang",Makati,Metro Manila,14.66619,121.021028,tier3_rural,active,2025-05-15
8a74f660-2cf7-5258-8ce1-a062e5ca38a4,Botica ni Rolando,cc54275e-ed1d-57ae-87ac-bd3f33a0d37a,a87e363d-04c2-5fe0-abdc-8924fa7bf1a1,"885 Rizal Street, Brgy. Poblacion",Malabon,Metro Manila,14.463639,121.028291,tier3_rural,active,2025-11-03
20b23860-295a-571c-8e23-0ea9420de1d1,Ricardo Lending,12a3494f-10cd-5510-9bd2-7f6d059cbbd2,dd92fc02-23e6-54d1-8ade-4dc72b56055b,"216 Gov. Drive, Brgy. Kamuning",Tacloban,Leyte,10.694487,123.806057,tier3_rural,active,2025-04-05
22c2b1d8-ee67-54d2-8390-614c8f037084,Mang Teresa's Tindahan,82ead168-b511-5518-ae41-2290ab90c234,be3107b0-7566-55ce-95b2-c6139ff216c6,"495 Katipunan Ave, Brgy. Kamuning",Zamboanga City,Zamboanga del Sur,7.07846,125.421892,tier1_urban,active,2026-08-18
82cbe6bc-80ae-5d0e-8d88-3c70fc17bf98,Mang Miguel's Tindahan,00441661-47f2-50c6-8456-3e104c713caf,df62ff79-4b9c-5a75-8bd4-eb2c86e9c598,"426 J.P. Laurel Ave, Brgy. Pinyahan",Imus,Cavite,14.942816,120.681998,tier2_suburban,churned,2026-01-24
34b0e718-ed93-5127-b156-10001b69be0a,Ernesto's Sari-Sari,da71cb0e-ef38-5d8f-b284-f7e94f1c262f,28ac47f7-f1ce-5fc3-966a-5dcdd795fc26,"752 Roxas Blvd, Brgy. Kamuning",Mandaluyong,Metro Manila,14.48923,120.974108,tier3_rural,active,2026-04-25
65bbc3be-9507-593f-a9ed-ecede0d4e42f,Tindahan ni Nelia,ea89d7f7-9635-539a-bd2a-a684d0bc3dea,a87e363d-04c2-5fe0-abdc-8924fa7bf1a1,"248 Fuente Osmena, Brgy. Poblacion",Marikina,Metro Manila,14.530242,120.949584,tier1_urban,active,2025-10-05
9e549f5f-d393-5446-ab70-ab93a217fa40,Maria's Sari-Sari,5ed04869-63d3-5157-add4-2b50eed27681,dd92fc02-23e6-54d1-8ade-4dc72b56055b,"969 Osmena Blvd, Brgy. Bambang",Lapu-Lapu,Cebu,10.534508,123.992537,tier1_urban,active,2026-02-03
7a33f302-fa11-51fa-856d-1b51059c5adf,Botica ni Josefina,1970cb46-f424-5f19-bbe3-54410bbf3c70,be3107b0-7566-55ce-95b2-c6139ff216c6,"195 Commonwealth Ave, Brgy. Pinyahan",Zamboanga City,Zamboanga del Sur,7.497582,125.540045,tier2_suburban,active,2025-04-11
622e35cf-534c-5472-84c8-30c4c81eeee1,Maria Convenience,3926930c-52e1-5eb9-b18f-425016f8b07c,df62ff79-4b9c-5a75-8bd4-eb2c86e9c598,"93 Osmena Blvd, Brgy. Ugong",Angeles,Pampanga,15.120061,120.572219,tier3_rural,active,2025-01-12
90a9b30a-41c2-5330-9846-9c1782ca7533,Erlinda Mini Stop,635e7a6f-f49d-503e-a7ea-f0913bdb6d00,28ac47f7-f1ce-5fc3-966a-5dcdd795fc26,"52 España Blvd, Brgy. Pinyahan",Quezon City,Metro Manila,14.629256,121.06857,tier2_suburban,active,2026-02-24
ffb805d1-735a-507b-b330-e0ed0ff00214,Gloria Pawnshop,99e3cd03-3e1e-5997-98a5-58fde86e9924,a87e363d-04c2-5fe0-abdc-8924fa7bf1a1,"9 Quezon Avenue, Brgy. Kamuning",Navotas,Metro Manila,14.49018,120.952895,tier2_suburban,churned,2024-10-27
e83975c4-8d1a-59ef-b1c9-8b6f708a57c5,Tindahan ni Jose,5f1a15b5-0c23-588a-9746-0d1f3f7af148,dd92fc02-23e6-54d1-8ade-4dc72b56055b,"375 Bonifacio Avenue, Brgy. Kamuning",Iloilo City,Iloilo,10.240926,123.912363,tier2_suburban,inactive,2024-10-13
6389de81-1a65-583d-8aad-1b61cd3d1633,Rosario's Sari-Sari,fe823172-4573-5784-82c0-62d7513e5bf4,be3107b0-7566-55ce-95b2-c6139ff216c6,"76 Osmena Blvd, Brgy. Ugong",Zamboanga City,Zamboanga del Sur,7.170213,125.564957,tier3_rural,at_risk,2024-12-29
e57c321f-fc53-5891-b40b-dcf58abda3d0,Aling Josefina's Store,e1882e45-7e45-5c3e-9ef4-3036d746966f,df62ff79-4b9c-5a75-8bd4-eb2c86e9c598,"122 EDSA, Brgy. Poblacion",Santa Rosa,Laguna,15.075733,120.738469,tier2_suburban,inactive,2025-12-22
61ce7965-2288-5ad1-9f5f-360ae913ac36,Juan Internet Cafe,080b4031-0ffe-54f0-bf45-d4acaa5acc3c,28ac47f7-f1ce-5fc3-966a-5dcdd795fc26,"774 EDSA, Brgy. San Jose",Mandaluyong,Metro Manila,14.630739,120.980277,tier1_urban,active,2026-08-23
65f94da3-6b09-5542-84bf-54c20396615c,Maria's Mini Mart,ff7d0969-136e-5a52-9fc0-1487349a8146,a87e363d-04c2-5fe0-abdc-8924fa7bf1a1,"141 Purok 1 Street, Brgy. Bagong Silang",Las Piñas,Metro Manila,14.69119,121.003867,tier1_urban,at_risk,2025-09-24
fade118e-67de-5731-a2a0-4cf369881c71,Aling Carmen's Store,72f189ec-98d1-510f-aa8a-2efddbebf1c6,dd92fc02-23e6-54d1-8ade-4dc72b56055b,"144 Taft Avenue, Brgy. Bambang",Bacolod,Negros Occidental,10.454824,123.878591,tier3_rural,churned,2026-02-10
a210020c-0299-55b2-bb3f-5d321d9c87cb,Erlinda's Mini Mart,13fe1072-6be7-54e3-950f-5c123804e384,be3107b0-7566-55ce-95b2-c6139ff216c6,"608 Taft Avenue, Brgy. Ugong",Zamboanga City,Zamboanga del Sur,7.396974,125.559702,tier3_rural,active,2025-05-26
58766b11-0cfc-518c-86f6-08b0c3f7ec9d,Teresa Pawnshop,460033d5-6899-5bd6-bd9e-b87f2ecac724,df62ff79-4b9c-5a75-8bd4-eb2c86e9c598,"836 Rizal Street, Brgy. Bagong Silang",Imus,Cavite,15.031868,120.532881,tier2_suburban,inactive,2024-12-02
64d98796-d2b6-5548-b268-f5d914bf6c33,Tindahan ni Reynaldo,d960de75-9d69-55d3-a0e3-2dafa9622e4c,28ac47f7-f1ce-5fc3-966a-5dcdd795fc26,"816 Purok 1 Street, Brgy. San Antonio",Taguig,Metro Manila,14.629073,120.953106,tier3_rural,inactive,2026-08-04
5e2b5bab-5781-58c8-bbc1-41a61318601e,Tindahan ni Corazon,908a169d-e589-508f-9573-1b3375cd994a,a87e363d-04c2-5fe0-abdc-8924fa7bf1a1,"739 Bonifacio Avenue, Brgy. Bambang",Muntinlupa,Metro Manila,14.594135,121.004846,tier3_rural,churned,2026-02-26
4a0e0a11-9486-5b78-a239-2e50e69faa3d,Miguel Remittance,17390989-c254-5961-9337-10043bc3db40,dd92fc02-23e6-54d1-8ade-4dc72b56055b,"152 Barangay Road, Brgy. San Jose",Iloilo City,Iloilo,10.225256,123.989641,tier1_urban,active,2025-01-11
26b3c3af-057c-5d11-bc64-b7efa03c7129,Rosario Drug Store,71c54a62-48c2-55e0-bd0e-dc81917f89f9,be3107b0-7566-55ce-95b2-c6139ff216c6,"452 Taft Avenue, Brgy. Kamuning",Davao City,Davao del Sur,6.990859,125.60715,tier2_suburban,active,2024-11-15
3885243f-13b1-50dc-afeb-8bad2dc43d4a,Nelia's Sari-Sari,2c71e9f7-f90a-51a7-82b1-f5dd36ad2486,df62ff79-4b9c-5a75-8bd4-eb2c86e9c598,"943 J.P. Laurel Ave, Brgy. San Antonio",Santa Rosa,Laguna,15.294043,120.655605,tier3_rural,active,2026-07-13
38e5549e-7e95-5b94-98d2-09edb6eee8c3,Gloria Lending,ed7f0c6b-13f6-53b6-9542-cc129994c258,28ac47f7-f1ce-5fc3-966a-5dcdd795fc26,"539 Osmena Blvd, Brgy. Bagong Silang",Parañaque,Metro Manila,14.737006,120.991933,tier3_rural,active,2025-07-07
8c464c73-a955-576d-9730-79fd5da4e450,Antonio Drug Store,53844139-dd79-5dfc-a18b-5983d024ccfb,a87e363d-04c2-5fe0-abdc-8924fa7bf1a1,"363 Barangay Road, Brgy. San Isidro",Navotas,Metro Manila,14.633023,120.938453,tier1_urban,active,2024-10-06
2e54dbf3-50dd-5a0a-a1e4-b371635781b3,Aling Ana's Store,2ab7563d-adab-52ff-9374-2dd4ea04477b,dd92fc02-23e6-54d1-8ade-4dc72b56055b,"306 Katipunan Ave, Brgy. San Isidro",Bacolod,Negros Occidental,10.816939,123.94098,tier2_suburban,active,2024-09-28
494a57ee-31cb-5e3b-818c-8960bc3f745f,Botica ni Rosario,1dc93905-d4dd-5aef-916a-019f089a1c86,be3107b0-7566-55ce-95b2-c6139ff216c6,"358 Aguinaldo Highway, Brgy. San Isidro",General Santos,South Cotabato,7.072674,125.572043,tier3_rural,active,2025-04-09
e9f20e41-fc45-5d13-afc7-d79f102a27ee,Mang Pedro's Tindahan,e7495aed-f722-5c5c-b7c2-e0b65f7f745b,df62ff79-4b9c-5a75-8bd4-eb2c86e9c598,"839 Roxas Blvd, Brgy. Santo Niño",Bacoor,Cavite,15.003317,120.586289,tier1_urban,active,2025-02-24
5d75bd0e-343a-5fc7-a2ee-fa9ada2fbfd6,Elena Padala Center,0ad2695a-8596-5871-a84f-3e791a2475bb,28ac47f7-f1ce-5fc3-966a-5dcdd795fc26,"672 Aurora Blvd, Brgy. Pinyahan",Parañaque,Metro Manila,14.514196,121.06559,tier2_suburban,inactive,2026-01-17
b74b13ca-301b-5f91-9331-c699ee006367,Rosa Pisong Net,283d0fdc-7bb8-57be-99e0-47f701e233f4,a87e363d-04c2-5fe0-abdc-8924fa7bf1a1,"279 EDSA, Brgy. Poblacion",San Juan,Metro Manila,14.634703,121.017366,tier1_urban,active,2025-07-09
c22bb6d9-8afc-597b-b171-1eaf1ecb5cac,Carlos's Sari-Sari,9e84429a-ac05-5406-9bd6-4212810b262c,dd92fc02-23e6-54d1-8ade-4dc72b56055b,"927 MacArthur Highway, Brgy. San Jose",Tacloban,Leyte,10.710356,123.810498,tier2_suburban,active,2024-11-22
197ce084-3189-5451-aafa-befe51e6f027,Antonio's Sari-Sari,b008097f-5618-53fa-a7b8-041e29e53262,be3107b0-7566-55ce-95b2-c6139ff216c6,"103 Barangay Road, Brgy. Santo Niño",General Santos,South Cotabato,6.903109,125.565106,tier1_urban,active,2025-12-06
9ccdde10-07fa-5428-809e-ef951a061c25,Carlos's Sari-Sari,14eec67e-c712-5683-84a8-20ec20baadd4,df62ff79-4b9c-5a75-8bd4-eb2c86e9c598,"958 J.P. Laurel Ave, Brgy. Pinyahan",Calamba,Laguna,15.255377,120.726773,tier2_suburban,active,2026-05-06
97453fb9-40fc-5846-ab3a-1680f9e15a22,Mang Teresa's Tindahan,64d86f76-0803-5bb7-a77f-585ab9e9a80c,28ac47f7-f1ce-5fc3-966a-5dcdd795fc26,"662 Bonifacio Avenue, Brgy. Poblacion",Taguig,Metro Manila,14.64569,120.946444,tier1_urban,active,2026-04-25
1ceebcaa-0c54-52fd-a620-4697ab1eb0ec,Tindahan ni Teresa,221ff97a-4904-570d-8886-d68cde5cfdb7,a87e363d-04c2-5fe0-abdc-8924fa7bf1a1,"904 Commonwealth Ave, Brgy. San Antonio",Valenzuela,Metro Manila,14.749152,120.979399,tier2_suburban,active,2025-12-07
7f8ebaa2-73de-5bc3-b462-6ef73f1d60c2,Tindahan ni Maria,06fed607-1071-535a-9990-1ad594c36cbf,dd92fc02-23e6-54d1-8ade-4dc72b56055b,"986 España Blvd, Brgy. San Antonio",Tacloban,Leyte,10.207414,123.913592,tier1_urban,active,2026-02-23
a05d68b6-a09e-57eb-b93e-75ff6fd97028,Carlos Convenience,cf580dae-6847-5032-bfe0-1825c085c897,be3107b0-7566-55ce-95b2-c6139ff216c6,"466 Provincial Road, Brgy. Ugong",Zamboanga City,Zamboanga del Sur,7.214591,125.666778,tier1_urban,active,2026-03-10
9d371c5a-f129-5f2c-8e70-514c2f6e27fd,Lorna's Sari-Sari,645fbc99-20e6-5d81-96eb-c09a23c03b68,df62ff79-4b9c-5a75-8bd4-eb2c86e9c598,"280 Marcos Highway, Brgy. Poblacion",Imus,Cavite,15.031479,120.719336,tier2_suburban,churned,2024-10-25
049b286b-bc98-5072-af5c-7624b16c23a0,Ernesto's Computer Shop,2decaccb-2870-570f-a027-0d9f42947502,28ac47f7-f1ce-5fc3-966a-5dcdd795fc26,"15 Taft Avenue, Brgy. San Isidro",Makati,Metro Manila,14.620334,121.051457,tier1_urban,at_risk,2025-09-05
517ebd4f-8181-50f8-9114-4309197e07c8,Erlinda Convenience,73522e82-2c7b-5897-9dfa-f2b4a468c282,a87e363d-04c2-5fe0-abdc-8924fa7bf1a1,"655 Osmena Blvd, Brgy. Kamuning",Malabon,Metro Manila,14.604584,120.917348,tier1_urban,active,2025-05-29
aeaf83bf-b5f4-51fb-9302-4ab9834b87ec,Sangla ni Jose,965f3821-d76c-5972-b7a5-21f7c69a5b47,dd92fc02-23e6-54d1-8ade-4dc72b56055b,"489 Taft Avenue, Brgy. San Jose",Mandaue,Cebu,10.205464,123.876715,tier2_suburban,churned,2025-10-11
11eb90aa-c2ce-5140-854e-7e88706cc9c6,Mang Gloria's Tindahan,d745997c-ef04-517d-992f-d46228c9fb4c,be3107b0-7566-55ce-95b2-c6139ff216c6,"977 Taft Avenue, Brgy. San Isidro",Zamboanga City,Zamboanga del Sur,7.249476,125.571863,tier2_suburban,at_risk,2025-04-28
6674b5c4-5676-5e15-a60b-247a96538cee,Ernesto's Mini Mart,c0bbf57e-fb7c-5d96-8c3a-4ed0176ac616,df62ff79-4b9c-5a75-8bd4-eb2c86e9c598,"710 Katipunan Ave, Brgy. San Antonio",Antipolo,Rizal,15.26745,120.639618,tier1_urban,active,2025-09-05
03c210da-6332-53e2-ba4b-a3e540ef0811,Tindahan ni Teresa,57950df6-c45d-5b36-b292-30a207e2b4a9,28ac47f7-f1ce-5fc3-966a-5dcdd795fc26,"707 Quezon Avenue, Brgy. San Isidro",Taguig,Metro Manila,14.560263,120.94417,tier1_urban,active,2026-07-23
dc40709a-bb2c-5b80-a5fa-36eff78e585c,Elena Lending,4dca96f6-04e4-585a-bb48-9989c3af8745,a87e363d-04c2-5fe0-abdc-8924fa7bf1a1,"466 National Highway, Brgy. Bagong Silang",Muntinlupa,Metro Manila,14.574754,121.009847,tier2_suburban,churned,2025-08-11
86b6bd00-fb39-51c8-a057-02c9ad460a8b,Aling Nelia's Store,98a6990f-77b3-52e7-a1c2-6d4167f7d841,dd92fc02-23e6-54d1-8ade-4dc72b56055b,"822 Barangay Road, Brgy. San Jose",Bacolod,Negros Occidental,10.809488,123.936068,tier3_rural,active,2025-10-12
3cd6d4dd-dfe6-57ac-97fa-80b7c17c19ff,Nelia Pisong Net,bf4c591c-9e0b-528f-a21d-52b1eb692ffd,be3107b0-7566-55ce-95b2-c6139ff216c6,"541 Purok 1 Street, Brgy. Bagong Silang",General Santos,South Cotabato,6.946862,125.569251,tier1_urban,inactive,2024-10-04
8076fa57-7ade-519b-9286-8f0c1ab37ca0,Danilo Padala Center,c7318f32-055f-5d17-ab4e-20c631cb4c8a,df62ff79-4b9c-5a75-8bd4-eb2c86e9c598,"208 Gov. Drive, Brgy. Ugong",Dasmariñas,Cavite,14.904897,120.598435,tier3_rural,active,2025-01-22
1fc68ae9-858e-5a2e-ade5-3501459c5fa6,Ramon Pisong Net,49da2e15-ed3a-528e-86d4-e9af5c7b1041,28ac47f7-f1ce-5fc3-966a-5dcdd795fc26,"697 Marcos Highway, Brgy. Bambang",Manila,Metro Manila,14.596648,121.079778,tier2_suburban,active,2025-09-24
f75db975-de2a-5d3f-bbfc-6a7a25a08c3c,Sangla ni Juan,ee07c280-7f2c-5566-bee5-5b7def3b5e4d,a87e363d-04c2-5fe0-abdc-8924fa7bf1a1,"136 MacArthur Highway, Brgy. Kamuning",Valenzuela,Metro Manila,14.58704,120.911547,tier2_suburban,at_risk,2026-06-08
f2a79b45-bbc2-57e4-9db1-cd80bdc8c4dd,Luz Drug Store,467d3400-fb3e-52f3-80e6-83af006cc6a9,dd92fc02-23e6-54d1-8ade-4dc72b56055b,"741 Rizal Street, Brgy. Kamuning",Lapu-Lapu,Cebu,10.403566,123.800603,tier1_urban,inactive,2025-08-06
b65b3f48-4ed6-560b-93ee-3d05cf7e7fd9,Tindahan ni Maria,2648e9ed-52de-539b-b5f6-dad97288749c,be3107b0-7566-55ce-95b2-c6139ff216c6,"47 Colon Street, Brgy. Bagong Silang",Davao City,Davao del Sur,7.320231,125.562349,tier1_urban,active,2026-01-17
5949f644-2314-559f-a1a0-f3b0dcdd81c9,Ernesto's Sari-Sari,3d650931-ed3a-5a40-839f-5e32af0b5958,df62ff79-4b9c-5a75-8bd4-eb2c86e9c598,"33 España Blvd, Brgy. Kamuning",Imus,Cavite,14.925987,120.540629,tier2_suburban,active,2026-03-06
a6dbc448-70e7-5da2-91ce-e2f6c505fcaa,Ramon's Sari-Sari,682ae381-911d-5546-9a0b-af8a45f4d269,28ac47f7-f1ce-5fc3-966a-5dcdd795fc26,"460 Osmena Blvd, Brgy. Kamuning",Caloocan,Metro Manila,14.474075,121.092829,tier3_rural,active,2025-02-03
e397969e-b51f-5445-b386-9d4053ca0e27,Tindahan ni Gloria,a8220584-6d07-583c-93d4-97cbb3aebe4e,a87e363d-04c2-5fe0-abdc-8924fa7bf1a1,"881 Roxas Blvd, Brgy. Poblacion",San Juan,Metro Manila,14.503542,121.007452,tier3_rural,active,2026-02-04
11cfc5f5-801d-5aac-bfa3-433c81f8d533,Tindahan ni Carmen,26b8a67d-393b-5a7f-881a-4e0bb3953f86,dd92fc02-23e6-54d1-8ade-4dc72b56055b,"229 Rizal Street, Brgy. San Antonio",Tacloban,Leyte,10.982793,123.892601,tier3_rural,active,2026-02-14
32ed98e8-ef2a-5f24-bc15-fd72abe8c1a1,Tindahan ni Erlinda,52a8d9ee-cb08-52bc-a0c2-c3e4aa5d00e7,be3107b0-7566-55ce-95b2-c6139ff216c6,"844 Katipunan Ave, Brgy. San Jose",General Santos,South Cotabato,7.176375,125.446536,tier1_urban,churned,2026-03-20
d4433849-0935-586b-93bd-85a86f99d92c,Teresa's Sari-Sari,07a16421-a2c8-5370-8b38-df901ea031a9,df62ff79-4b9c-5a75-8bd4-eb2c86e9c598,"33 Barangay Road, Brgy. Kamuning",San Fernando,Pampanga,15.230446,120.780871,tier1_urban,active,2024-11-07
f8ded629-7996-578f-a74a-9a65837b7f7f,Tindahan ni Nelia,f6321a97-df6a-5832-91fa-e0689fe0365b,28ac47f7-f1ce-5fc3-966a-5dcdd795fc26,"69 Quezon Avenue, Brgy. Bambang",Pasig,Metro Manila,14.460073,121.019557,tier1_urban,active,2025-03-21
4d4de468-cb98-567b-b2ce-4ed1afd3bb0c,Fernando Padala Center,6c58c730-44a2-548f-99f8-37c7e3939ef0,a87e363d-04c2-5fe0-abdc-8924fa7bf1a1,"46 Osmena Blvd, Brgy. Pinyahan",San Juan,Metro Manila,14.520302,120.943454,tier1_urban,active,2024-12-29
96bd0205-8de7-5b6e-960c-0ac3e6a47340,Mang Rolando's Tindahan,85509236-a071-58a8-be76-98526f104a93,dd92fc02-23e6-54d1-8ade-4dc72b56055b,"297 Katipunan Ave, Brgy. Bambang",Bacolod,Negros Occidental,10.455123,123.919584,tier2_suburban,active,2026-04-15
ac14c3e0-6e9d-5a93-baeb-fede0efa3e80,Ricardo's Sari-Sari,70815ff6-99c9-5575-92f7-6855a865fd8f,be3107b0-7566-55ce-95b2-c6139ff216c6,"898 EDSA, Brgy. Ugong",Zamboanga City,Zamboanga del Sur,7.032626,125.49015,tier1_urban,inactive,2025-04-17
7340d2cf-294d-5438-b864-87ff6efcd726,Fernando's Computer Shop,5f513119-9849-59d8-b34a-2756848e3a7c,df62ff79-4b9c-5a75-8bd4-eb2c86e9c598,"901 Commonwealth Ave, Brgy. Kamuning",Santa Rosa,Laguna,15.189095,120.514065,tier2_suburban,at_risk,2024-10-16
b8e8100e-6957-5617-88e2-db74634aa46c,Maria Drug Store,1530c981-74ca-557e-98a2-4662505355e1,28ac47f7-f1ce-5fc3-966a-5dcdd795fc26,"805 MacArthur Highway, Brgy. Bagong Silang",Caloocan,Metro Manila,14.658893,120.981652,tier2_suburban,active,2024-12-17
8fbb576b-1a4e-5bef-9155-460d2f083b2a,Erlinda Express,8f9185f1-d65f-5083-950a-68d3559da972,a87e363d-04c2-5fe0-abdc-8924fa7bf1a1,"773 Aguinaldo Highway, Brgy. Pinyahan",Muntinlupa,Metro Manila,14.52229,120.945069,tier1_urban,active,2026-01-20
898a0e5b-d908-5060-b440-eb62c6d0ca9d,Ernesto Pisong Net,1b2288ee-86de-59c2-81f6-80154dfe8e55,dd92fc02-23e6-54d1-8ade-4dc72b56055b,"576 Colon Street, Brgy. Kamuning",Cebu City,Cebu,10.645829,123.826819,tier1_urban,active,2025-01-16
db776e0b-6199-5243-8144-b29b45e62c84,Lorna Padala Center,7b1840b9-bdd5-5ce6-b939-745fcf909bf7,be3107b0-7566-55ce-95b2-c6139ff216c6,"339 Provincial Road, Brgy. Poblacion",Cagayan de Oro,Misamis Oriental,7.453336,125.65414,tier1_urban,inactive,2024-10-14
0d06dc6f-2b54-5b8b-b8fe-2793f7ab5d61,Tindahan ni Corazon,ea1d7394-bee2-5f76-b9b3-6e00e146b614,df62ff79-4b9c-5a75-8bd4-eb2c86e9c598,"53 Aurora Blvd, Brgy. Kamuning",Meycauayan,Bulacan,15.27157,120.680877,tier1_urban,active,2025-04-22
75c9c753-3e28-5b1c-b3c8-0bbe0a29a265,Miguel's Computer Shop,a69e8a84-068f-5301-a6a8-667557e0c3a5,28ac47f7-f1ce-5fc3-966a-5dcdd795fc26,"491 Marcos Highway, Brgy. Bagong Silang",Pasig,Metro Manila,14.540956,121.081799,tier1_urban,active,2024-11-29
17e8c798-6f2b-5bba-92a1-25c607fc24c0,Aling Carmen's Store,314d870c-8c10-5b0d-bd0c-eba0b5f9aa15,a87e363d-04c2-5fe0-abdc-8924fa7bf1a1,"121 J.P. Laurel Ave, Brgy. San Jose",San Juan,Metro Manila,14.658688,121.040754,tier2_suburban,active,2024-09-26
d86636ba-be31-5766-b43b-0687892ff6cd,Luz's Mini Mart,b209d63f-6ab2-5f64-87dd-4019360789d1,dd92fc02-23e6-54d1-8ade-4dc72b56055b,"330 España Blvd, Brgy. Kamuning",Bacolod,Negros Occidental,10.573,123.929744,tier2_suburban,active,2025-10-25
c68cb08d-2871-5fc3-a244-3ccfff2aba31,Gloria Pawnshop,8437cfe1-9020-548c-8cd3-de09e5deea2a,be3107b0-7566-55ce-95b2-c6139ff216c6,"526 J.P. Laurel Ave, Brgy. Pinyahan",Zamboanga City,Zamboanga del Sur,6.959165,125.694396,tier2_suburban,churned,2026-04-07
96472508-05a4-5d4a-873b-67bf7e52702a,Roberto Express,9de96434-0093-53d0-997d-e616efb958da,df62ff79-4b9c-5a75-8bd4-eb2c86e9c598,"937 Marcos Highway, Brgy. Bagong Silang",Antipolo,Rizal,15.019045,120.513715,tier1_urban,churned,2026-03-20
3b3c1920-61c4-5477-a3a7-22e3e7db7971,Mang Reynaldo's Tindahan,67e1a76a-b9fb-56c5-9a7c-6531855a3dc1,28ac47f7-f1ce-5fc3-966a-5dcdd795fc26,"17 Aurora Blvd, Brgy. Ugong",Makati,Metro Manila,14.730427,121.015829,tier2_suburban,active,2026-01-14
98e66a0a-6d0a-5888-84ab-dcd6d48f66fb,Lorna Remittance,36f65bbd-99a6-520f-b4c8-66206852175d,a87e363d-04c2-5fe0-abdc-8924fa7bf1a1,"201 Taft Avenue, Brgy. San Jose",Muntinlupa,Metro Manila,14.563952,121.066673,tier2_suburban,inactive,2025-04-07
2c198f0c-837a-59d2-83dd-1cf8ddf69b3e,Eduardo Remittance,a99bbcb9-161c-5cc8-aaf3-967097c637c6,dd92fc02-23e6-54d1-8ade-4dc72b56055b,"967 Barangay Road, Brgy. Bagong Silang",Tacloban,Leyte,10.405861,123.964318,tier2_suburban,active,2024-09-23
16875ba0-6a25-54e3-a9db-2b70cc51a783,Tindahan ni Gloria,4f4411e2-a7d1-529a-8e58-3e8d537297ca,be3107b0-7566-55ce-95b2-c6139ff216c6,"751 Roxas Blvd, Brgy. Santo Niño",Cagayan de Oro,Misamis Oriental,6.983975,125.563964,tier1_urban,inactive,2026-06-26
8631bfeb-7f17-528f-87b9-346379c9787c,Rolando's Mini Mart,0af5898f-90d4-5700-a781-60734fced551,df62ff79-4b9c-5a75-8bd4-eb2c86e9c598,"981 Bonifacio Avenue, Brgy. Ugong",Calamba,Laguna,14.823677,120.754009,tier1_urban,churned,2024-12-01
300da2f6-d4f8-5204-9c5a-761aa1569285,Corazon Express,013e8c38-42ba-5640-8a9d-6e248d294d71,28ac47f7-f1ce-5fc3-966a-5dcdd795fc26,"423 EDSA, Brgy. San Jose",Quezon City,Metro Manila,14.47039,120.930206,tier1_urban,active,2025-04-11
08f0ac25-f784-5630-80b7-6da94159ddd7,Danilo's Sari-Sari,4fbef143-4cf8-57d6-976b-ee85ac72bc73,a87e363d-04c2-5fe0-abdc-8924fa7bf1a1,"383 Bonifacio Avenue, Brgy. Bambang",Valenzuela,Metro Manila,14.641319,121.086781,tier2_suburban,at_risk,2024-09-28
aa142702-c42a-5872-bb6a-5ca621de8a2a,Danilo Remittance,eb790d0c-f670-52ca-aa2c-3860f83db2c2,dd92fc02-23e6-54d1-8ade-4dc72b56055b,"17 Rizal Street, Brgy. Ugong",Iloilo City,Iloilo,10.641315,123.80237,tier3_rural,churned,2026-08-11
074330af-41e2-5e7f-b322-a53fd1c53daa,Maria Internet Cafe,5ebdc149-f8de-5720-bbfa-fe8e2c26612b,be3107b0-7566-55ce-95b2-c6139ff216c6,"549 España Blvd, Brgy. San Antonio",Zamboanga City,Zamboanga del Sur,7.20133,125.609358,tier2_suburban,active,2026-08-13
9d8be696-769b-591e-89be-20b0c5158113,Antonio Lending,0643a362-5a84-57e2-ac8b-c7b7bb047469,df62ff79-4b9c-5a75-8bd4-eb2c86e9c598,"941 Quezon Avenue, Brgy. Ugong",San Fernando,Pampanga,14.904228,120.55758,tier3_rural,active,2025-02-17
e3cb700e-57bc-504f-817a-82f704e71066,Aling Lorna's Store,3c6da03b-4b8c-5554-a096-c8db4d9bd403,28ac47f7-f1ce-5fc3-966a-5dcdd795fc26,"274 Osmena Blvd, Brgy. Poblacion",Mandaluyong,Metro Manila,14.561915,120.981205,tier3_rural,active,2025-09-03
21c29f88-ffb4-5483-8f30-f42b412429a7,Mang Ramon's Tindahan,d1f98c08-8d27-53c5-af92-1cf24bc34d50,a87e363d-04c2-5fe0-abdc-8924fa7bf1a1,"232 España Blvd, Brgy. Poblacion",San Juan,Metro Manila,14.646121,121.071644,tier1_urban,active,2025-08-28
13162149-fc7c-5b4a-9563-600adbd72fa5,Ana Pharmacy,94df9653-7095-5a87-a741-22b4fb301e34,dd92fc02-23e6-54d1-8ade-4dc72b56055b,"389 Osmena Blvd, Brgy. Ugong",Iloilo City,Iloilo,10.580804,123.92735,tier1_urban,active,2025-01-09
89678d5f-48fc-574c-9eab-cdf011b618fe,Corazon Internet Cafe,af5d327a-a719-505e-802e-6fd05e38b512,be3107b0-7566-55ce-95b2-c6139ff216c6,"866 Colon Street, Brgy. Bagong Silang",General Santos,South Cotabato,7.239514,125.657388,tier1_urban,inactive,2026-05-11
8b90dfc0-677d-5c4d-be60-e8c712cad697,Josefina Padala Center,a0b8518e-7d80-5f82-a20d-3cbe7d112485,df62ff79-4b9c-5a75-8bd4-eb2c86e9c598,"236 Marcos Highway, Brgy. Bambang",Angeles,Pampanga,15.13285,120.513969,tier1_urban,at_risk,2024-10-23
333d298a-71af-5e58-a5a9-432703761249,Tindahan ni Rosa,fa94556b-7505-50c0-b023-88d6a167021c,28ac47f7-f1ce-5fc3-966a-5dcdd795fc26,"921 Aguinaldo Highway, Brgy. Bambang",Taguig,Metro Manila,14.647433,120.935871,tier2_suburban,active,2025-08-08
e6997e74-9b55-51da-92cf-ce4227fbb722,Aling Nelia's Store,4ccab8bd-0a7c-5ca4-a99d-09be8699f063,a87e363d-04c2-5fe0-abdc-8924fa7bf1a1,"602 EDSA, Brgy. Kamuning",Muntinlupa,Metro Manila,14.728662,120.959855,tier3_rural,active,2024-10-14
206260d0-62ac-5e96-b71d-661b687cf9f7,Ramon Pharmacy,385c81cf-9b5a-5b56-be1d-f622688fa5e9,dd92fc02-23e6-54d1-8ade-4dc72b56055b,"855 Osmena Blvd, Brgy. Ugong",Bacolod,Negros Occidental,10.465384,123.951122,tier1_urban,at_risk,2025-03-16
b9fd3e12-e84f-5895-ab5d-2159a6382303,Ernesto Remittance,52abd550-ee75-5a08-bdc3-55913f9d1772,be3107b0-7566-55ce-95b2-c6139ff216c6,"513 Roxas Blvd, Brgy. San Antonio",Davao City,Davao del Sur,6.958611,125.469643,tier1_urban,active,2025-11-03
79480e02-9513-5b1f-8ee8-851a8e95692c,Carlos's Mini Mart,d92b92f2-71a8-54fc-b3c3-5bd8772325e6,df62ff79-4b9c-5a75-8bd4-eb2c86e9c598,"788 National Highway, Brgy. Bambang",Santa Rosa,Laguna,15.077692,120.732066,tier1_urban,at_risk,2026-05-31
03d980bc-471c-5142-8650-f24086a96aa6,Josefina Padala Center,33f8fbf7-2b13-5279-a517-41154b2a90bd,28ac47f7-f1ce-5fc3-966a-5dcdd795fc26,"803 Fuente Osmena, Brgy. Pinyahan",Taguig,Metro Manila,14.518442,121.010608,tier2_suburban,active,2025-01-02
d9fdc412-aec7-5a86-add5-f0902e6375fa,Carlos Padala Center,10e0a866-2701-59df-8120-ae1c0706e2b2,a87e363d-04c2-5fe0-abdc-8924fa7bf1a1,"697 Gov. Drive, Brgy. Kamuning",Muntinlupa,Metro Manila,14.475708,121.023723,tier1_urban,churned,2026-08-22
a1928872-fa7b-5f96-b738-9aed6955f45b,Rolando Convenience,bc2496ce-7fc4-5ea8-95db-88e19f61df14,dd92fc02-23e6-54d1-8ade-4dc72b56055b,"85 Aurora Blvd, Brgy. Santo Niño",Cebu City,Cebu,10.504,123.956778,tier1_urban,churned,2024-10-25
b9a20119-158b-5370-ad71-3f572943af79,Reynaldo Padala Center,d1e2cea1-fb3f-5fdd-874e-1f8a815e46ad,be3107b0-7566-55ce-95b2-c6139ff216c6,"325 Roxas Blvd, Brgy. Poblacion",General Santos,South Cotabato,6.954912,125.682888,tier2_suburban,active,2026-07-12
be0a5f04-8939-5ab3-a13a-4d517a6f2ebc,Gloria's Mini Mart,67f4fe18-a14b-5468-be9a-39412a820033,df62ff79-4b9c-5a75-8bd4-eb2c86e9c598,"105 EDSA, Brgy. Poblacion",Malolos,Bulacan,14.931174,120.634653,tier3_rural,inactive,2025-10-21
b9412644-c39e-5e32-9d99-df26d67e3d37,Mang Lorna's Tindahan,a5971392-1e30-508d-a138-19bc94042391,28ac47f7-f1ce-5fc3-966a-5dcdd795fc26,"106 Rizal Street, Brgy. Poblacion",Caloocan,Metro Manila,14.556174,120.918613,tier3_rural,active,2025-05-29
8cd8822e-c0bc-5720-a3b9-fd60f890d81f,Nelia's Sari-Sari,8b8bc841-15ad-5fba-8484-e04da45daf92,a87e363d-04c2-5fe0-abdc-8924fa7bf1a1,"395 Rizal Street, Brgy. San Isidro",Malabon,Metro Manila,14.574143,121.055834,tier3_rural,active,2025-08-23
c59454a2-323f-5844-b174-5f633e24c7cb,Miguel's Sari-Sari,a0b86899-3246-5640-85ef-64fd9be8a655,dd92fc02-23e6-54d1-8ade-4dc72b56055b,"534 Commonwealth Ave, Brgy. Kamuning",Bacolod,Negros Occidental,10.335601,123.853784,tier2_suburban,active,2026-04-26
c9cd5468-5c6c-5bf3-b662-2c90351581f1,Reynaldo's Mini Mart,56dbf964-c0af-5107-ad4e-b1da9ce1d774,be3107b0-7566-55ce-95b2-c6139ff216c6,"65 Commonwealth Ave, Brgy. Kamuning",Cagayan de Oro,Misamis Oriental,7.065577,125.489926,tier1_urban,active,2025-01-11
dbf883b7-96e8-5f48-971f-1cbadca59c68,Miguel's Mini Mart,56954d98-5581-50e8-908a-456d43e72cf5,df62ff79-4b9c-5a75-8bd4-eb2c86e9c598,"967 Katipunan Ave, Brgy. Pinyahan",Malolos,Bulacan,15.215664,120.558664,tier1_urban,active,2025-11-16
97a3c21c-6620-5b80-86f4-23b182349bb1,Rosario Mini Stop,0844d6e0-fd32-56b9-8de3-0c60acca01ca,28ac47f7-f1ce-5fc3-966a-5dcdd795fc26,"7 Osmena Blvd, Brgy. Bagong Silang",Taguig,Metro Manila,14.702484,120.975978,tier2_suburban,active,2025-07-10
732fe5fd-2dd9-5e16-9ff1-20b392cf8dcf,Carmen's Mini Mart,1f9f8714-4f06-5e64-ae37-c2187d16c37f,a87e363d-04c2-5fe0-abdc-8924fa7bf1a1,"441 Provincial Road, Brgy. Bambang",Marikina,Metro Manila,14.490837,120.964133,tier1_urban,active,2024-09-10
ca74b86a-f37f-597e-aeee-1808e9b38973,Corazon Convenience,56abcfba-1fb2-5007-8500-ff433828a68e,dd92fc02-23e6-54d1-8ade-4dc72b56055b,"182 Osmena Blvd, Brgy. Bagong Silang",Lapu-Lapu,Cebu,10.433159,123.938992,tier2_suburban,inactive,2025-06-29
fec70518-acb6-59cf-be4d-01d45efca0c8,Mang Ramon's Tindahan,cb81b398-f15f-565d-8945-4235ba90c00d,be3107b0-7566-55ce-95b2-c6139ff216c6,"334 Osmena Blvd, Brgy. San Isidro",Cagayan de Oro,Misamis Oriental,7.389897,125.517881,tier1_urban,inactive,2024-10-27
48960618-a551-5a8c-bbbb-0249881e9ac3,Sangla ni Elena,37c5c4ef-4d4b-5fa6-8903-7a2371d1f83b,df62ff79-4b9c-5a75-8bd4-eb2c86e9c598,"607 Aguinaldo Highway, Brgy. Santo Niño",Meycauayan,Bulacan,15.277199,120.66503,tier2_suburban,churned,2026-08-22
3997a8f5-6016-5810-b435-db8ec38b2c79,Ana Convenience,4a632666-9dc5-5afa-91a5-3be36d9742b5,28ac47f7-f1ce-5fc3-966a-5dcdd795fc26,"449 España Blvd, Brgy. Poblacion",Pasig,Metro Manila,14.69569,121.059131,tier2_suburban,at_risk,2026-08-25
c7053357-4956-5ab3-9efb-df8bd532f001,Corazon Pisong Net,6ef69ec5-a85c-5514-8d62-3115d1e3d746,a87e363d-04c2-5fe0-abdc-8924fa7bf1a1,"143 Provincial Road, Brgy. San Isidro",Valenzuela,Metro Manila,14.522606,121.031733,tier2_suburban,active,2025-12-27
ee90274c-9365-597d-b7b7-fe8b8dd298b0,Danilo Mini Stop,d9b472f7-7de6-552f-8235-c38e13be13ed,dd92fc02-23e6-54d1-8ade-4dc72b56055b,"460 National Highway, Brgy. Pinyahan",Cebu City,Cebu,10.665795,123.906873,tier2_suburban,inactive,2026-07-18
076c79c3-ac0f-5659-8d69-d8a0ee9abc0b,Ricardo Remittance,4ae73bc0-2182-5874-aa62-df511685dffd,be3107b0-7566-55ce-95b2-c6139ff216c6,"810 Roxas Blvd, Brgy. Ugong",Davao City,Davao del Sur,7.256292,125.67432,tier1_urban,churned,2025-02-22
ac65e59b-c1b9-5920-a539-cbb4f765265a,Ernesto's Sari-Sari,18130ea2-9631-5aff-a157-524d47b0b089,df62ff79-4b9c-5a75-8bd4-eb2c86e9c598,"674 Barangay Road, Brgy. Bagong Silang",Meycauayan,Bulacan,14.916437,120.683803,tier3_rural,at_risk,2024-10-16
83e195c1-ccba-5637-a552-7226c192c71c,Botica ni Rosa,ac33aaec-3637-5817-85cb-dbc0380a3250,28ac47f7-f1ce-5fc3-966a-5dcdd795fc26,"991 Taft Avenue, Brgy. Kamuning",Caloocan,Metro Manila,14.481783,120.919721,tier1_urban,inactive,2026-08-29
ac993bd2-ecef-58bc-b1d9-91067cf856f6,Jose's Computer Shop,00c00243-2a79-5b7b-9026-d6aa8ca41efd,a87e363d-04c2-5fe0-abdc-8924fa7bf1a1,"532 Aguinaldo Highway, Brgy. Bambang",San Juan,Metro Manila,14.656299,120.944206,tier2_suburban,active,2026-02-15
6c43b5de-1a73-52a4-9fa1-e51595e4486f,Botica ni Antonio,0991acb0-6252-5f07-bac7-2a192f862699,dd92fc02-23e6-54d1-8ade-4dc72b56055b,"791 Barangay Road, Brgy. Bambang",Iloilo City,Iloilo,10.75235,123.830149,tier1_urban,active,2025-04-19
beb2c62b-7aba-5ae5-ac57-43cb5a1af36a,Reynaldo Drug Store,488eb288-2053-5281-b7c0-d3c19c3f8fad,be3107b0-7566-55ce-95b2-c6139ff216c6,"303 Colon Street, Brgy. Poblacion",Davao City,Davao del Sur,6.969642,125.682203,tier1_urban,active,2025-12-07
9cb189b1-8844-5fd2-9173-42c7d3b4356d,Nelia's Computer Shop,083e4bd3-6619-56e0-b2cc-21a2095e8d6b,df62ff79-4b9c-5a75-8bd4-eb2c86e9c598,"352 Fuente Osmena, Brgy. San Jose",Malolos,Bulacan,15.16478,120.60449,tier1_urban,active,2025-03-13
2e0b60b9-2f88-5d7d-a78e-a6af6f8de266,Nelia Remittance,eb900bc6-3f83-54b9-86f7-d16787153978,28ac47f7-f1ce-5fc3-966a-5dcdd795fc26,"327 Mabini Street, Brgy. San Isidro",Parañaque,Metro Manila,14.463405,121.042156,tier1_urban,active,2026-04-28
f14294c0-783f-5054-be74-0f7e05c3f337,Mang Juan's Tindahan,00b55fa4-d3cf-595b-ab8e-beb9c3cde931,a87e363d-04c2-5fe0-abdc-8924fa7bf1a1,"112 Barangay Road, Brgy. Santo Niño",San Juan,Metro Manila,14.728977,121.048098,tier3_rural,active,2025-06-01
a39d0783-2b40-5751-bde2-5aebb6de1679,Aling Josefina's Store,0588baf7-0d22-5d47-a09e-d14a1f84235d,dd92fc02-23e6-54d1-8ade-4dc72b56055b,"164 Taft Avenue, Brgy. Ugong",Bacolod,Negros Occidental,10.541096,123.892411,tier2_suburban,at_risk,2025-06-28
26e2623e-c56a-55d8-912f-fab4962ae298,Ramon Convenience,c611b988-db0c-55f2-a5a9-d9f404ea1d59,be3107b0-7566-55ce-95b2-c6139ff216c6,"191 Provincial Road, Brgy. Kamuning",Cagayan de Oro,Misamis Oriental,7.137349,125.621217,tier1_urban,active,2025-11-09
140a5be1-ad50-58fb-b835-0b9c63c01116,Pedro Pawnshop,b0bc354e-fa44-552d-9f31-ebeae9f12614,df62ff79-4b9c-5a75-8bd4-eb2c86e9c598,"440 Osmena Blvd, Brgy. San Antonio",Santa Rosa,Laguna,15.293315,120.561735,tier1_urban,inactive,2024-12-11
79188a6f-dd8f-5a32-bcf6-d22190635ce3,Tindahan ni Rolando,55922034-d285-5c79-b85a-4fb51c5c06d7,28ac47f7-f1ce-5fc3-966a-5dcdd795fc26,"819 Aguinaldo Highway, Brgy. Santo Niño",Manila,Metro Manila,14.559738,120.939415,tier1_urban,active,2025-04-27
341a3bc3-5c02-5d55-a530-3ea9ba9499b5,Aling Rosario's Store,3db126c5-4b44-57d1-b757-5e12f41ae301,a87e363d-04c2-5fe0-abdc-8924fa7bf1a1,"884 J.P. Laurel Ave, Brgy. Ugong",San Juan,Metro Manila,14.739775,120.962681,tier2_suburban,at_risk,2026-06-29
4b2275bd-ea39-50f7-980c-c5b233b997d3,Gloria Padala Center,153cbfcb-d7ee-5bb5-8f1e-9fa1255fcd02,dd92fc02-23e6-54d1-8ade-4dc72b56055b,"602 Quezon Avenue, Brgy. Bagong Silang",Iloilo City,Iloilo,10.481588,123.891572,tier1_urban,at_risk,2025-10-16
c2b19867-0e0f-5168-989d-6d69067eb606,Aling Danilo's Store,fe05c33a-1202-5d84-9396-70388399d578,be3107b0-7566-55ce-95b2-c6139ff216c6,"941 National Highway, Brgy. Bambang",Zamboanga City,Zamboanga del Sur,6.950851,125.440184,tier1_urban,active,2025-02-23
9e145baf-68a9-50c6-b236-0146cc604c4f,Miguel Pisong Net,d32d6b8a-610c-5a3b-89c6-f5e0020c7e86,df62ff79-4b9c-5a75-8bd4-eb2c86e9c598,"120 Commonwealth Ave, Brgy. Bagong Silang",Malolos,Bulacan,15.285406,120.653247,tier2_suburban,at_risk,2026-07-17
872eb0e6-6a9b-5e4e-a521-17bca287ba19,Ernesto Internet Cafe,065bfd44-3620-54cf-8b48-3611ab6d6fa0,28ac47f7-f1ce-5fc3-966a-5dcdd795fc26,"589 Osmena Blvd, Brgy. Kamuning",Makati,Metro Manila,14.505726,121.0271,tier1_urban,inactive,2024-12-16
86f7bc46-6959-5a49-bf82-046a41a2dde2,Nelia Pharmacy,d644c57d-bbdd-5e77-9062-f1cf41e2ae30,a87e363d-04c2-5fe0-abdc-8924fa7bf1a1,"502 España Blvd, Brgy. Santo Niño",Muntinlupa,Metro Manila,14.50613,121.068397,tier3_rural,active,2025-08-21
2887b52d-8879-502a-bd29-4c26c293190f,Rolando's Sari-Sari,7e8b6e9a-6d85-51b9-848d-bbd3822f7caf,dd92fc02-23e6-54d1-8ade-4dc72b56055b,"975 Rizal Street, Brgy. Pinyahan",Lapu-Lapu,Cebu,10.309228,123.963043,tier3_rural,active,2025-09-15
ccce5ecc-2159-514f-b08c-bd6242df5381,Aling Carlos's Store,70e7a739-58c6-545b-a50c-0b9e31813f38,be3107b0-7566-55ce-95b2-c6139ff216c6,"419 Barangay Road, Brgy. Pinyahan",General Santos,South Cotabato,7.149378,125.651968,tier2_suburban,active,2025-03-08
44d69290-6f3e-524e-9759-ecc66d1e9ceb,Mang Ernesto's Tindahan,41259318-c405-5b03-92fd-44604ff42311,df62ff79-4b9c-5a75-8bd4-eb2c86e9c598,"579 Rizal Street, Brgy. San Jose",San Fernando,Pampanga,15.004463,120.582456,tier3_rural,active,2025-07-03
2c2cc81b-8180-52c0-932a-a54ac0be5347,Danilo's Sari-Sari,e1221262-2f20-596d-adb5-9837b7a28fcd,28ac47f7-f1ce-5fc3-966a-5dcdd795fc26,"800 Fuente Osmena, Brgy. Bambang",Makati,Metro Manila,14.672755,121.053184,tier3_rural,inactive,2026-03-31
3c68a561-0296-5b08-be2c-207c76389cf1,Botica ni Luz,667a7c30-44f2-51f6-9851-b1077e834434,a87e363d-04c2-5fe0-abdc-8924fa7bf1a1,"587 Quezon Avenue, Brgy. San Isidro",Las Piñas,Metro Manila,14.682534,121.064657,tier2_suburban,inactive,2026-07-25
cd01bc68-ff0e-52a1-bd7a-56f6ff49ab44,Nelia Internet Cafe,3bff4c7d-2233-5ca1-ae14-38c7cc7f2bf4,dd92fc02-23e6-54d1-8ade-4dc72b56055b,"779 Fuente Osmena, Brgy. Ugong",Cebu City,Cebu,10.374834,123.885031,tier1_urban,active,2025-02-28
4b3be50a-f305-595c-9a7c-9c6fe6b2122e,Aling Carmen's Store,f14056b6-fd78-5b41-9638-fc96e21bcff4,be3107b0-7566-55ce-95b2-c6139ff216c6,"461 Aurora Blvd, Brgy. Bagong Silang",Davao City,Davao del Sur,7.41732,125.426095,tier1_urban,churned,2025-07-02
050067db-17c3-5f23-ae16-64a16e384958,Elena Pisong Net,e5fd760c-3231-5537-adee-54be94269c29,df62ff79-4b9c-5a75-8bd4-eb2c86e9c598,"215 Gov. Drive, Brgy. Bagong Silang",Meycauayan,Bulacan,15.402734,120.683079,tier2_suburban,active,2025-02-05
89e58dd7-8ed1-5fc8-af0c-ff1674e9e8c3,Tindahan ni Rolando,41935f09-b6ca-581c-bf96-7abc100f06d3,28ac47f7-f1ce-5fc3-966a-5dcdd795fc26,"804 Marcos Highway, Brgy. San Jose",Makati,Metro Manila,14.691632,121.014015,tier3_rural,active,2025-03-24
1de8eb26-658d-5bda-8231-059687db880b,Sangla ni Jose,48d45a5c-902b-5f08-85d5-6eafbb311485,a87e363d-04c2-5fe0-abdc-8924fa7bf1a1,"552 Commonwealth Ave, Brgy. Bagong Silang",Navotas,Metro Manila,14.7437,120.958527,tier3_rural,active,2026-03-15
0a909a8c-a930-5b1c-b4ba-b557d1c09ba6,Jose's Sari-Sari,dffb1e59-bc75-5211-a272-a567d5528303,dd92fc02-23e6-54d1-8ade-4dc72b56055b,"922 Barangay Road, Brgy. Poblacion",Bacolod,Negros Occidental,10.308471,123.950019,tier2_suburban,active,2025-09-19
5c673601-1bdd-5b0a-92c8-2fe43124c690,Ana Lending,5a11704d-b298-5ca4-833c-9cd92603c306,be3107b0-7566-55ce-95b2-c6139ff216c6,"888 Provincial Road, Brgy. Santo Niño",Zamboanga City,Zamboanga del Sur,7.320856,125.439807,tier1_urban,churned,2025-11-08
1266d63c-a77a-50ae-95b3-aac6f8c10618,Luz Lending,83923bb0-d6ae-5c73-8abd-4d622a375901,df62ff79-4b9c-5a75-8bd4-eb2c86e9c598,"849 Katipunan Ave, Brgy. Kamuning",Antipolo,Rizal,15.142621,120.673228,tier2_suburban,at_risk,2026-02-18
7ac47676-570e-565e-bbc6-3815d0dd5ca3,Rolando's Sari-Sari,3fe338bb-039f-5f45-9517-ad4afe158e4f,28ac47f7-f1ce-5fc3-966a-5dcdd795fc26,"385 Fuente Osmena, Brgy. Poblacion",Caloocan,Metro Manila,14.640088,121.076025,tier1_urban,active,2026-08-09
69ea8f42-fdcb-59e8-a9cb-4d1d6d757245,Tindahan ni Teresa,f5e6a8c9-581d-5dac-8976-6054bc3169b7,a87e363d-04c2-5fe0-abdc-8924fa7bf1a1,"768 Aurora Blvd, Brgy. Bagong Silang",Navotas,Metro Manila,14.586409,120.997609,tier3_rural,active,2024-11-17
dfbdc0b9-f8d6-5c14-b6db-1e6552ad0a26,Tindahan ni Erlinda,a2c39090-0923-54e4-929e-a1aaf602cd8c,dd92fc02-23e6-54d1-8ade-4dc72b56055b,"96 Fuente Osmena, Brgy. Bagong Silang",Tacloban,Leyte,10.880085,123.959136,tier2_suburban,active,2025-08-19
8b1980a6-c1b2-58e0-97e6-08b23186f905,Aling Lorna's Store,ac65066d-b102-5a78-8155-6bbf2b5e503d,be3107b0-7566-55ce-95b2-c6139ff216c6,"845 Marcos Highway, Brgy. Pinyahan",General Santos,South Cotabato,7.061122,125.648503,tier2_suburban,inactive,2026-06-20
fed7793f-6c46-5130-9b9b-36a3e41cc742,Mang Josefina's Tindahan,a1f8e0eb-cff7-5623-834b-257244fe5257,df62ff79-4b9c-5a75-8bd4-eb2c86e9c598,"134 Gov. Drive, Brgy. Pinyahan",Santa Rosa,Laguna,15.351813,120.768246,tier1_urban,active,2025-02-10
1e927583-a58b-5d98-bb4e-df68360b0638,Mang Luz's Tindahan,fb7f081f-7244-5b10-bf96-5a5c71d91821,28ac47f7-f1ce-5fc3-966a-5dcdd795fc26,"642 Fuente Osmena, Brgy. San Antonio",Manila,Metro Manila,14.487271,121.07153,tier2_suburban,active,2026-02-20
46c6f660-27d0-500e-8750-b3373842e961,Danilo Pharmacy,69b4489e-792d-59fd-b4c9-c9775fd73864,a87e363d-04c2-5fe0-abdc-8924fa7bf1a1,"982 Colon Street, Brgy. San Jose",Las Piñas,Metro Manila,14.748708,121.081881,tier2_suburban,active,2024-11-22
2569b207-63d9-5d61-acdf-5e2b83e894da,Juan's Sari-Sari,f81d73e4-32ea-5026-8d02-a27d7c2787d2,dd92fc02-23e6-54d1-8ade-4dc72b56055b,"96 Provincial Road, Brgy. Bagong Silang",Lapu-Lapu,Cebu,10.400311,123.874369,tier1_urban,active,2026-05-26
91e43375-fb3f-5dea-84fc-3b6cd033a3ba,Mang Eduardo's Tindahan,3653b042-f5c7-53ca-a026-e836fad54ed0,be3107b0-7566-55ce-95b2-c6139ff216c6,"641 España Blvd, Brgy. San Jose",General Santos,South Cotabato,7.157539,125.42736,tier1_urban,active,2025-11-09
ed7871c4-9c27-53a6-8539-c9795a6740a3,Rosa Internet Cafe,02a1acee-c924-5a6b-9521-8270ced89683,df62ff79-4b9c-5a75-8bd4-eb2c86e9c598,"489 Mabini Street, Brgy. Santo Niño",Meycauayan,Bulacan,15.215576,120.655833,tier2_suburban,active,2024-09-01
0119dc39-1092-5316-b82f-ff32891806f1,Mang Miguel's Tindahan,f7474550-32b5-5dc3-be01-34569def7da5,28ac47f7-f1ce-5fc3-966a-5dcdd795fc26,"713 Taft Avenue, Brgy. Poblacion",Quezon City,Metro Manila,14.746446,120.984463,tier1_urban,active,2024-10-11
c7de05bb-4ed5-5a9e-b218-b343f9d73166,Mang Ernesto's Tindahan,a3113e3c-2807-5aec-9a02-d36874f9477e,a87e363d-04c2-5fe0-abdc-8924fa7bf1a1,"235 Osmena Blvd, Brgy. Poblacion",Las Piñas,Metro Manila,14.669229,120.920485,tier2_suburban,active,2026-06-09
24f6205d-af78-55c4-9ac6-42db10b9b00f,Rosa's Sari-Sari,2902b5fe-d092-5530-b814-55ae34b57d27,dd92fc02-23e6-54d1-8ade-4dc72b56055b,"141 Osmena Blvd, Brgy. Santo Niño",Lapu-Lapu,Cebu,10.713261,123.935427,tier1_urban,inactive,2025-05-07
9b091607-c2e8-537a-9942-74c84048a742,Elena Padala Center,25adc787-7cb0-50e0-a658-3a36e4835182,be3107b0-7566-55ce-95b2-c6139ff216c6,"625 Provincial Road, Brgy. Santo Niño",Davao City,Davao del Sur,7.16406,125.61673,tier1_urban,active,2025-12-05
e56bfd8a-5487-5264-b893-a501b67260ca,Ernesto Pharmacy,69b736df-8bf2-5947-ab1c-49c40a9798e5,df62ff79-4b9c-5a75-8bd4-eb2c86e9c598,"704 Fuente Osmena, Brgy. San Jose",Santa Rosa,Laguna,14.860682,120.53014,tier1_urban,at_risk,2025-10-06
2e0dbc5a-145a-5f98-95d6-887c0928278d,Maria Remittance,0b872d85-1be9-53bb-88d5-11bbdbaf3796,28ac47f7-f1ce-5fc3-966a-5dcdd795fc26,"360 Colon Street, Brgy. Bagong Silang",Caloocan,Metro Manila,14.687323,120.949557,tier1_urban,active,2025-09-05
1b89a724-452d-5f73-907e-6d06e9c5e1df,Rosario's Sari-Sari,34fd9ecb-cb3a-5d47-add4-306649dcd322,a87e363d-04c2-5fe0-abdc-8924fa7bf1a1,"616 National Highway, Brgy. Bambang",Navotas,Metro Manila,14.535476,121.088256,tier1_urban,at_risk,2025-06-24
1d4055cc-6c61-53ba-befa-1faccdf53807,Tindahan ni Erlinda,647b9e89-e7e7-57bf-ae92-dc6a4d54a8ad,dd92fc02-23e6-54d1-8ade-4dc72b56055b,"211 MacArthur Highway, Brgy. Bambang",Lapu-Lapu,Cebu,10.607618,123.949569,tier2_suburban,at_risk,2024-09-01
6bf333db-329e-5379-8a87-612548e94afa,Ana Express,72f6a3f6-f1ed-5550-81b4-f25ab9ed254a,be3107b0-7566-55ce-95b2-c6139ff216c6,"803 Katipunan Ave, Brgy. Pinyahan",Davao City,Davao del Sur,7.131531,125.472325,tier3_rural,active,2025-05-07
e069ddab-39fc-5820-b62a-2e0c144713e9,Ramon's Sari-Sari,7dda4f32-3a8c-578a-a12a-f8596633a843,df62ff79-4b9c-5a75-8bd4-eb2c86e9c598,"911 Rizal Street, Brgy. Bagong Silang",Dasmariñas,Cavite,15.453747,120.539595,tier3_rural,active,2026-06-28
f08a11c8-f9c0-5650-a8c7-d51d9e7f9892,Corazon Padala Center - Mandaluyong,26bf2e04-2900-5c51-a63e-fbcc95d4a9c6,28ac47f7-f1ce-5fc3-966a-5dcdd795fc26,"560 Barangay Road, Brgy. Santo Niño",Mandaluyong,Metro Manila,14.678818,121.090891,tier1_urban,active,2026-08-28
8a91073c-f678-5bb2-8e9b-1cd31b741b64,Jose Pawnshop - Navotas,a908fe70-98bb-5f1e-8e6a-13439d886521,a87e363d-04c2-5fe0-abdc-8924fa7bf1a1,"70 Rizal Street, Brgy. San Isidro",Navotas,Metro Manila,14.514723,121.084516,tier2_suburban,active,2025-10-20
aef13d93-2926-5d27-82cc-91eb397e1d5d,Mang Antonio's Tindahan - Lapu-Lapu,676de22a-98af-5829-bf98-7fa524711054,dd92fc02-23e6-54d1-8ade-4dc72b56055b,"644 Purok 1 Street, Brgy. Ugong",Lapu-Lapu,Cebu,10.813688,123.884715,tier2_suburban,active,2025-01-04
719962a7-20db-5986-ae72-a3679ddc032c,Ramon Express - Cagayan de Oro,0dfdd4f4-02e5-5a55-8a9b-891b9a5b9ba3,be3107b0-7566-55ce-95b2-c6139ff216c6,"285 Mabini Street, Brgy. San Isidro",Cagayan de Oro,Misamis Oriental,6.947413,125.676277,tier1_urban,inactive,2026-04-05
dad30c15-97b8-5018-ad17-b718b6e41811,Antonio Drug Store - Antipolo,ab2655b1-724a-5e5b-8fc3-9d2222c45d3e,df62ff79-4b9c-5a75-8bd4-eb2c86e9c598,"401 Gov. Drive, Brgy. Poblacion",Antipolo,Rizal,15.017119,120.631246,tier1_urban,active,2026-05-30
94f7c637-bf95-5080-befe-fdcf3748a0dc,Tindahan ni Fernando - Pasig,441546cc-0f25-5a0b-9229-6143b9ae4678,28ac47f7-f1ce-5fc3-966a-5dcdd795fc26,"89 Colon Street, Brgy. Poblacion",Pasig,Metro Manila,14.586012,121.021766,tier2_suburban,at_risk,2026-06-11
3c93a092-47e6-5c14-bdba-7ccdd461340c,Ana Padala Center - San Juan,69982d29-2f92-54dd-8b42-4b6821813122,a87e363d-04c2-5fe0-abdc-8924fa7bf1a1,"674 Commonwealth Ave, Brgy. Poblacion",San Juan,Metro Manila,14.453799,120.927442,tier1_urban,active,2025-10-23
40f0390b-96f3-537f-a920-2eed11fbbe5b,Fe's Mini Mart - Iloilo City,35625f7c-5f63-5460-8f53-0327ef02828f,dd92fc02-23e6-54d1-8ade-4dc72b56055b,"976 Roxas Blvd, Brgy. Ugong",Iloilo City,Iloilo,10.613778,123.964501,tier2_suburban,active,2025-05-07
0c74ae9b-9c3d-5ddd-9423-286f953e88fc,Mang Teresa's Tindahan - Zamboanga City,e64f1b78-7229-5fe9-af27-3afde2f65983,be3107b0-7566-55ce-95b2-c6139ff216c6,"130 Aurora Blvd, Brgy. Poblacion",Zamboanga City,Zamboanga del Sur,7.362858,125.408807,tier2_suburban,active,2025-06-18
6ba72381-ad6d-5ae2-a069-716db6b02ba9,Ricardo Pharmacy - Dasmariñas,daebb761-d794-577f-9fe5-825a32f9b87b,df62ff79-4b9c-5a75-8bd4-eb2c86e9c598,"66 Aurora Blvd, Brgy. Bambang",Dasmariñas,Cavite,15.239273,120.648844,tier3_rural,active,2026-07-23
9d0fe198-1bbb-51a7-894e-8ea74978b154,Ramon's Sari-Sari - Quezon City,6b0694da-04d6-558f-b0eb-84888914018d,28ac47f7-f1ce-5fc3-966a-5dcdd795fc26,"512 Gov. Drive, Brgy. Santo Niño",Quezon City,Metro Manila,14.560306,120.951023,tier1_urban,inactive,2025-02-07
88c4d406-580a-520e-93d1-a9491ae16323,Ernesto Remittance - San Juan,c8bde638-0339-5c07-874c-a95b2af691af,a87e363d-04c2-5fe0-abdc-8924fa7bf1a1,"741 Quezon Avenue, Brgy. San Jose",San Juan,Metro Manila,14.672234,120.900514,tier1_urban,active,2024-10-27
221f7ff2-5f5e-5f69-8a56-904dece85bcb,Nelia's Mini Mart - Cebu City,0823e6b2-0533-5be8-a4bb-af369ba421e5,dd92fc02-23e6-54d1-8ade-4dc72b56055b,"484 Roxas Blvd, Brgy. Kamuning",Cebu City,Cebu,10.936181,123.835792,tier1_urban,inactive,2025-09-17
8e7a61aa-daf6-5080-a843-f322705c0fce,Aling Fernando's Store - General Santos,1ebd2a93-70cd-5e1d-bbb3-34ddc32f27e1,be3107b0-7566-55ce-95b2-c6139ff216c6,"230 Taft Avenue, Brgy. San Jose",General Santos,South Cotabato,7.149754,125.616086,tier2_suburban,active,2024-10-17
86d8d01d-703e-5df7-8e24-18111f59177a,Tindahan ni Rosario - Santa Rosa,712ffd3d-3fff-51cc-a23f-448d39b6b496,df62ff79-4b9c-5a75-8bd4-eb2c86e9c598,"382 Quezon Avenue, Brgy. Ugong",Santa Rosa,Laguna,15.271328,120.515802,tier1_urban,inactive,2025-01-12
f1aca4b1-7e3d-57d1-9a9d-43efa13d8c8a,Tindahan ni Lorna - Quezon City,c8dc6a3d-79eb-5b47-8a0e-9f7f53a90094,28ac47f7-f1ce-5fc3-966a-5dcdd795fc26,"977 Osmena Blvd, Brgy. Poblacion",Quezon City,Metro Manila,14.713097,121.073206,tier2_suburban,active,2025-03-10
431d42db-74a5-53d0-8a57-68d40a8244d9,Corazon Padala Center - Las Piñas,ff19d265-6d5c-5533-b00d-20442de9f58d,a87e363d-04c2-5fe0-abdc-8924fa7bf1a1,"567 Fuente Osmena, Brgy. San Antonio",Las Piñas,Metro Manila,14.560676,120.958319,tier2_suburban,churned,2025-11-16
72394c70-a521-5f56-9ce4-31ca745e4ca2,Mang Corazon's Tindahan - Bacolod,619fe364-9174-5b42-afbb-1da57fee2265,dd92fc02-23e6-54d1-8ade-4dc72b56055b,"249 Fuente Osmena, Brgy. Bagong Silang",Bacolod,Negros Occidental,10.673353,123.898672,tier1_urban,churned,2025-03-16
ddc63cec-f08f-5452-ae9b-e788dec170e9,Mang Nelia's Tindahan - Cagayan de Oro,8efebfca-5f24-542a-84ac-0eeb74fbcf60,be3107b0-7566-55ce-95b2-c6139ff216c6,"155 Rizal Street, Brgy. Kamuning",Cagayan de Oro,Misamis Oriental,6.914346,125.562464,tier1_urban,active,2025-11-08
19a1cb62-c438-5b8a-835b-381d558aa640,Ricardo's Sari-Sari - Angeles,bf7b72a3-0007-56d3-aa57-fa8a5a15f1a0,df62ff79-4b9c-5a75-8bd4-eb2c86e9c598,"778 Barangay Road, Brgy. Kamuning",Angeles,Pampanga,15.394304,120.718165,tier1_urban,active,2025-09-02
c50ebb3c-5029-50fa-9889-bf2ace164e85,Nelia Padala Center - Pasig,d1897cc1-395a-5ed0-bf25-a6555e7e6a98,28ac47f7-f1ce-5fc3-966a-5dcdd795fc26,"430 J.P. Laurel Ave, Brgy. San Antonio",Pasig,Metro Manila,14.741768,120.928475,tier2_suburban,active,2025-09-10
1e441a01-31ff-5104-af05-d712744abbb8,Ricardo Pawnshop - Las Piñas,94e933d5-3caf-5ecf-9dd4-6ffea84bb0b4,a87e363d-04c2-5fe0-abdc-8924fa7bf1a1,"944 Katipunan Ave, Brgy. Ugong",Las Piñas,Metro Manila,14.573917,121.079116,tier2_suburban,churned,2025-11-01
2120de3b-6e89-5446-b10d-84783bca78f8,Carmen Express - Cebu City,e205c222-e396-553f-b26a-47984778b60c,dd92fc02-23e6-54d1-8ade-4dc72b56055b,"595 Quezon Avenue, Brgy. Ugong",Cebu City,Cebu,10.306811,123.963993,tier1_urban,at_risk,2025-11-29
e6deb5a2-207b-5e2c-b132-d7d06f52b35a,Aling Teresa's Store - Davao City,949dca79-71bc-590d-be25-60894849b55b,be3107b0-7566-55ce-95b2-c6139ff216c6,"446 Barangay Road, Brgy. Santo Niño",Davao City,Davao del Sur,7.042063,125.478297,tier2_suburban,active,2026-07-04
da0cb885-df95-54a9-907a-b809b1ee7b74,Ernesto's Sari-Sari - Antipolo,66b2e8cb-dc6e-50e7-9b65-5856e207e61d,df62ff79-4b9c-5a75-8bd4-eb2c86e9c598,"326 Fuente Osmena, Brgy. San Isidro",Antipolo,Rizal,14.963528,120.783066,tier1_urban,churned,2025-04-29
aea226c0-7f74-52fc-aa22-1c3146edcf33,Fernando Drug Store - Manila,2caec3f9-91ae-57aa-9eb7-c390813e17c6,28ac47f7-f1ce-5fc3-966a-5dcdd795fc26,"160 Quezon Avenue, Brgy. Santo Niño",Manila,Metro Manila,14.58487,120.962807,tier1_urban,inactive,2025-07-23
26642037-fe53-501b-99f5-0c21fae5336e,Tindahan ni Antonio - Marikina,f468fc78-5dbd-5c1a-9eb6-da774f7eb9d8,a87e363d-04c2-5fe0-abdc-8924fa7bf1a1,"988 Marcos Highway, Brgy. Pinyahan",Marikina,Metro Manila,14.542492,120.953002,tier1_urban,active,2026-06-15
d284eae1-3b58-55e9-aa20-71dc036e9515,Nelia Drug Store - Mandaue,f21eb0bf-c2ee-55a1-bfb4-557f1367a9b4,dd92fc02-23e6-54d1-8ade-4dc72b56055b,"827 Barangay Road, Brgy. San Isidro",Mandaue,Cebu,10.861109,123.939376,tier1_urban,active,2025-12-12
68fe2048-5e72-5f5d-8554-968c7e45fc11,Luz Lending - Zamboanga City,39c7c185-225a-5941-9070-f37736a679b2,be3107b0-7566-55ce-95b2-c6139ff216c6,"152 Mabini Street, Brgy. San Jose",Zamboanga City,Zamboanga del Sur,7.48104,125.518873,tier1_urban,at_risk,2025-12-25
2a97756f-49d6-58f9-be6f-82181c42fed7,Lorna Mini Stop - Malolos,be08dfe3-f201-573d-99e9-1eb6a8daa93e,df62ff79-4b9c-5a75-8bd4-eb2c86e9c598,"267 Commonwealth Ave, Brgy. San Antonio",Malolos,Bulacan,15.466468,120.75638,tier3_rural,churned,2024-10-20
9ff9d504-c856-5bd7-a518-581b72844101,Pedro's Sari-Sari - Pasig,742be74a-689a-5579-a5b8-ff2c0f42881a,28ac47f7-f1ce-5fc3-966a-5dcdd795fc26,"97 Fuente Osmena, Brgy. Poblacion",Pasig,Metro Manila,14.691169,120.927959,tier1_urban,active,2025-02-14
22cc08e1-5eef-548c-8831-f5523bacf5da,Tindahan ni Jose - Malabon,63488871-4c35-59dc-8d07-812463b1c1dd,a87e363d-04c2-5fe0-abdc-8924fa7bf1a1,"800 Katipunan Ave, Brgy. Santo Niño",Malabon,Metro Manila,14.50944,120.980116,tier1_urban,inactive,2025-04-09
0542378b-c101-5b65-9cc3-78e0505cd512,Fe Express - Bacolod,3806a900-4e31-58b5-b75d-e49f91428dc7,dd92fc02-23e6-54d1-8ade-4dc72b56055b,"266 Mabini Street, Brgy. San Antonio",Bacolod,Negros Occidental,10.997729,123.83955,tier2_suburban,active,2025-09-30
0de5a8ae-8c43-51a3-8772-fd029e6163f4,Aling Luz's Store - Davao City,297f566b-23d0-5127-aeee-470a1fc16520,be3107b0-7566-55ce-95b2-c6139ff216c6,"927 Taft Avenue, Brgy. Poblacion",Davao City,Davao del Sur,6.925618,125.538298,tier1_urban,inactive,2025-11-10
1aff3b3e-90df-587f-b433-fedbb05181dc,Jose Express - Bacoor,ce84180c-18f6-552e-a086-edef79130cea,df62ff79-4b9c-5a75-8bd4-eb2c86e9c598,"842 Osmena Blvd, Brgy. Pinyahan",Bacoor,Cavite,14.820638,120.704964,tier1_urban,active,2024-10-26
eeb546d4-9cc3-5314-a3cf-9fb014d96b68,Ana Padala Center - Pasig,929f7992-9ad5-5bba-a86d-cdd127a38be6,28ac47f7-f1ce-5fc3-966a-5dcdd795fc26,"931 Commonwealth Ave, Brgy. San Isidro",Pasig,Metro Manila,14.533956,121.076685,tier1_urban,at_risk,2024-11-16
a33ea889-160a-53fc-b474-ba1b677701a5,Botica ni Rolando - Navotas,cc54275e-ed1d-57ae-87ac-bd3f33a0d37a,a87e363d-04c2-5fe0-abdc-8924fa7bf1a1,"632 Katipunan Ave, Brgy. San Isidro",Navotas,Metro Manila,14.599667,121.076556,tier2_suburban,active,2024-10-10
f2938a3e-e2e7-5b26-8a84-d1c3e60f941b,Ricardo Lending - Cebu City,12a3494f-10cd-5510-9bd2-7f6d059cbbd2,dd92fc02-23e6-54d1-8ade-4dc72b56055b,"287 Osmena Blvd, Brgy. Santo Niño",Cebu City,Cebu,10.535388,123.928531,tier3_rural,active,2026-06-03
6a5f1922-ebb4-59d7-99fe-b30c0bf7ecce,Mang Teresa's Tindahan - Davao City,82ead168-b511-5518-ae41-2290ab90c234,be3107b0-7566-55ce-95b2-c6139ff216c6,"392 Purok 1 Street, Brgy. Bagong Silang",Davao City,Davao del Sur,7.187811,125.634431,tier2_suburban,inactive,2024-11-05
6511e734-1feb-59af-a892-a87374f34ebb,Mang Miguel's Tindahan - Dasmariñas,00441661-47f2-50c6-8456-3e104c713caf,df62ff79-4b9c-5a75-8bd4-eb2c86e9c598,"330 Osmena Blvd, Brgy. San Isidro",Dasmariñas,Cavite,14.925871,120.595663,tier1_urban,active,2025-02-11
04fb4d72-367a-58c1-8195-60a6507914d3,Ernesto's Sari-Sari - Taguig,da71cb0e-ef38-5d8f-b284-f7e94f1c262f,28ac47f7-f1ce-5fc3-966a-5dcdd795fc26,"60 J.P. Laurel Ave, Brgy. Ugong",Taguig,Metro Manila,14.55723,121.016798,tier1_urban,active,2026-04-18
0c5a8d1c-ccf3-5d8e-ae35-290e69f09907,Tindahan ni Nelia - Las Piñas,ea89d7f7-9635-539a-bd2a-a684d0bc3dea,a87e363d-04c2-5fe0-abdc-8924fa7bf1a1,"254 Barangay Road, Brgy. San Jose",Las Piñas,Metro Manila,14.529958,121.063257,tier1_urban,churned,2025-06-15
70dcb470-1f3b-5ff1-9218-2691192ca6e9,Maria's Sari-Sari - Mandaue,5ed04869-63d3-5157-add4-2b50eed27681,dd92fc02-23e6-54d1-8ade-4dc72b56055b,"590 Osmena Blvd, Brgy. Bagong Silang",Mandaue,Cebu,10.948165,123.998308,tier1_urban,active,2025-11-15
23bbfd8f-47b3-5b12-baf0-55d2adae6a4d,Botica ni Josefina - Cagayan de Oro,1970cb46-f424-5f19-bbe3-54410bbf3c70,be3107b0-7566-55ce-95b2-c6139ff216c6,"607 Taft Avenue, Brgy. Bagong Silang",Cagayan de Oro,Misamis Oriental,7.448388,125.408462,tier2_suburban,inactive,2025-07-20
6d99347d-0056-57a2-b40b-1c138af83419,Maria Convenience - Santa Rosa,3926930c-52e1-5eb9-b18f-425016f8b07c,df62ff79-4b9c-5a75-8bd4-eb2c86e9c598,"146 Gov. Drive, Brgy. San Jose",Santa Rosa,Laguna,15.385688,120.74312,tier2_suburban,inactive,2026-08-28
98a31b9f-9ad9-5616-9b27-939d6a0c34cb,Erlinda Mini Stop - Taguig,635e7a6f-f49d-503e-a7ea-f0913bdb6d00,28ac47f7-f1ce-5fc3-966a-5dcdd795fc26,"180 J.P. Laurel Ave, Brgy. San Antonio",Taguig,Metro Manila,14.477077,120.946525,tier1_urban,active,2025-07-21
14484de5-5342-5ef7-bb00-77c5c5b903d2,Gloria Pawnshop - Navotas,99e3cd03-3e1e-5997-98a5-58fde86e9924,a87e363d-04c2-5fe0-abdc-8924fa7bf1a1,"490 Rizal Street, Brgy. Bagong Silang",Navotas,Metro Manila,14.725369,120.940293,tier1_urban,active,2026-01-31
4ef5faf8-0f6f-57e6-b280-f02415866b1d,Tindahan ni Jose - Tacloban,5f1a15b5-0c23-588a-9746-0d1f3f7af148,dd92fc02-23e6-54d1-8ade-4dc72b56055b,"182 Taft Avenue, Brgy. San Antonio",Tacloban,Leyte,10.21753,123.917322,tier1_urban,churned,2025-03-31
75b194f1-6323-5e3f-9d74-f06333ef4d67,Rosario's Sari-Sari - Davao City,fe823172-4573-5784-82c0-62d7513e5bf4,be3107b0-7566-55ce-95b2-c6139ff216c6,"867 MacArthur Highway, Brgy. Bagong Silang",Davao City,Davao del Sur,7.476335,125.512077,tier2_suburban,at_risk,2026-02-06
cc7dba39-9fc6-550c-9fc7-cdaff6e74660,Aling Josefina's Store - San Fernando,e1882e45-7e45-5c3e-9ef4-3036d746966f,df62ff79-4b9c-5a75-8bd4-eb2c86e9c598,"345 España Blvd, Brgy. Bagong Silang",San Fernando,Pampanga,14.895516,120.547251,tier2_suburban,at_risk,2024-10-22
a96ae10f-0d82-5156-802a-0b93c66f979c,Juan Internet Cafe - Parañaque,080b4031-0ffe-54f0-bf45-d4acaa5acc3c,28ac47f7-f1ce-5fc3-966a-5dcdd795fc26,"665 Taft Avenue, Brgy. Santo Niño",Parañaque,Metro Manila,14.662155,121.012395,tier3_rural,active,2025-04-27
bc25a51a-f86e-5321-ad07-8446444ea8c3,Maria's Mini Mart - Muntinlupa,ff7d0969-136e-5a52-9fc0-1487349a8146,a87e363d-04c2-5fe0-abdc-8924fa7bf1a1,"682 Gov. Drive, Brgy. Santo Niño",Muntinlupa,Metro Manila,14.563515,121.046799,tier2_suburban,active,2025-04-02
acd639d2-0a2a-5b8c-8f9b-a8a9056d9582,Aling Carmen's Store - Mandaue,72f189ec-98d1-510f-aa8a-2efddbebf1c6,dd92fc02-23e6-54d1-8ade-4dc72b56055b,"747 Rizal Street, Brgy. Bambang",Mandaue,Cebu,10.513281,123.998857,tier3_rural,active,2026-04-14
ef1123b0-4761-5276-bf42-c99cc64e1d86,Erlinda's Mini Mart - Cagayan de Oro,13fe1072-6be7-54e3-950f-5c123804e384,be3107b0-7566-55ce-95b2-c6139ff216c6,"617 Taft Avenue, Brgy. Bambang",Cagayan de Oro,Misamis Oriental,7.032537,125.569665,tier2_suburban,active,2026-02-05
2e4d4b9c-817f-51b8-9247-862d368d2d37,Teresa Pawnshop - Antipolo,460033d5-6899-5bd6-bd9e-b87f2ecac724,df62ff79-4b9c-5a75-8bd4-eb2c86e9c598,"764 Mabini Street, Brgy. San Jose",Antipolo,Rizal,15.042767,120.595856,tier1_urban,churned,2025-05-07
16515985-00e6-538a-be14-4428d2229892,Tindahan ni Reynaldo - Mandaluyong,d960de75-9d69-55d3-a0e3-2dafa9622e4c,28ac47f7-f1ce-5fc3-966a-5dcdd795fc26,"458 Rizal Street, Brgy. San Isidro",Mandaluyong,Metro Manila,14.512905,121.038635,tier2_suburban,active,2025-09-07
47dd943b-3a59-5885-831f-5b9a7f3b9396,Tindahan ni Corazon - Malabon,908a169d-e589-508f-9573-1b3375cd994a,a87e363d-04c2-5fe0-abdc-8924fa7bf1a1,"111 Rizal Street, Brgy. San Antonio",Malabon,Metro Manila,14.565781,121.046517,tier1_urban,active,2026-05-16
4134a576-76a3-5628-80c6-4de326b0626b,Miguel Remittance - Iloilo City,17390989-c254-5961-9337-10043bc3db40,dd92fc02-23e6-54d1-8ade-4dc72b56055b,"903 Osmena Blvd, Brgy. Bagong Silang",Iloilo City,Iloilo,10.636819,123.820286,tier2_suburban,inactive,2026-08-16
80699c98-bf43-580b-9754-9b2ada607cda,Rosario Drug Store - Cagayan de Oro,71c54a62-48c2-55e0-bd0e-dc81917f89f9,be3107b0-7566-55ce-95b2-c6139ff216c6,"167 Fuente Osmena, Brgy. Poblacion",Cagayan de Oro,Misamis Oriental,7.379517,125.410024,tier1_urban,active,2025-06-03
ee121ccf-df6b-5b72-91cc-f2efa3dc9eb6,Nelia's Sari-Sari - Malolos,2c71e9f7-f90a-51a7-82b1-f5dd36ad2486,df62ff79-4b9c-5a75-8bd4-eb2c86e9c598,"975 Quezon Avenue, Brgy. Poblacion",Malolos,Bulacan,15.039266,120.766379,tier1_urban,churned,2025-09-23
b551780d-4f96-598c-9e14-c940e936f077,Gloria Lending - Manila,ed7f0c6b-13f6-53b6-9542-cc129994c258,28ac47f7-f1ce-5fc3-966a-5dcdd795fc26,"561 Mabini Street, Brgy. Bagong Silang",Manila,Metro Manila,14.628209,121.022729,tier2_suburban,churned,2025-10-11
0b242086-2362-5dca-bd67-d4bda6f6d1fd,Antonio Drug Store - Las Piñas,53844139-dd79-5dfc-a18b-5983d024ccfb,a87e363d-04c2-5fe0-abdc-8924fa7bf1a1,"442 Provincial Road, Brgy. Santo Niño",Las Piñas,Metro Manila,14.632195,120.98684,tier1_urban,active,2025-11-10
785169b9-83da-56d2-a59b-04e35cf4bb01,Aling Ana's Store - Lapu-Lapu,2ab7563d-adab-52ff-9374-2dd4ea04477b,dd92fc02-23e6-54d1-8ade-4dc72b56055b,"211 Marcos Highway, Brgy. Kamuning",Lapu-Lapu,Cebu,10.757757,123.944408,tier3_rural,active,2025-03-02
3533e91a-6c3d-5181-b675-6598d235e36d,Botica ni Rosario - Zamboanga City,1dc93905-d4dd-5aef-916a-019f089a1c86,be3107b0-7566-55ce-95b2-c6139ff216c6,"305 Katipunan Ave, Brgy. Poblacion",Zamboanga City,Zamboanga del Sur,6.929781,125.571531,tier2_suburban,active,2025-12-04
48380be3-46fe-5cea-9b64-86eb7a42b49c,Mang Pedro's Tindahan - Angeles,e7495aed-f722-5c5c-b7c2-e0b65f7f745b,df62ff79-4b9c-5a75-8bd4-eb2c86e9c598,"370 Rizal Street, Brgy. Kamuning",Angeles,Pampanga,14.86134,120.747169,tier3_rural,active,2025-10-19
2f0d50fa-61c5-5f65-85cf-5797db775a40,Elena Padala Center - Pasig,0ad2695a-8596-5871-a84f-3e791a2475bb,28ac47f7-f1ce-5fc3-966a-5dcdd795fc26,"100 Rizal Street, Brgy. San Jose",Pasig,Metro Manila,14.50125,120.958362,tier1_urban,active,2025-11-12
852f07da-d638-513e-ad8d-6233ee1bb2fb,Rosa Pisong Net - Malabon,283d0fdc-7bb8-57be-99e0-47f701e233f4,a87e363d-04c2-5fe0-abdc-8924fa7bf1a1,"119 España Blvd, Brgy. Kamuning",Malabon,Metro Manila,14.591283,121.078975,tier2_suburban,active,2024-11-23
ab402b91-e908-5c90-89d1-040c3fad8c6f,Carlos's Sari-Sari - Tacloban,9e84429a-ac05-5406-9bd6-4212810b262c,dd92fc02-23e6-54d1-8ade-4dc72b56055b,"558 Osmena Blvd, Brgy. Santo Niño",Tacloban,Leyte,10.496816,123.876289,tier1_urban,active,2025-07-01
04d58091-bfa3-51f3-90d8-eaffa8b77c67,Antonio's Sari-Sari - Davao City,b008097f-5618-53fa-a7b8-041e29e53262,be3107b0-7566-55ce-95b2-c6139ff216c6,"270 Fuente Osmena, Brgy. Pinyahan",Davao City,Davao del Sur,7.05804,125.651124,tier3_rural,active,2026-03-13
df28fc2b-8725-5f9f-b07b-689682471c74,Carlos's Sari-Sari - Olongapo,14eec67e-c712-5683-84a8-20ec20baadd4,df62ff79-4b9c-5a75-8bd4-eb2c86e9c598,"771 Purok 1 Street, Brgy. Poblacion",Olongapo,Zambales,14.859995,120.603137,tier3_rural,active,2026-03-14
38a1a40d-329f-57f3-9cd9-b0a08e6a7b64,Mang Teresa's Tindahan - Pasig,64d86f76-0803-5bb7-a77f-585ab9e9a80c,28ac47f7-f1ce-5fc3-966a-5dcdd795fc26,"567 Bonifacio Avenue, Brgy. Kamuning",Pasig,Metro Manila,14.695522,120.983726,tier3_rural,at_risk,2025-09-26
e0871838-be01-5d11-b197-cc87d0f2ba01,Tindahan ni Teresa - Malabon,221ff97a-4904-570d-8886-d68cde5cfdb7,a87e363d-04c2-5fe0-abdc-8924fa7bf1a1,"959 J.P. Laurel Ave, Brgy. Bambang",Malabon,Metro Manila,14.714496,120.995252,tier1_urban,active,2026-07-24
e8c1544d-4294-5681-b84b-eca4289b7c4b,Tindahan ni Maria - Tacloban,06fed607-1071-535a-9990-1ad594c36cbf,dd92fc02-23e6-54d1-8ade-4dc72b56055b,"36 MacArthur Highway, Brgy. Bambang",Tacloban,Leyte,10.920364,123.96009,tier3_rural,active,2026-01-03
93eb535b-2dc6-5ada-a3cd-994ee0720f37,Carlos Convenience - Davao City,cf580dae-6847-5032-bfe0-1825c085c897,be3107b0-7566-55ce-95b2-c6139ff216c6,"973 Fuente Osmena, Brgy. Santo Niño",Davao City,Davao del Sur,7.469437,125.450149,tier1_urban,active,2025-07-07
0ba00c7e-2d91-5872-bbbb-f7a769d4d1f8,Lorna's Sari-Sari - Olongapo,645fbc99-20e6-5d81-96eb-c09a23c03b68,df62ff79-4b9c-5a75-8bd4-eb2c86e9c598,"44 Colon Street, Brgy. Poblacion",Olongapo,Zambales,15.491796,120.630618,tier1_urban,at_risk,2026-02-05
d0bfe50b-b011-596c-bab6-e071945ae144,Ernesto's Computer Shop - Taguig,2decaccb-2870-570f-a027-0d9f42947502,28ac47f7-f1ce-5fc3-966a-5dcdd795fc26,"328 Mabini Street, Brgy. Poblacion",Taguig,Metro Manila,14.56643,120.979471,tier2_suburban,active,2025-02-17
1259272d-08e4-5ce6-90fb-be8026628b5f,Erlinda Convenience - Navotas,73522e82-2c7b-5897-9dfa-f2b4a468c282,a87e363d-04c2-5fe0-abdc-8924fa7bf1a1,"470 Rizal Street, Brgy. Bambang",Navotas,Metro Manila,14.626273,121.056337,tier1_urban,active,2026-06-15
13860416-cfcd-5aa8-ac90-096ab9677e84,Sangla ni Jose - Mandaue,965f3821-d76c-5972-b7a5-21f7c69a5b47,dd92fc02-23e6-54d1-8ade-4dc72b56055b,"152 Gov. Drive, Brgy. Bambang",Mandaue,Cebu,10.666142,123.992966,tier1_urban,active,2024-11-22
bd497535-7902-5987-af45-39611a302a57,Mang Gloria's Tindahan - Davao City,d745997c-ef04-517d-992f-d46228c9fb4c,be3107b0-7566-55ce-95b2-c6139ff216c6,"805 España Blvd, Brgy. Ugong",Davao City,Davao del Sur,7.428081,125.663368,tier2_suburban,active,2026-02-08
75bc3343-bd6e-5a4b-a800-67f16dfe4305,Ernesto's Mini Mart - Calamba,c0bbf57e-fb7c-5d96-8c3a-4ed0176ac616,df62ff79-4b9c-5a75-8bd4-eb2c86e9c598,"498 Gov. Drive, Brgy. Bambang",Calamba,Laguna,15.131133,120.55166,tier2_suburban,active,2024-11-09
91fc7ae7-d612-57c1-a59c-5c92ce8e587d,Tindahan ni Teresa - Caloocan,57950df6-c45d-5b36-b292-30a207e2b4a9,28ac47f7-f1ce-5fc3-966a-5dcdd795fc26,"40 Osmena Blvd, Brgy. Bagong Silang",Caloocan,Metro Manila,14.657154,120.909858,tier2_suburban,active,2025-10-04
b8340c07-812a-5986-b8be-e79316280d45,Elena Lending - Marikina,4dca96f6-04e4-585a-bb48-9989c3af8745,a87e363d-04c2-5fe0-abdc-8924fa7bf1a1,"21 Taft Avenue, Brgy. San Isidro",Marikina,Metro Manila,14.543285,121.068569,tier1_urban,active,2025-05-14
379ada66-b3b0-53ca-8a8a-0b2923ffa523,Aling Nelia's Store - Mandaue,98a6990f-77b3-52e7-a1c2-6d4167f7d841,dd92fc02-23e6-54d1-8ade-4dc72b56055b,"308 Fuente Osmena, Brgy. Bagong Silang",Mandaue,Cebu,10.415536,123.883355,tier1_urban,active,2026-01-19
2c1efd98-1bb9-5b09-9421-e27bfff7fe74,Nelia Pisong Net - General Santos,bf4c591c-9e0b-528f-a21d-52b1eb692ffd,be3107b0-7566-55ce-95b2-c6139ff216c6,"217 Colon Street, Brgy. Pinyahan",General Santos,South Cotabato,7.355696,125.660157,tier1_urban,inactive,2026-05-10
7944d169-47e3-5be3-8e6e-48cb0be22ca0,Danilo Padala Center - Olongapo,c7318f32-055f-5d17-ab4e-20c631cb4c8a,df62ff79-4b9c-5a75-8bd4-eb2c86e9c598,"68 España Blvd, Brgy. Ugong",Olongapo,Zambales,15.08237,120.734155,tier3_rural,inactive,2026-08-05
105e6809-a7b6-51e3-8e86-7cd8ffe85470,Ramon Pisong Net - Quezon City,49da2e15-ed3a-528e-86d4-e9af5c7b1041,28ac47f7-f1ce-5fc3-966a-5dcdd795fc26,"178 Marcos Highway, Brgy. San Jose",Quezon City,Metro Manila,14.701093,120.949898,tier2_suburban,active,2026-08-09
786fa11e-4d45-592a-8ba0-91ba5c1573df,Sangla ni Juan - Marikina,ee07c280-7f2c-5566-bee5-5b7def3b5e4d,a87e363d-04c2-5fe0-abdc-8924fa7bf1a1,"722 Marcos Highway, Brgy. San Isidro",Marikina,Metro Manila,14.560506,120.992844,tier2_suburban,at_risk,2025-12-18
4415fe8c-97cc-5d15-aee3-27997578bfd9,Luz Drug Store - Cebu City,467d3400-fb3e-52f3-80e6-83af006cc6a9,dd92fc02-23e6-54d1-8ade-4dc72b56055b,"698 Rizal Street, Brgy. San Jose",Cebu City,Cebu,10.497973,123.918809,tier1_urban,active,2026-03-14
79f6bc28-8fb5-5667-8083-4cb80dc0d83d,Tindahan ni Maria - Zamboanga City,2648e9ed-52de-539b-b5f6-dad97288749c,be3107b0-7566-55ce-95b2-c6139ff216c6,"353 Commonwealth Ave, Brgy. San Isidro",Zamboanga City,Zamboanga del Sur,7.349377,125.606655,tier2_suburban,active,2026-04-30
4b5248d7-2fac-5166-9a59-ebfa65896f3e,Ernesto's Sari-Sari - Bacoor,3d650931-ed3a-5a40-839f-5e32af0b5958,df62ff79-4b9c-5a75-8bd4-eb2c86e9c598,"51 Commonwealth Ave, Brgy. Bambang",Bacoor,Cavite,15.345881,120.564296,tier1_urban,at_risk,2024-12-14
fbf6b6d9-b3fc-5849-bed6-a8efd4ff15df,Ramon's Sari-Sari - Pasig,682ae381-911d-5546-9a0b-af8a45f4d269,28ac47f7-f1ce-5fc3-966a-5dcdd795fc26,"694 Marcos Highway, Brgy. San Isidro",Pasig,Metro Manila,14.645476,121.002656,tier1_urban,active,2026-07-19
797fe38b-526e-5e9c-b5b7-0afbef0991b8,Tindahan ni Gloria - Muntinlupa,a8220584-6d07-583c-93d4-97cbb3aebe4e,a87e363d-04c2-5fe0-abdc-8924fa7bf1a1,"663 Commonwealth Ave, Brgy. Bambang",Muntinlupa,Metro Manila,14.690259,120.944754,tier3_rural,active,2025-10-30
22746863-66c2-5148-b1c3-0e496f314a04,Tindahan ni Carmen - Tacloban,26b8a67d-393b-5a7f-881a-4e0bb3953f86,dd92fc02-23e6-54d1-8ade-4dc72b56055b,"991 Purok 1 Street, Brgy. San Isidro",Tacloban,Leyte,10.539045,123.875295,tier2_suburban,active,2025-02-01
05a4994d-a059-5089-8a6e-4736ef5e21a5,Tindahan ni Erlinda - Zamboanga City,52a8d9ee-cb08-52bc-a0c2-c3e4aa5d00e7,be3107b0-7566-55ce-95b2-c6139ff216c6,"224 Fuente Osmena, Brgy. San Isidro",Zamboanga City,Zamboanga del Sur,7.306318,125.647293,tier2_suburban,inactive,2026-04-10
498f951c-6dfe-533c-a120-1beece00a222,Teresa's Sari-Sari - San Fernando,07a16421-a2c8-5370-8b38-df901ea031a9,df62ff79-4b9c-5a75-8bd4-eb2c86e9c598,"8 MacArthur Highway, Brgy. Bagong Silang",San Fernando,Pampanga,15.19302,120.678132,tier2_suburban,active,2026-05-12
828f6bc6-59ab-5b55-8670-027079ec2c19,Tindahan ni Nelia - Manila,f6321a97-df6a-5832-91fa-e0689fe0365b,28ac47f7-f1ce-5fc3-966a-5dcdd795fc26,"494 Mabini Street, Brgy. Bagong Silang",Manila,Metro Manila,14.746508,121.028119,tier2_suburban,active,2025-03-17
8528de39-c67a-5685-841c-0efd36906177,Fernando Padala Center - San Juan,6c58c730-44a2-548f-99f8-37c7e3939ef0,a87e363d-04c2-5fe0-abdc-8924fa7bf1a1,"729 Provincial Road, Brgy. San Isidro",San Juan,Metro Manila,14.506508,121.003459,tier1_urban,active,2026-04-30
6409d22c-88a1-5681-86c8-da655632ac52,Mang Rolando's Tindahan - Bacolod,85509236-a071-58a8-be76-98526f104a93,dd92fc02-23e6-54d1-8ade-4dc72b56055b,"414 Barangay Road, Brgy. Bagong Silang",Bacolod,Negros Occidental,10.744605,123.944257,tier2_suburban,active,2026-08-05
5e3102a8-ef77-5d8c-b93a-c7fdefaad65d,Ricardo's Sari-Sari - Zamboanga City,70815ff6-99c9-5575-92f7-6855a865fd8f,be3107b0-7566-55ce-95b2-c6139ff216c6,"929 Colon Street, Brgy. Kamuning",Zamboanga City,Zamboanga del Sur,7.132965,125.410596,tier3_rural,active,2026-03-16
44cb00b0-30e2-5c17-b375-61ac679636ba,Fernando's Computer Shop - Antipolo,5f513119-9849-59d8-b34a-2756848e3a7c,df62ff79-4b9c-5a75-8bd4-eb2c86e9c598,"744 Purok 1 Street, Brgy. San Jose",Antipolo,Rizal,15.280423,120.691494,tier2_suburban,at_risk,2026-02-17
d4110a62-ffba-5869-9a5f-f35bb8faebaf,Maria Drug Store - Mandaluyong,1530c981-74ca-557e-98a2-4662505355e1,28ac47f7-f1ce-5fc3-966a-5dcdd795fc26,"520 España Blvd, Brgy. Santo Niño",Mandaluyong,Metro Manila,14.702192,121.075299,tier1_urban,active,2026-07-06
7c2a0b5e-3238-5711-b813-f0884d9a77ff,Erlinda Express - Las Piñas,8f9185f1-d65f-5083-950a-68d3559da972,a87e363d-04c2-5fe0-abdc-8924fa7bf1a1,"483 EDSA, Brgy. San Isidro",Las Piñas,Metro Manila,14.667556,121.011806,tier1_urban,at_risk,2025-01-29
13e9865d-d14f-598f-b083-8b877609cc7c,Ernesto Pisong Net - Lapu-Lapu,1b2288ee-86de-59c2-81f6-80154dfe8e55,dd92fc02-23e6-54d1-8ade-4dc72b56055b,"671 Mabini Street, Brgy. San Jose",Lapu-Lapu,Cebu,10.484227,123.948842,tier2_suburban,active,2025-10-10
7829c712-e5e1-586e-bd76-b80949808b10,Lorna Padala Center - Zamboanga City,7b1840b9-bdd5-5ce6-b939-745fcf909bf7,be3107b0-7566-55ce-95b2-c6139ff216c6,"381 Aurora Blvd, Brgy. Bambang",Zamboanga City,Zamboanga del Sur,7.076431,125.655364,tier2_suburban,active,2025-06-08
249b1448-4b0d-521f-9412-27a70153ee70,Tindahan ni Corazon - Calamba,ea1d7394-bee2-5f76-b9b3-6e00e146b614,df62ff79-4b9c-5a75-8bd4-eb2c86e9c598,"598 Gov. Drive, Brgy. Bambang",Calamba,Laguna,14.849851,120.766828,tier3_rural,active,2024-11-30
f2d269c5-e9d3-5006-b3f0-9cc02e002275,Miguel's Computer Shop - Caloocan,a69e8a84-068f-5301-a6a8-667557e0c3a5,28ac47f7-f1ce-5fc3-966a-5dcdd795fc26,"543 España Blvd, Brgy. Kamuning",Caloocan,Metro Manila,14.466219,121.070848,tier1_urban,active,2024-12-14
068724a4-bdd0-5843-88ee-82dfa8eacba1,Aling Carmen's Store - Marikina,314d870c-8c10-5b0d-bd0c-eba0b5f9aa15,a87e363d-04c2-5fe0-abdc-8924fa7bf1a1,"420 Gov. Drive, Brgy. Pinyahan",Marikina,Metro Manila,14.492967,121.072479,tier1_urban,churned,2026-05-24
84ae3f98-20b5-568e-9fcf-34eda610e05a,Luz's Mini Mart - Cebu City,b209d63f-6ab2-5f64-87dd-4019360789d1,dd92fc02-23e6-54d1-8ade-4dc72b56055b,"500 Taft Avenue, Brgy. Santo Niño",Cebu City,Cebu,10.450731,123.811603,tier2_suburban,active,2024-11-04
4d771381-b671-5e5c-89b7-d6a2435b77e8,Gloria Pawnshop - Cagayan de Oro,8437cfe1-9020-548c-8cd3-de09e5deea2a,be3107b0-7566-55ce-95b2-c6139ff216c6,"780 Commonwealth Ave, Brgy. Bambang",Cagayan de Oro,Misamis Oriental,7.35869,125.546873,tier1_urban,active,2025-08-15
4f599702-ca98-5a51-bf60-69b310c41bfa,Roberto Express - Santa Rosa,9de96434-0093-53d0-997d-e616efb958da,df62ff79-4b9c-5a75-8bd4-eb2c86e9c598,"445 Provincial Road, Brgy. Kamuning",Santa Rosa,Laguna,15.082375,120.789598,tier2_suburban,active,2025-07-31
2ce7d66a-f6fd-52b4-897b-6844c274ad72,Mang Reynaldo's Tindahan - Quezon City,67e1a76a-b9fb-56c5-9a7c-6531855a3dc1,28ac47f7-f1ce-5fc3-966a-5dcdd795fc26,"547 Marcos Highway, Brgy. Bagong Silang",Quezon City,Metro Manila,14.735021,121.078401,tier3_rural,active,2026-01-13
264fc5cd-4200-5b9f-9711-123db4d09d9f,Lorna Remittance - Las Piñas,36f65bbd-99a6-520f-b4c8-66206852175d,a87e363d-04c2-5fe0-abdc-8924fa7bf1a1,"693 Rizal Street, Brgy. San Jose",Las Piñas,Metro Manila,14.51788,121.075397,tier2_suburban,active,2026-01-14
b14a7b9e-336c-57df-8501-975f53e6b1cf,Eduardo Remittance - Cebu City,a99bbcb9-161c-5cc8-aaf3-967097c637c6,dd92fc02-23e6-54d1-8ade-4dc72b56055b,"393 MacArthur Highway, Brgy. Bambang",Cebu City,Cebu,10.444892,123.813057,tier1_urban,active,2025-11-14
bb01dbc7-1d5c-5aab-b528-d05a1dd919b0,Tindahan ni Gloria - Zamboanga City,4f4411e2-a7d1-529a-8e58-3e8d537297ca,be3107b0-7566-55ce-95b2-c6139ff216c6,"467 MacArthur Highway, Brgy. Bambang",Zamboanga City,Zamboanga del Sur,7.214471,125.5301,tier1_urban,active,2025-06-30
be28feb3-6829-5960-a771-5f3ce07f36bd,Rolando's Mini Mart - Imus,0af5898f-90d4-5700-a781-60734fced551,df62ff79-4b9c-5a75-8bd4-eb2c86e9c598,"368 Marcos Highway, Brgy. Santo Niño",Imus,Cavite,15.463659,120.775462,tier2_suburban,active,2026-03-11
b8bc0ade-b0da-5553-9c1c-05034ef5ff4a,Corazon Express - Pasig,013e8c38-42ba-5640-8a9d-6e248d294d71,28ac47f7-f1ce-5fc3-966a-5dcdd795fc26,"230 EDSA, Brgy. San Jose",Pasig,Metro Manila,14.670223,121.017939,tier1_urban,active,2026-05-04
b153dfcc-d513-57a0-a210-75c90128d3f4,Danilo's Sari-Sari - Marikina,4fbef143-4cf8-57d6-976b-ee85ac72bc73,a87e363d-04c2-5fe0-abdc-8924fa7bf1a1,"729 Provincial Road, Brgy. San Antonio",Marikina,Metro Manila,14.562558,121.028064,tier3_rural,at_risk,2026-08-02
c4e597c1-b6e3-52cb-8e1f-3a60ec44f067,Danilo Remittance - Cebu City,eb790d0c-f670-52ca-aa2c-3860f83db2c2,dd92fc02-23e6-54d1-8ade-4dc72b56055b,"609 Bonifacio Avenue, Brgy. Poblacion",Cebu City,Cebu,10.722854,123.803948,tier1_urban,active,2025-07-20
dcbe95f3-d221-5078-b64c-aae90657e533,Maria Internet Cafe - General Santos,5ebdc149-f8de-5720-bbfa-fe8e2c26612b,be3107b0-7566-55ce-95b2-c6139ff216c6,"390 Quezon Avenue, Brgy. Ugong",General Santos,South Cotabato,7.051643,125.61056,tier1_urban,at_risk,2025-07-08
55604d5e-28aa-5e9b-b0e6-b70f0999b394,Antonio Lending - Calamba,0643a362-5a84-57e2-ac8b-c7b7bb047469,df62ff79-4b9c-5a75-8bd4-eb2c86e9c598,"646 Rizal Street, Brgy. San Isidro",Calamba,Laguna,15.09461,120.530294,tier3_rural,active,2025-02-18
c7759084-02b1-5e64-8253-e161a60c3ab7,Aling Lorna's Store - Makati,3c6da03b-4b8c-5554-a096-c8db4d9bd403,28ac47f7-f1ce-5fc3-966a-5dcdd795fc26,"429 Quezon Avenue, Brgy. Ugong",Makati,Metro Manila,14.66563,120.923547,tier1_urban,active,2025-04-11
d516f45c-0555-5fb4-bee1-a11644152c15,Mang Ramon's Tindahan - Valenzuela,d1f98c08-8d27-53c5-af92-1cf24bc34d50,a87e363d-04c2-5fe0-abdc-8924fa7bf1a1,"204 National Highway, Brgy. San Jose",Valenzuela,Metro Manila,14.683388,121.0663,tier1_urban,active,2026-08-02
abf5ce7e-4a34-585e-8499-eaed5429d9c0,Ana Pharmacy - Tacloban,94df9653-7095-5a87-a741-22b4fb301e34,dd92fc02-23e6-54d1-8ade-4dc72b56055b,"420 España Blvd, Brgy. Santo Niño",Tacloban,Leyte,10.231525,123.899271,tier1_urban,at_risk,2025-04-10
0c6b1437-9121-5967-a405-52902bf32821,Corazon Internet Cafe - General Santos,af5d327a-a719-505e-802e-6fd05e38b512,be3107b0-7566-55ce-95b2-c6139ff216c6,"339 Katipunan Ave, Brgy. San Antonio",General Santos,South Cotabato,6.90765,125.426701,tier1_urban,inactive,2025-10-19
9b0a2038-f54f-5077-8998-c2c8e6d2ad07,Josefina Padala Center - Calamba,a0b8518e-7d80-5f82-a20d-3cbe7d112485,df62ff79-4b9c-5a75-8bd4-eb2c86e9c598,"506 EDSA, Brgy. Poblacion",Calamba,Laguna,15.345668,120.522514,tier1_urban,active,2025-12-14
f9569bdd-9e7d-5f01-aca2-61d5ecfe9a55,Tindahan ni Rosa - Pasig,fa94556b-7505-50c0-b023-88d6a167021c,28ac47f7-f1ce-5fc3-966a-5dcdd795fc26,"468 España Blvd, Brgy. San Isidro",Pasig,Metro Manila,14.589283,120.919962,tier1_urban,active,2026-03-23
ff2ed324-7a26-5b6b-85e9-88b9f0c9616c,Aling Nelia's Store - Malabon,4ccab8bd-0a7c-5ca4-a99d-09be8699f063,a87e363d-04c2-5fe0-abdc-8924fa7bf1a1,"298 Roxas Blvd, Brgy. Bagong Silang",Malabon,Metro Manila,14.577799,120.92318,tier1_urban,active,2026-07-22
ace29b2c-9a3c-55ba-b730-eb51921adb3e,Ramon Pharmacy - Mandaue,385c81cf-9b5a-5b56-be1d-f622688fa5e9,dd92fc02-23e6-54d1-8ade-4dc72b56055b,"680 Provincial Road, Brgy. Santo Niño",Mandaue,Cebu,10.462929,123.978906,tier3_rural,active,2024-12-19
19778533-d703-59de-af73-a4450c4b9423,Ernesto Remittance - Davao City,52abd550-ee75-5a08-bdc3-55913f9d1772,be3107b0-7566-55ce-95b2-c6139ff216c6,"382 Taft Avenue, Brgy. Santo Niño",Davao City,Davao del Sur,6.968299,125.520075,tier2_suburban,active,2025-03-13
a361cc24-04c7-5dd9-a3c2-8f4419960dbb,Carlos's Mini Mart - Bacoor,d92b92f2-71a8-54fc-b3c3-5bd8772325e6,df62ff79-4b9c-5a75-8bd4-eb2c86e9c598,"707 J.P. Laurel Ave, Brgy. Kamuning",Bacoor,Cavite,15.254193,120.739073,tier1_urban,active,2025-11-07
c9578173-114a-5c18-a4ae-bd8006b20bf7,Josefina Padala Center - Quezon City,33f8fbf7-2b13-5279-a517-41154b2a90bd,28ac47f7-f1ce-5fc3-966a-5dcdd795fc26,"966 Commonwealth Ave, Brgy. Poblacion",Quezon City,Metro Manila,14.574808,121.01815,tier3_rural,at_risk,2025-09-20
09061ab6-5483-56c6-aaa2-ede27655cf83,Carlos Padala Center - Valenzuela,10e0a866-2701-59df-8120-ae1c0706e2b2,a87e363d-04c2-5fe0-abdc-8924fa7bf1a1,"186 National Highway, Brgy. Kamuning",Valenzuela,Metro Manila,14.683749,121.022272,tier1_urban,active,2024-10-30
1d16ab2c-a09a-5f94-8147-65a46c813cd3,Rolando Convenience - Iloilo City,bc2496ce-7fc4-5ea8-95db-88e19f61df14,dd92fc02-23e6-54d1-8ade-4dc72b56055b,"116 Colon Street, Brgy. Pinyahan",Iloilo City,Iloilo,10.236778,123.852323,tier2_suburban,active,2025-08-29
271e9dfd-d30b-5c2d-bda3-6676d12df1ab,Reynaldo Padala Center - Cagayan de Oro,d1e2cea1-fb3f-5fdd-874e-1f8a815e46ad,be3107b0-7566-55ce-95b2-c6139ff216c6,"979 Barangay Road, Brgy. Bagong Silang",Cagayan de Oro,Misamis Oriental,7.21146,125.606472,tier3_rural,active,2024-10-08
866e30aa-4160-5438-be1e-860a5ed4dbf2,Gloria's Mini Mart - Bacoor,67f4fe18-a14b-5468-be9a-39412a820033,df62ff79-4b9c-5a75-8bd4-eb2c86e9c598,"678 Katipunan Ave, Brgy. Pinyahan",Bacoor,Cavite,15.042025,120.702889,tier2_suburban,active,2026-04-13
1a28ecf5-3845-5e5c-a83a-367fc406fbca,Mang Lorna's Tindahan - Quezon City,a5971392-1e30-508d-a138-19bc94042391,28ac47f7-f1ce-5fc3-966a-5dcdd795fc26,"12 Provincial Road, Brgy. Santo Niño",Quezon City,Metro Manila,14.60167,120.993858,tier2_suburban,active,2024-10-07
e51a4339-2687-531d-a3e2-a566085efbb3,Nelia's Sari-Sari - Las Piñas,8b8bc841-15ad-5fba-8484-e04da45daf92,a87e363d-04c2-5fe0-abdc-8924fa7bf1a1,"770 J.P. Laurel Ave, Brgy. Bagong Silang",Las Piñas,Metro Manila,14.522268,121.094029,tier1_urban,active,2025-08-31
6df02c74-0a9d-5114-b570-ca3bfbe11fef,Miguel's Sari-Sari - Mandaue,a0b86899-3246-5640-85ef-64fd9be8a655,dd92fc02-23e6-54d1-8ade-4dc72b56055b,"564 Provincial Road, Brgy. Kamuning",Mandaue,Cebu,10.522622,123.847,tier2_suburban,active,2025-06-17
3b65322b-cb89-5c2e-92e6-88f12debe93c,Reynaldo's Mini Mart - General Santos,56dbf964-c0af-5107-ad4e-b1da9ce1d774,be3107b0-7566-55ce-95b2-c6139ff216c6,"91 J.P. Laurel Ave, Brgy. Pinyahan",General Santos,South Cotabato,7.089637,125.694201,tier1_urban,active,2026-02-10
37944f66-d85a-54aa-9646-00427ed3b070,Miguel's Mini Mart - Bacoor,56954d98-5581-50e8-908a-456d43e72cf5,df62ff79-4b9c-5a75-8bd4-eb2c86e9c598,"423 Bonifacio Avenue, Brgy. Ugong",Bacoor,Cavite,15.184369,120.747773,tier3_rural,at_risk,2026-02-11
59abda36-0470-5787-ba92-83984b1bc8d2,Rosario Mini Stop - Taguig,0844d6e0-fd32-56b9-8de3-0c60acca01ca,28ac47f7-f1ce-5fc3-966a-5dcdd795fc26,"912 MacArthur Highway, Brgy. Ugong",Taguig,Metro Manila,14.512055,121.034295,tier2_suburban,active,2025-02-08
c95fda60-e74c-5f91-85fc-9f3d4a990f67,Carmen's Mini Mart - Malabon,1f9f8714-4f06-5e64-ae37-c2187d16c37f,a87e363d-04c2-5fe0-abdc-8924fa7bf1a1,"56 Katipunan Ave, Brgy. Pinyahan",Malabon,Metro Manila,14.549592,121.053483,tier3_rural,active,2024-09-15
14c6fa13-c1bd-59a9-92fb-3d1ec0dea978,Corazon Convenience - Tacloban,56abcfba-1fb2-5007-8500-ff433828a68e,dd92fc02-23e6-54d1-8ade-4dc72b56055b,"673 Roxas Blvd, Brgy. Pinyahan",Tacloban,Leyte,10.291219,123.951864,tier1_urban,active,2026-07-27
e0736f72-3f98-5bff-ba01-8a58f1c0b8a5,Mang Ramon's Tindahan - Zamboanga City,cb81b398-f15f-565d-8945-4235ba90c00d,be3107b0-7566-55ce-95b2-c6139ff216c6,"364 Provincial Road, Brgy. San Isidro",Zamboanga City,Zamboanga del Sur,7.228614,125.512167,tier1_urban,active,2025-06-28
b905c365-f86b-5e0a-bea2-7c14bea33ed5,Sangla ni Elena - Olongapo,37c5c4ef-4d4b-5fa6-8903-7a2371d1f83b,df62ff79-4b9c-5a75-8bd4-eb2c86e9c598,"505 EDSA, Brgy. Kamuning",Olongapo,Zambales,14.874873,120.683256,tier1_urban,active,2024-08-31
05ab51ed-f003-5289-bd9e-af9a503b5531,Ana Convenience - Caloocan,4a632666-9dc5-5afa-91a5-3be36d9742b5,28ac47f7-f1ce-5fc3-966a-5dcdd795fc26,"221 Fuente Osmena, Brgy. San Jose",Caloocan,Metro Manila,14.665036,120.921553,tier2_suburban,active,2025-08-02
3fb91aa2-a34c-52ce-af0c-7d60ea25185f,Corazon Pisong Net - San Juan,6ef69ec5-a85c-5514-8d62-3115d1e3d746,a87e363d-04c2-5fe0-abdc-8924fa7bf1a1,"858 Barangay Road, Brgy. Bambang",San Juan,Metro Manila,14.486966,121.078351,tier2_suburban,at_risk,2025-08-27
e6c8ca77-9637-5d02-bdf5-bef9cbdacddf,Danilo Mini Stop - Bacolod,d9b472f7-7de6-552f-8235-c38e13be13ed,dd92fc02-23e6-54d1-8ade-4dc72b56055b,"980 MacArthur Highway, Brgy. Santo Niño",Bacolod,Negros Occidental,10.971084,123.800868,tier1_urban,inactive,2026-08-12
990fee4b-799d-57ff-9802-5d21446e3a84,Ricardo Remittance - General Santos,4ae73bc0-2182-5874-aa62-df511685dffd,be3107b0-7566-55ce-95b2-c6139ff216c6,"859 Gov. Drive, Brgy. Pinyahan",General Santos,South Cotabato,7.454623,125.634324,tier1_urban,at_risk,2024-10-19
d2575666-d842-5fba-9e7b-b26a2594f484,Ernesto's Sari-Sari - Santa Rosa,18130ea2-9631-5aff-a157-524d47b0b089,df62ff79-4b9c-5a75-8bd4-eb2c86e9c598,"178 EDSA, Brgy. Poblacion",Santa Rosa,Laguna,15.071184,120.680164,tier2_suburban,active,2025-11-29
e3e10a9f-b1a4-5603-a96e-9b2afdca93f1,Botica ni Rosa - Caloocan,ac33aaec-3637-5817-85cb-dbc0380a3250,28ac47f7-f1ce-5fc3-966a-5dcdd795fc26,"429 National Highway, Brgy. San Jose",Caloocan,Metro Manila,14.532079,121.092719,tier2_suburban,active,2024-10-06
d05d6123-7a3c-52ac-9c68-fa1fd385e75f,Jose's Computer Shop - Malabon,00c00243-2a79-5b7b-9026-d6aa8ca41efd,a87e363d-04c2-5fe0-abdc-8924fa7bf1a1,"137 EDSA, Brgy. Kamuning",Malabon,Metro Manila,14.630757,121.077287,tier3_rural,active,2026-01-27
70f17f48-acc4-50c5-bd20-0d29e9d8c5c6,Botica ni Antonio - Tacloban,0991acb0-6252-5f07-bac7-2a192f862699,dd92fc02-23e6-54d1-8ade-4dc72b56055b,"561 Taft Avenue, Brgy. Ugong",Tacloban,Leyte,10.706067,123.840178,tier3_rural,churned,2025-10-30
fd067d0c-8fd4-5410-8066-cb1d1995363d,Reynaldo Drug Store - Zamboanga City,488eb288-2053-5281-b7c0-d3c19c3f8fad,be3107b0-7566-55ce-95b2-c6139ff216c6,"704 Roxas Blvd, Brgy. Santo Niño",Zamboanga City,Zamboanga del Sur,7.488801,125.595026,tier1_urban,active,2026-01-18
09df7e8b-c85e-5c27-bf69-3d07dd695adc,Nelia's Computer Shop - Dasmariñas,083e4bd3-6619-56e0-b2cc-21a2095e8d6b,df62ff79-4b9c-5a75-8bd4-eb2c86e9c598,"711 Provincial Road, Brgy. Bagong Silang",Dasmariñas,Cavite,15.297247,120.728233,tier3_rural,active,2026-01-14
9cbc5fcc-accd-5919-8d65-ef69530f9d78,Nelia Remittance - Caloocan,eb900bc6-3f83-54b9-86f7-d16787153978,28ac47f7-f1ce-5fc3-966a-5dcdd795fc26,"691 Aguinaldo Highway, Brgy. San Isidro",Caloocan,Metro Manila,14.713243,120.984477,tier1_urban,inactive,2026-08-16
5a440d1a-c729-5814-936e-eb4d31c3cc33,Mang Juan's Tindahan - Las Piñas,00b55fa4-d3cf-595b-ab8e-beb9c3cde931,a87e363d-04c2-5fe0-abdc-8924fa7bf1a1,"26 Osmena Blvd, Brgy. Santo Niño",Las Piñas,Metro Manila,14.465919,120.911321,tier2_suburban,churned,2026-05-06
b8fd51fa-c886-5d3b-a84b-818d7abc44dd,Aling Josefina's Store - Mandaue,0588baf7-0d22-5d47-a09e-d14a1f84235d,dd92fc02-23e6-54d1-8ade-4dc72b56055b,"294 Barangay Road, Brgy. San Isidro",Mandaue,Cebu,10.317143,123.812407,tier2_suburban,active,2026-04-07
a7ea437b-27e5-5be1-9b9c-210a5746e9d4,Ramon Convenience - Davao City,c611b988-db0c-55f2-a5a9-d9f404ea1d59,be3107b0-7566-55ce-95b2-c6139ff216c6,"368 Fuente Osmena, Brgy. Poblacion",Davao City,Davao del Sur,7.269665,125.602658,tier3_rural,active,2024-11-10
d25fbda9-6849-5cd9-9830-5e63aae77bb1,Pedro Pawnshop - Calamba,b0bc354e-fa44-552d-9f31-ebeae9f12614,df62ff79-4b9c-5a75-8bd4-eb2c86e9c598,"575 Osmena Blvd, Brgy. San Jose",Calamba,Laguna,15.157646,120.73905,tier2_suburban,at_risk,2025-02-09
807a43a9-ece0-5e10-9ebc-cc0a150d7928,Tindahan ni Rolando - Quezon City,55922034-d285-5c79-b85a-4fb51c5c06d7,28ac47f7-f1ce-5fc3-966a-5dcdd795fc26,"949 Osmena Blvd, Brgy. Kamuning",Quezon City,Metro Manila,14.57497,121.057622,tier2_suburban,inactive,2025-01-13
c0432633-3ed4-5a76-8ac4-6bbf2c84362e,Aling Rosario's Store - Las Piñas,3db126c5-4b44-57d1-b757-5e12f41ae301,a87e363d-04c2-5fe0-abdc-8924fa7bf1a1,"14 Aurora Blvd, Brgy. San Jose",Las Piñas,Metro Manila,14.636169,121.056185,tier2_suburban,active,2025-11-14
c2d2722b-2c85-5252-99d7-1c2718256d74,Gloria Padala Center - Tacloban,153cbfcb-d7ee-5bb5-8f1e-9fa1255fcd02,dd92fc02-23e6-54d1-8ade-4dc72b56055b,"722 Purok 1 Street, Brgy. Bagong Silang",Tacloban,Leyte,10.804086,123.909323,tier3_rural,active,2025-03-05
1e75c99a-f5b4-5f5c-98dc-682b646a8bec,Aling Danilo's Store - Cagayan de Oro,fe05c33a-1202-5d84-9396-70388399d578,be3107b0-7566-55ce-95b2-c6139ff216c6,"302 Fuente Osmena, Brgy. Santo Niño",Cagayan de Oro,Misamis Oriental,7.490072,125.422341,tier1_urban,churned,2026-06-13
86bd3fa3-7366-5f97-a4e2-403c1d002ac3,Miguel Pisong Net - Dasmariñas,d32d6b8a-610c-5a3b-89c6-f5e0020c7e86,df62ff79-4b9c-5a75-8bd4-eb2c86e9c598,"123 Osmena Blvd, Brgy. San Antonio",Dasmariñas,Cavite,15.099955,120.66698,tier1_urban,active,2024-11-08
1a2cc6bd-3f5c-5b1d-bf24-5f67f32471d9,Ernesto Internet Cafe - Taguig,065bfd44-3620-54cf-8b48-3611ab6d6fa0,28ac47f7-f1ce-5fc3-966a-5dcdd795fc26,"6 Taft Avenue, Brgy. Pinyahan",Taguig,Metro Manila,14.662907,120.930961,tier1_urban,active,2025-10-02
484ba53a-36fd-5a3a-b59e-47356ae6712a,Nelia Pharmacy - Navotas,d644c57d-bbdd-5e77-9062-f1cf41e2ae30,a87e363d-04c2-5fe0-abdc-8924fa7bf1a1,"53 Provincial Road, Brgy. Bambang",Navotas,Metro Manila,14.702942,120.960231,tier3_rural,inactive,2024-10-22
10e84674-d1d3-5583-8db7-b3a495a4c3c0,Rolando's Sari-Sari - Lapu-Lapu,7e8b6e9a-6d85-51b9-848d-bbd3822f7caf,dd92fc02-23e6-54d1-8ade-4dc72b56055b,"75 Purok 1 Street, Brgy. Bagong Silang",Lapu-Lapu,Cebu,10.620316,123.991398,tier3_rural,active,2024-12-14
c81d4867-79db-551f-98a1-4f7363565723,Aling Carlos's Store - Cagayan de Oro,70e7a739-58c6-545b-a50c-0b9e31813f38,be3107b0-7566-55ce-95b2-c6139ff216c6,"426 Aguinaldo Highway, Brgy. Ugong",Cagayan de Oro,Misamis Oriental,7.14205,125.504821,tier1_urban,at_risk,2025-07-07
8f90220a-79b9-5c81-afee-4203687c653b,Mang Ernesto's Tindahan - Antipolo,41259318-c405-5b03-92fd-44604ff42311,df62ff79-4b9c-5a75-8bd4-eb2c86e9c598,"340 Roxas Blvd, Brgy. San Isidro",Antipolo,Rizal,14.952912,120.725797,tier3_rural,active,2025-08-11
5ec11051-213d-5a94-8bcc-56917ec357ad,Danilo's Sari-Sari - Quezon City,e1221262-2f20-596d-adb5-9837b7a28fcd,28ac47f7-f1ce-5fc3-966a-5dcdd795fc26,"118 Barangay Road, Brgy. Bagong Silang",Quezon City,Metro Manila,14.5837,121.080899,tier3_rural,at_risk,2026-07-16
8721fe4c-9abb-5bbc-9308-634bc16bf8ef,Botica ni Luz - Muntinlupa,667a7c30-44f2-51f6-9851-b1077e834434,a87e363d-04c2-5fe0-abdc-8924fa7bf1a1,"982 Bonifacio Avenue, Brgy. Bagong Silang",Muntinlupa,Metro Manila,14.564412,121.059241,tier1_urban,active,2024-09-09
e8d5f432-ef73-56b9-8a4a-ae65b1fd35bc,Nelia Internet Cafe - Lapu-Lapu,3bff4c7d-2233-5ca1-ae14-38c7cc7f2bf4,dd92fc02-23e6-54d1-8ade-4dc72b56055b,"554 España Blvd, Brgy. San Antonio",Lapu-Lapu,Cebu,10.929069,123.964422,tier2_suburban,inactive,2024-10-16
82824dbc-6208-5264-a375-813636473ac9,Aling Carmen's Store - General Santos,f14056b6-fd78-5b41-9638-fc96e21bcff4,be3107b0-7566-55ce-95b2-c6139ff216c6,"499 Bonifacio Avenue, Brgy. San Isidro",General Santos,South Cotabato,7.438969,125.457754,tier3_rural,active,2025-01-25
0ca10268-9c2f-5640-a7e2-d77c2f3c0c04,Elena Pisong Net - San Fernando,e5fd760c-3231-5537-adee-54be94269c29,df62ff79-4b9c-5a75-8bd4-eb2c86e9c598,"172 Aguinaldo Highway, Brgy. Ugong",San Fernando,Pampanga,14.805131,120.519642,tier1_urban,at_risk,2026-06-10
7ecce1e2-8662-561b-890f-c60db099bd1c,Tindahan ni Rolando - Caloocan,41935f09-b6ca-581c-bf96-7abc100f06d3,28ac47f7-f1ce-5fc3-966a-5dcdd795fc26,"856 Quezon Avenue, Brgy. San Jose",Caloocan,Metro Manila,14.611326,121.040549,tier2_suburban,at_risk,2026-04-13
c88b8f22-575e-5684-b991-cad56d0f1297,Sangla ni Jose - Malabon,48d45a5c-902b-5f08-85d5-6eafbb311485,a87e363d-04c2-5fe0-abdc-8924fa7bf1a1,"963 Mabini Street, Brgy. Santo Niño",Malabon,Metro Manila,14.457126,121.043374,tier1_urban,active,2025-05-06
03729a66-4f85-5ce7-a0a2-64b80dfb94f7,Jose's Sari-Sari - Cebu City,dffb1e59-bc75-5211-a272-a567d5528303,dd92fc02-23e6-54d1-8ade-4dc72b56055b,"56 Commonwealth Ave, Brgy. San Isidro",Cebu City,Cebu,10.646467,123.914992,tier1_urban,active,2026-05-12
32e6d130-f7e0-54cd-bba3-6c9d8057d4e0,Ana Lending - General Santos,5a11704d-b298-5ca4-833c-9cd92603c306,be3107b0-7566-55ce-95b2-c6139ff216c6,"398 Fuente Osmena, Brgy. Kamuning",General Santos,South Cotabato,7.159815,125.405067,tier1_urban,inactive,2025-02-26
54cbec8e-341d-5340-a28a-4ec2fd641fc9,Luz Lending - Angeles,83923bb0-d6ae-5c73-8abd-4d622a375901,df62ff79-4b9c-5a75-8bd4-eb2c86e9c598,"657 National Highway, Brgy. Poblacion",Angeles,Pampanga,15.329172,120.675682,tier1_urban,active,2025-04-07
f7b60c5f-ce0c-535a-a0d9-8bbdf0533618,Rolando's Sari-Sari - Manila,3fe338bb-039f-5f45-9517-ad4afe158e4f,28ac47f7-f1ce-5fc3-966a-5dcdd795fc26,"297 Barangay Road, Brgy. San Isidro",Manila,Metro Manila,14.63197,120.956303,tier2_suburban,active,2026-03-31
4308f9f4-3182-50aa-9c4c-442d47740e8e,Tindahan ni Teresa - Valenzuela,f5e6a8c9-581d-5dac-8976-6054bc3169b7,a87e363d-04c2-5fe0-abdc-8924fa7bf1a1,"842 Barangay Road, Brgy. San Antonio",Valenzuela,Metro Manila,14.592196,121.006694,tier1_urban,churned,2025-05-05
fa8caf74-67cd-507f-bc26-bf8b675608da,Tindahan ni Erlinda - Iloilo City,a2c39090-0923-54e4-929e-a1aaf602cd8c,dd92fc02-23e6-54d1-8ade-4dc72b56055b,"816 Aguinaldo Highway, Brgy. San Isidro",Iloilo City,Iloilo,10.968107,123.828815,tier2_suburban,active,2024-09-18
c7774a9e-3d23-5304-bfb2-a925014ade85,Aling Lorna's Store - Cagayan de Oro,ac65066d-b102-5a78-8155-6bbf2b5e503d,be3107b0-7566-55ce-95b2-c6139ff216c6,"127 Bonifacio Avenue, Brgy. San Antonio",Cagayan de Oro,Misamis Oriental,7.243631,125.518225,tier3_rural,active,2026-03-23
70e12496-4561-5fb7-874f-cf8dfa3ae5d5,Mang Josefina's Tindahan - Malolos,a1f8e0eb-cff7-5623-834b-257244fe5257,df62ff79-4b9c-5a75-8bd4-eb2c86e9c598,"216 Roxas Blvd, Brgy. San Jose",Malolos,Bulacan,15.088858,120.693779,tier3_rural,active,2026-06-07
75debe98-25c1-5fce-ad33-a909ca61f313,Mang Luz's Tindahan - Makati,fb7f081f-7244-5b10-bf96-5a5c71d91821,28ac47f7-f1ce-5fc3-966a-5dcdd795fc26,"189 Katipunan Ave, Brgy. Bambang",Makati,Metro Manila,14.700425,120.938865,tier1_urban,at_risk,2026-02-01
1e9ae40c-4117-5099-907f-bf75e9340bbd,Danilo Pharmacy - Malabon,69b4489e-792d-59fd-b4c9-c9775fd73864,a87e363d-04c2-5fe0-abdc-8924fa7bf1a1,"581 Bonifacio Avenue, Brgy. Ugong",Malabon,Metro Manila,14.58838,121.009933,tier2_suburban,at_risk,2025-05-24
f738a129-e9dc-528e-8079-d88ddb5549c4,Juan's Sari-Sari - Cebu City,f81d73e4-32ea-5026-8d02-a27d7c2787d2,dd92fc02-23e6-54d1-8ade-4dc72b56055b,"257 Quezon Avenue, Brgy. San Jose",Cebu City,Cebu,10.780471,123.897438,tier2_suburban,active,2025-09-25
19d5fa88-6515-5d16-bece-b2b2ed72bbef,Mang Eduardo's Tindahan - Cagayan de Oro,3653b042-f5c7-53ca-a026-e836fad54ed0,be3107b0-7566-55ce-95b2-c6139ff216c6,"688 Provincial Road, Brgy. San Jose",Cagayan de Oro,Misamis Oriental,6.960027,125.585855,tier1_urban,active,2026-08-24
7ff524d8-f97b-564e-a82e-6b568436f86f,Rosa Internet Cafe - Imus,02a1acee-c924-5a6b-9521-8270ced89683,df62ff79-4b9c-5a75-8bd4-eb2c86e9c598,"462 Taft Avenue, Brgy. Bambang",Imus,Cavite,15.261596,120.708037,tier1_urban,inactive,2026-03-13
26edc5ba-88d5-5f4f-a42c-2f38746c506d,Mang Miguel's Tindahan - Mandaluyong,f7474550-32b5-5dc3-be01-34569def7da5,28ac47f7-f1ce-5fc3-966a-5dcdd795fc26,"828 Taft Avenue, Brgy. Kamuning",Mandaluyong,Metro Manila,14.500592,120.962643,tier1_urban,churned,2025-01-24
7bf21432-fb64-5ce6-95f7-d3584480443e,Mang Ernesto's Tindahan - San Juan,a3113e3c-2807-5aec-9a02-d36874f9477e,a87e363d-04c2-5fe0-abdc-8924fa7bf1a1,"657 Colon Street, Brgy. San Isidro",San Juan,Metro Manila,14.702033,120.926861,tier2_suburban,active,2026-04-17
9ac93982-cbd7-5a53-aab8-947fc303d277,Rosa's Sari-Sari - Iloilo City,2902b5fe-d092-5530-b814-55ae34b57d27,dd92fc02-23e6-54d1-8ade-4dc72b56055b,"457 Roxas Blvd, Brgy. San Isidro",Iloilo City,Iloilo,10.589577,123.821767,tier3_rural,active,2024-09-18
2b2a2f4f-fc8a-5b77-88e8-8adc84a14849,Elena Padala Center - Zamboanga City,25adc787-7cb0-50e0-a658-3a36e4835182,be3107b0-7566-55ce-95b2-c6139ff216c6,"880 EDSA, Brgy. Ugong",Zamboanga City,Zamboanga del Sur,7.017859,125.620063,tier1_urban,churned,2025-04-10
2b2b8257-7f77-5d25-ab57-d18db979fe94,Ernesto Pharmacy - San Fernando,69b736df-8bf2-5947-ab1c-49c40a9798e5,df62ff79-4b9c-5a75-8bd4-eb2c86e9c598,"914 Rizal Street, Brgy. Ugong",San Fernando,Pampanga,15.242139,120.743793,tier3_rural,active,2025-10-03
e71484bf-0134-5d62-abd3-b0d45ff823cc,Maria Remittance - Pasig,0b872d85-1be9-53bb-88d5-11bbdbaf3796,28ac47f7-f1ce-5fc3-966a-5dcdd795fc26,"929 Bonifacio Avenue, Brgy. Ugong",Pasig,Metro Manila,14.528185,121.078797,tier3_rural,active,2024-09-14
acab315c-d4b4-503f-a215-ac18a89d7df5,Rosario's Sari-Sari - San Juan,34fd9ecb-cb3a-5d47-add4-306649dcd322,a87e363d-04c2-5fe0-abdc-8924fa7bf1a1,"794 EDSA, Brgy. Bagong Silang",San Juan,Metro Manila,14.56775,121.078288,tier3_rural,churned,2026-06-16
57d55dad-a616-5ec5-9b98-d7f440daa916,Tindahan ni Erlinda - Lapu-Lapu,647b9e89-e7e7-57bf-ae92-dc6a4d54a8ad,dd92fc02-23e6-54d1-8ade-4dc72b56055b,"138 Fuente Osmena, Brgy. Ugong",Lapu-Lapu,Cebu,10.60833,123.879357,tier3_rural,active,2025-06-05
5f1cf3c7-3563-5603-90b6-2a7abad6594d,Ana Express - Cagayan de Oro,72f6a3f6-f1ed-5550-81b4-f25ab9ed254a,be3107b0-7566-55ce-95b2-c6139ff216c6,"869 National Highway, Brgy. Santo Niño",Cagayan de Oro,Misamis Oriental,7.354324,125.442111,tier1_urban,active,2026-08-20
44822024-67e2-5ccc-aa07-5429953f362a,Ramon's Sari-Sari - Santa Rosa,7dda4f32-3a8c-578a-a12a-f8596633a843,df62ff79-4b9c-5a75-8bd4-eb2c86e9c598,"972 Gov. Drive, Brgy. Santo Niño",Santa Rosa,Laguna,15.315144,120.645051,tier2_suburban,active,2024-11-12
c71b76d5-d661-5b5a-8076-27b96aaa95b0,Corazon Padala Center - Pasig,26bf2e04-2900-5c51-a63e-fbcc95d4a9c6,28ac47f7-f1ce-5fc3-966a-5dcdd795fc26,"780 J.P. Laurel Ave, Brgy. San Jose",Pasig,Metro Manila,14.468858,120.973887,tier1_urban,at_risk,2026-04-22
753de5ea-fbb2-5267-b6c9-2108c456901d,Jose Pawnshop - Muntinlupa,a908fe70-98bb-5f1e-8e6a-13439d886521,a87e363d-04c2-5fe0-abdc-8924fa7bf1a1,"531 Roxas Blvd, Brgy. Kamuning",Muntinlupa,Metro Manila,14.590902,120.990929,tier1_urban,active,2025-08-27
f20b59b4-8074-505b-8765-123df9d62099,Mang Antonio's Tindahan - Tacloban,676de22a-98af-5829-bf98-7fa524711054,dd92fc02-23e6-54d1-8ade-4dc72b56055b,"332 Quezon Avenue, Brgy. Ugong",Tacloban,Leyte,10.706854,123.854699,tier2_suburban,inactive,2025-07-17
48dc9e98-c4cb-5aff-8e99-621a516a8091,Ramon Express - Cagayan de Oro,0dfdd4f4-02e5-5a55-8a9b-891b9a5b9ba3,be3107b0-7566-55ce-95b2-c6139ff216c6,"386 Provincial Road, Brgy. Kamuning",Cagayan de Oro,Misamis Oriental,7.119178,125.596001,tier1_urban,inactive,2024-12-17
2d5ec651-590e-5d72-8d3a-eb69cffb940a,Antonio Drug Store - Malolos,ab2655b1-724a-5e5b-8fc3-9d2222c45d3e,df62ff79-4b9c-5a75-8bd4-eb2c86e9c598,"386 Katipunan Ave, Brgy. Ugong",Malolos,Bulacan,15.08409,120.745171,tier2_suburban,active,2025-06-05
fc7a443a-1297-5090-bfed-6c8bdf0de11e,Tindahan ni Fernando - Parañaque,441546cc-0f25-5a0b-9229-6143b9ae4678,28ac47f7-f1ce-5fc3-966a-5dcdd795fc26,"909 National Highway, Brgy. San Antonio",Parañaque,Metro Manila,14.600551,120.927794,tier1_urban,active,2025-12-25
404af27b-67ac-5e84-a776-383c2bfffbe1,Ana Padala Center - Las Piñas,69982d29-2f92-54dd-8b42-4b6821813122,a87e363d-04c2-5fe0-abdc-8924fa7bf1a1,"527 Provincial Road, Brgy. San Isidro",Las Piñas,Metro Manila,14.513455,120.937381,tier2_suburban,at_risk,2026-03-17
59796915-dc07-5f60-a803-aaace8adee1a,Fe's Mini Mart - Tacloban,35625f7c-5f63-5460-8f53-0327ef02828f,dd92fc02-23e6-54d1-8ade-4dc72b56055b,"837 Quezon Avenue, Brgy. San Jose",Tacloban,Leyte,10.531691,123.866045,tier1_urban,active,2026-02-02
5529a9fd-18ab-55bf-8f28-66b8a727dfef,Mang Teresa's Tindahan - General Santos,e64f1b78-7229-5fe9-af27-3afde2f65983,be3107b0-7566-55ce-95b2-c6139ff216c6,"491 Marcos Highway, Brgy. Bambang",General Santos,South Cotabato,6.996748,125.650009,tier1_urban,active,2025-03-01
c7be72f7-dff5-5026-a07f-404e019b0465,Ricardo Pharmacy - Angeles,daebb761-d794-577f-9fe5-825a32f9b87b,df62ff79-4b9c-5a75-8bd4-eb2c86e9c598,"131 Gov. Drive, Brgy. Bambang",Angeles,Pampanga,14.91279,120.688862,tier1_urban,inactive,2026-01-27
7d8fca79-7c9f-5576-8887-3923fb333107,Ramon's Sari-Sari - Makati,6b0694da-04d6-558f-b0eb-84888914018d,28ac47f7-f1ce-5fc3-966a-5dcdd795fc26,"58 Commonwealth Ave, Brgy. San Isidro",Makati,Metro Manila,14.726734,121.003328,tier2_suburban,at_risk,2025-05-03
00d8096a-aada-5b64-b477-f912ef968508,Ernesto Remittance - Navotas,c8bde638-0339-5c07-874c-a95b2af691af,a87e363d-04c2-5fe0-abdc-8924fa7bf1a1,"653 Rizal Street, Brgy. San Isidro",Navotas,Metro Manila,14.734176,120.943319,tier3_rural,active,2025-04-14
9111e0ac-13aa-52e8-ad18-a73f0194307e,Nelia's Mini Mart - Iloilo City,0823e6b2-0533-5be8-a4bb-af369ba421e5,dd92fc02-23e6-54d1-8ade-4dc72b56055b,"175 Katipunan Ave, Brgy. Kamuning",Iloilo City,Iloilo,10.680671,123.958923,tier1_urban,at_risk,2024-11-21
68950370-eb43-5ce9-86dd-1f9acd1f8889,Aling Fernando's Store - Zamboanga City,1ebd2a93-70cd-5e1d-bbb3-34ddc32f27e1,be3107b0-7566-55ce-95b2-c6139ff216c6,"172 Barangay Road, Brgy. Bagong Silang",Zamboanga City,Zamboanga del Sur,7.453411,125.57896,tier1_urban,active,2025-04-07
9b5dab23-addb-53ca-bd0f-3f8e81902af4,Tindahan ni Rosario - Bacoor,712ffd3d-3fff-51cc-a23f-448d39b6b496,df62ff79-4b9c-5a75-8bd4-eb2c86e9c598,"395 EDSA, Brgy. Poblacion",Bacoor,Cavite,14.811594,120.656813,tier3_rural,at_risk,2026-04-16
9238634c-c937-5e10-b425-5e31b9923a8b,Tindahan ni Lorna - Caloocan,c8dc6a3d-79eb-5b47-8a0e-9f7f53a90094,28ac47f7-f1ce-5fc3-966a-5dcdd795fc26,"847 EDSA, Brgy. Bambang",Caloocan,Metro Manila,14.47889,120.995174,tier3_rural,at_risk,2024-11-22
7c02f579-69f1-5574-84c1-fc512e1649c7,Corazon Padala Center - Las Piñas,ff19d265-6d5c-5533-b00d-20442de9f58d,a87e363d-04c2-5fe0-abdc-8924fa7bf1a1,"899 Aguinaldo Highway, Brgy. Ugong",Las Piñas,Metro Manila,14.675715,120.918638,tier1_urban,at_risk,2025-11-10
1029a969-eaf3-5b34-9888-eeca955131fe,Mang Corazon's Tindahan - Bacolod,619fe364-9174-5b42-afbb-1da57fee2265,dd92fc02-23e6-54d1-8ade-4dc72b56055b,"848 Rizal Street, Brgy. Kamuning",Bacolod,Negros Occidental,10.617635,123.874075,tier1_urban,at_risk,2025-04-03
131766f9-7a95-5c38-89ca-cb3f219ffe8c,Mang Nelia's Tindahan - General Santos,8efebfca-5f24-542a-84ac-0eeb74fbcf60,be3107b0-7566-55ce-95b2-c6139ff216c6,"235 J.P. Laurel Ave, Brgy. Kamuning",General Santos,South Cotabato,7.110311,125.641386,tier3_rural,active,2026-04-15
419e04d5-554e-5f26-870c-490f24f89c94,Ricardo's Sari-Sari - Bacoor,bf7b72a3-0007-56d3-aa57-fa8a5a15f1a0,df62ff79-4b9c-5a75-8bd4-eb2c86e9c598,"138 Aurora Blvd, Brgy. Pinyahan",Bacoor,Cavite,15.336101,120.773026,tier1_urban,active,2025-07-02
e3aa2c03-d2ea-56ba-8cfd-684d1385ff06,Nelia Padala Center - Caloocan,d1897cc1-395a-5ed0-bf25-a6555e7e6a98,28ac47f7-f1ce-5fc3-966a-5dcdd795fc26,"264 Marcos Highway, Brgy. San Antonio",Caloocan,Metro Manila,14.662745,121.057884,tier3_rural,inactive,2026-04-25
d2a38a31-ff4e-5132-bc1a-c0a3de566401,Ricardo Pawnshop - Las Piñas,94e933d5-3caf-5ecf-9dd4-6ffea84bb0b4,a87e363d-04c2-5fe0-abdc-8924fa7bf1a1,"533 Rizal Street, Brgy. Kamuning",Las Piñas,Metro Manila,14.646364,121.037553,tier2_suburban,active,2025-11-17
1fdc8070-ea18-528c-95c6-21bd601556d9,Carmen Express - Lapu-Lapu,e205c222-e396-553f-b26a-47984778b60c,dd92fc02-23e6-54d1-8ade-4dc72b56055b,"110 EDSA, Brgy. Kamuning",Lapu-Lapu,Cebu,10.721261,123.850727,tier3_rural,active,2025-08-31
10c25549-9e52-525f-b4e1-3a5a7d98a56f,Aling Teresa's Store - Zamboanga City,949dca79-71bc-590d-be25-60894849b55b,be3107b0-7566-55ce-95b2-c6139ff216c6,"627 Aurora Blvd, Brgy. Kamuning",Zamboanga City,Zamboanga del Sur,7.352983,125.523968,tier3_rural,active,2026-07-14
b7416f3c-4e1c-5231-9f5c-d4b36aef8c69,Ernesto's Sari-Sari - Olongapo,66b2e8cb-dc6e-50e7-9b65-5856e207e61d,df62ff79-4b9c-5a75-8bd4-eb2c86e9c598,"380 Aguinaldo Highway, Brgy. Ugong",Olongapo,Zambales,15.138632,120.796552,tier3_rural,active,2026-06-11
d0919697-1853-5240-b9fa-4b67ef68111e,Fernando Drug Store - Caloocan,2caec3f9-91ae-57aa-9eb7-c390813e17c6,28ac47f7-f1ce-5fc3-966a-5dcdd795fc26,"754 EDSA, Brgy. Poblacion",Caloocan,Metro Manila,14.674344,120.989319,tier1_urban,active,2025-05-11
26cfb47a-1770-50c0-93c0-1902e1383ecb,Tindahan ni Antonio - Muntinlupa,f468fc78-5dbd-5c1a-9eb6-da774f7eb9d8,a87e363d-04c2-5fe0-abdc-8924fa7bf1a1,"521 Osmena Blvd, Brgy. Bagong Silang",Muntinlupa,Metro Manila,14.690256,121.022805,tier1_urban,active,2025-02-11
75bbd7eb-0476-5f46-9b01-32c25a4774e3,Nelia Drug Store - Iloilo City,f21eb0bf-c2ee-55a1-bfb4-557f1367a9b4,dd92fc02-23e6-54d1-8ade-4dc72b56055b,"988 Provincial Road, Brgy. San Antonio",Iloilo City,Iloilo,10.843495,123.964651,tier2_suburban,at_risk,2025-11-23
70eaeea2-928a-5eb5-b563-8b339c068505,Luz Lending - General Santos,39c7c185-225a-5941-9070-f37736a679b2,be3107b0-7566-55ce-95b2-c6139ff216c6,"91 Mabini Street, Brgy. San Isidro",General Santos,South Cotabato,7.033062,125.424012,tier1_urban,churned,2025-09-15
f9cf41ec-effa-5b4c-8be7-0e9fe5d931db,Lorna Mini Stop - Bacoor,be08dfe3-f201-573d-99e9-1eb6a8daa93e,df62ff79-4b9c-5a75-8bd4-eb2c86e9c598,"954 Osmena Blvd, Brgy. Bambang",Bacoor,Cavite,15.259323,120.585941,tier3_rural,active,2026-05-22
4c051f32-86d9-5d97-bf24-5f8b5dd62268,Pedro's Sari-Sari - Makati,742be74a-689a-5579-a5b8-ff2c0f42881a,28ac47f7-f1ce-5fc3-966a-5dcdd795fc26,"656 J.P. Laurel Ave, Brgy. Pinyahan",Makati,Metro Manila,14.453213,121.070114,tier3_rural,active,2025-11-19
c0df7fa1-c35b-5e76-9f7f-be2d4e7b9137,Tindahan ni Jose - Muntinlupa,63488871-4c35-59dc-8d07-812463b1c1dd,a87e363d-04c2-5fe0-abdc-8924fa7bf1a1,"35 National Highway, Brgy. Ugong",Muntinlupa,Metro Manila,14.604744,120.946334,tier1_urban,at_risk,2026-01-08
fdc8490f-18c5-541c-a881-0a783177e69a,Fe Express - Cebu City,3806a900-4e31-58b5-b75d-e49f91428dc7,dd92fc02-23e6-54d1-8ade-4dc72b56055b,"369 Katipunan Ave, Brgy. San Antonio",Cebu City,Cebu,10.980517,123.817369,tier2_suburban,churned,2026-07-15
bf1e7cdd-c176-5a12-adee-ae2347e0b045,Aling Luz's Store - General Santos,297f566b-23d0-5127-aeee-470a1fc16520,be3107b0-7566-55ce-95b2-c6139ff216c6,"362 Barangay Road, Brgy. Kamuning",General Santos,South Cotabato,7.143271,125.460093,tier1_urban,churned,2025-05-08
280eeed9-60dd-5113-9e55-694840c439c0,Jose Express - San Fernando,ce84180c-18f6-552e-a086-edef79130cea,df62ff79-4b9c-5a75-8bd4-eb2c86e9c598,"942 Mabini Street, Brgy. Ugong",San Fernando,Pampanga,14.999146,120.748929,tier3_rural,active,2025-09-05
81f09c34-379c-5c48-920c-966e2067fe0c,Ana Padala Center - Mandaluyong,929f7992-9ad5-5bba-a86d-cdd127a38be6,28ac47f7-f1ce-5fc3-966a-5dcdd795fc26,"987 Aurora Blvd, Brgy. San Jose",Mandaluyong,Metro Manila,14.631909,120.938905,tier2_suburban,inactive,2026-07-12
a98ed541-03fd-5425-8eec-a87c602d2311,Botica ni Rolando - Las Piñas,cc54275e-ed1d-57ae-87ac-bd3f33a0d37a,a87e363d-04c2-5fe0-abdc-8924fa7bf1a1,"268 Commonwealth Ave, Brgy. Kamuning",Las Piñas,Metro Manila,14.601871,121.011726,tier3_rural,active,2025-04-20
afec21ca-7a3b-57fe-bd1a-0548dbc90abd,Ricardo Lending - Lapu-Lapu,12a3494f-10cd-5510-9bd2-7f6d059cbbd2,dd92fc02-23e6-54d1-8ade-4dc72b56055b,"970 Quezon Avenue, Brgy. Ugong",Lapu-Lapu,Cebu,10.965367,123.975223,tier3_rural,active,2026-04-11
06ddfe83-8a06-5462-8cc2-d513bb19d779,Mang Teresa's Tindahan - General Santos,82ead168-b511-5518-ae41-2290ab90c234,be3107b0-7566-55ce-95b2-c6139ff216c6,"990 Osmena Blvd, Brgy. Bambang",General Santos,South Cotabato,7.190178,125.472982,tier2_suburban,churned,2025-11-20
73a41282-6a7f-52a0-a8e4-59e5fe677ddc,Mang Miguel's Tindahan - Imus,00441661-47f2-50c6-8456-3e104c713caf,df62ff79-4b9c-5a75-8bd4-eb2c86e9c598,"698 Fuente Osmena, Brgy. Bambang",Imus,Cavite,15.403416,120.644591,tier2_suburban,active,2025-03-07
ef06c2cd-3f07-5cac-9769-02f0b83cbd69,Ernesto's Sari-Sari - Caloocan,da71cb0e-ef38-5d8f-b284-f7e94f1c262f,28ac47f7-f1ce-5fc3-966a-5dcdd795fc26,"649 Katipunan Ave, Brgy. San Jose",Caloocan,Metro Manila,14.690048,120.982485,tier2_suburban,inactive,2026-02-16
d6c5492e-1e4e-5995-8f19-f08cde1f8800,Tindahan ni Nelia - Navotas,ea89d7f7-9635-539a-bd2a-a684d0bc3dea,a87e363d-04c2-5fe0-abdc-8924fa7bf1a1,"10 Purok 1 Street, Brgy. San Isidro",Navotas,Metro Manila,14.524477,120.918602,tier2_suburban,active,2025-06-15
be2bed8f-23f4-5c48-8645-bfe78827e3ab,Maria's Sari-Sari - Bacolod,5ed04869-63d3-5157-add4-2b50eed27681,dd92fc02-23e6-54d1-8ade-4dc72b56055b,"954 Commonwealth Ave, Brgy. Pinyahan",Bacolod,Negros Occidental,10.451098,123.843713,tier3_rural,active,2025-04-06
02520a14-3e5c-5475-a61e-0be9e3abb5de,Botica ni Josefina - Cagayan de Oro,1970cb46-f424-5f19-bbe3-54410bbf3c70,be3107b0-7566-55ce-95b2-c6139ff216c6,"970 Barangay Road, Brgy. San Jose",Cagayan de Oro,Misamis Oriental,7.1994,125.4599,tier1_urban,active,2026-02-27
1c58051c-76cd-5899-a182-95fa49aca941,Maria Convenience - Meycauayan,3926930c-52e1-5eb9-b18f-425016f8b07c,df62ff79-4b9c-5a75-8bd4-eb2c86e9c598,"235 Marcos Highway, Brgy. San Jose",Meycauayan,Bulacan,15.385434,120.606808,tier1_urban,active,2025-12-24
b4e79e56-2f1f-51be-aafa-b3520aeed22c,Erlinda Mini Stop - Manila,635e7a6f-f49d-503e-a7ea-f0913bdb6d00,28ac47f7-f1ce-5fc3-966a-5dcdd795fc26,"693 Barangay Road, Brgy. Pinyahan",Manila,Metro Manila,14.634148,121.052849,tier3_rural,active,2025-08-22
036cfe8f-06a2-57a8-bed2-93f08427137b,Gloria Pawnshop - Malabon,99e3cd03-3e1e-5997-98a5-58fde86e9924,a87e363d-04c2-5fe0-abdc-8924fa7bf1a1,"494 Roxas Blvd, Brgy. Bambang",Malabon,Metro Manila,14.544625,121.079624,tier3_rural,active,2025-11-05
97d04480-5e52-5237-a88e-b2e227706fdf,Tindahan ni Jose - Iloilo City,5f1a15b5-0c23-588a-9746-0d1f3f7af148,dd92fc02-23e6-54d1-8ade-4dc72b56055b,"188 MacArthur Highway, Brgy. San Isidro",Iloilo City,Iloilo,10.518304,123.950034,tier1_urban,active,2025-03-21
f9b89a31-5568-500b-ad1d-a051081a529c,Rosario's Sari-Sari - General Santos,fe823172-4573-5784-82c0-62d7513e5bf4,be3107b0-7566-55ce-95b2-c6139ff216c6,"490 Aguinaldo Highway, Brgy. San Antonio",General Santos,South Cotabato,7.201485,125.518115,tier1_urban,active,2026-07-06
1473abde-9150-5527-b7b4-02c74c77e27b,Aling Josefina's Store - San Fernando,e1882e45-7e45-5c3e-9ef4-3036d746966f,df62ff79-4b9c-5a75-8bd4-eb2c86e9c598,"716 MacArthur Highway, Brgy. Pinyahan",San Fernando,Pampanga,15.020956,120.502526,tier1_urban,active,2026-08-08
578d5b84-5e11-50bd-b68e-24b49a525709,Juan Internet Cafe - Manila,080b4031-0ffe-54f0-bf45-d4acaa5acc3c,28ac47f7-f1ce-5fc3-966a-5dcdd795fc26,"334 Roxas Blvd, Brgy. Bambang",Manila,Metro Manila,14.708553,120.93743,tier2_suburban,active,2025-03-16
d1d234d2-2487-57ef-aee2-33e973811c55,Maria's Mini Mart - Marikina,ff7d0969-136e-5a52-9fc0-1487349a8146,a87e363d-04c2-5fe0-abdc-8924fa7bf1a1,"483 National Highway, Brgy. Bagong Silang",Marikina,Metro Manila,14.559777,120.999754,tier1_urban,active,2025-07-27
ba7159ca-f7be-52f1-a9d1-44a63f28cb10,Aling Carmen's Store - Tacloban,72f189ec-98d1-510f-aa8a-2efddbebf1c6,dd92fc02-23e6-54d1-8ade-4dc72b56055b,"771 Roxas Blvd, Brgy. Bagong Silang",Tacloban,Leyte,10.883461,123.855926,tier1_urban,inactive,2024-10-27
76a66565-6464-5b17-aaad-6730bfd4b656,Erlinda's Mini Mart - Cagayan de Oro,13fe1072-6be7-54e3-950f-5c123804e384,be3107b0-7566-55ce-95b2-c6139ff216c6,"590 Barangay Road, Brgy. San Jose",Cagayan de Oro,Misamis Oriental,7.388514,125.616245,tier1_urban,inactive,2024-09-28
8bfe8753-2521-510c-ad0f-7e2fd070a553,Teresa Pawnshop - Bacoor,460033d5-6899-5bd6-bd9e-b87f2ecac724,df62ff79-4b9c-5a75-8bd4-eb2c86e9c598,"877 Osmena Blvd, Brgy. San Jose",Bacoor,Cavite,14.902091,120.787744,tier1_urban,active,2026-06-23
9bc19287-b73f-5635-8e8a-dee11dd608ba,Tindahan ni Reynaldo - Quezon City,d960de75-9d69-55d3-a0e3-2dafa9622e4c,28ac47f7-f1ce-5fc3-966a-5dcdd795fc26,"181 Colon Street, Brgy. Pinyahan",Quezon City,Metro Manila,14.490342,121.078654,tier3_rural,inactive,2025-04-07
e9c26c5f-6e89-53ec-8a85-bf1d27870158,Tindahan ni Corazon - San Juan,908a169d-e589-508f-9573-1b3375cd994a,a87e363d-04c2-5fe0-abdc-8924fa7bf1a1,"324 J.P. Laurel Ave, Brgy. San Isidro",San Juan,Metro Manila,14.525292,121.0717,tier1_urban,active,2025-11-28
10f5f13e-184b-5a69-8637-e0ac9a00d67a,Miguel Remittance - Cebu City,17390989-c254-5961-9337-10043bc3db40,dd92fc02-23e6-54d1-8ade-4dc72b56055b,"708 Commonwealth Ave, Brgy. San Antonio",Cebu City,Cebu,10.372374,123.850858,tier1_urban,active,2025-01-16
6c486d84-abcb-58a9-a7db-ff516a80a68c,Rosario Drug Store - Zamboanga City,71c54a62-48c2-55e0-bd0e-dc81917f89f9,be3107b0-7566-55ce-95b2-c6139ff216c6,"267 Roxas Blvd, Brgy. Bagong Silang",Zamboanga City,Zamboanga del Sur,7.23621,125.679553,tier2_suburban,active,2024-11-13
786390d1-ab71-5384-a730-b8f9a9062710,Nelia's Sari-Sari - Angeles,2c71e9f7-f90a-51a7-82b1-f5dd36ad2486,df62ff79-4b9c-5a75-8bd4-eb2c86e9c598,"422 Quezon Avenue, Brgy. Bagong Silang",Angeles,Pampanga,15.407158,120.788935,tier1_urban,inactive,2026-04-08
25545ace-abf2-5cc2-b6df-48625825ed4a,Gloria Lending - Makati,ed7f0c6b-13f6-53b6-9542-cc129994c258,28ac47f7-f1ce-5fc3-966a-5dcdd795fc26,"800 España Blvd, Brgy. Bagong Silang",Makati,Metro Manila,14.547527,121.002089,tier2_suburban,active,2025-10-05
940adcf7-3b1c-5148-ac50-e1b961896f75,Antonio Drug Store - Valenzuela,53844139-dd79-5dfc-a18b-5983d024ccfb,a87e363d-04c2-5fe0-abdc-8924fa7bf1a1,"629 España Blvd, Brgy. Pinyahan",Valenzuela,Metro Manila,14.639514,120.92897,tier1_urban,at_risk,2025-07-11
dd6e8ae8-0f91-53d6-a8c0-6d409a1e2341,Aling Ana's Store - Lapu-Lapu,2ab7563d-adab-52ff-9374-2dd4ea04477b,dd92fc02-23e6-54d1-8ade-4dc72b56055b,"432 Provincial Road, Brgy. Bambang",Lapu-Lapu,Cebu,10.65731,123.96978,tier1_urban,active,2024-11-16
b0a32ea1-e4e4-5b93-97e0-fc2421ffb921,Botica ni Rosario - Cagayan de Oro,1dc93905-d4dd-5aef-916a-019f089a1c86,be3107b0-7566-55ce-95b2-c6139ff216c6,"352 Katipunan Ave, Brgy. Bagong Silang",Cagayan de Oro,Misamis Oriental,7.090127,125.487407,tier2_suburban,at_risk,2025-08-19
8122ddc9-61ef-5c11-bdea-f98d562804c9,Mang Pedro's Tindahan - Calamba,e7495aed-f722-5c5c-b7c2-e0b65f7f745b,df62ff79-4b9c-5a75-8bd4-eb2c86e9c598,"405 Aurora Blvd, Brgy. Pinyahan",Calamba,Laguna,15.346682,120.781631,tier3_rural,inactive,2025-08-18
a340c7ed-b3c3-5a59-a44f-1547bab0b84e,Elena Padala Center - Parañaque,0ad2695a-8596-5871-a84f-3e791a2475bb,28ac47f7-f1ce-5fc3-966a-5dcdd795fc26,"424 Commonwealth Ave, Brgy. Santo Niño",Parañaque,Metro Manila,14.706264,120.925008,tier1_urban,at_risk,2025-09-12
c343505d-ffa6-524a-9eb3-aca0ca377424,Rosa Pisong Net - Marikina,283d0fdc-7bb8-57be-99e0-47f701e233f4,a87e363d-04c2-5fe0-abdc-8924fa7bf1a1,"964 Purok 1 Street, Brgy. Poblacion",Marikina,Metro Manila,14.513171,120.979409,tier1_urban,active,2025-02-19
948c68aa-7395-575d-b8c4-5144f50384d3,Carlos's Sari-Sari - Iloilo City,9e84429a-ac05-5406-9bd6-4212810b262c,dd92fc02-23e6-54d1-8ade-4dc72b56055b,"562 Bonifacio Avenue, Brgy. San Antonio",Iloilo City,Iloilo,10.816747,123.904797,tier1_urban,active,2025-01-17
2d71b602-681d-5ad6-8d68-5690a23c8e04,Antonio's Sari-Sari - Zamboanga City,b008097f-5618-53fa-a7b8-041e29e53262,be3107b0-7566-55ce-95b2-c6139ff216c6,"633 EDSA, Brgy. Poblacion",Zamboanga City,Zamboanga del Sur,7.2929,125.665641,tier2_suburban,active,2024-09-11
de3077bd-c791-5e4e-93a3-e4330eadfb3e,Carlos's Sari-Sari - Meycauayan,14eec67e-c712-5683-84a8-20ec20baadd4,df62ff79-4b9c-5a75-8bd4-eb2c86e9c598,"756 España Blvd, Brgy. Pinyahan",Meycauayan,Bulacan,15.238536,120.539383,tier1_urban,active,2025-03-21
e264837a-28e8-5acf-a3ac-7f85e68bdf13,Mang Teresa's Tindahan - Quezon City,64d86f76-0803-5bb7-a77f-585ab9e9a80c,28ac47f7-f1ce-5fc3-966a-5dcdd795fc26,"680 Roxas Blvd, Brgy. Bagong Silang",Quezon City,Metro Manila,14.709272,120.993439,tier3_rural,active,2025-01-12
5fdbf0dc-d4dd-53f4-a882-7339832d9cea,Tindahan ni Teresa - Navotas,221ff97a-4904-570d-8886-d68cde5cfdb7,a87e363d-04c2-5fe0-abdc-8924fa7bf1a1,"456 EDSA, Brgy. Ugong",Navotas,Metro Manila,14.503111,121.019517,tier3_rural,active,2025-10-30
293e698d-212e-511a-9515-6d61fdc1b3a5,Tindahan ni Maria - Bacolod,06fed607-1071-535a-9990-1ad594c36cbf,dd92fc02-23e6-54d1-8ade-4dc72b56055b,"656 Provincial Road, Brgy. Ugong",Bacolod,Negros Occidental,10.447729,123.869434,tier3_rural,active,2026-07-15
6a536aa5-84b3-5994-9693-3f54ec998ced,Carlos Convenience - Davao City,cf580dae-6847-5032-bfe0-1825c085c897,be3107b0-7566-55ce-95b2-c6139ff216c6,"453 España Blvd, Brgy. Bagong Silang",Davao City,Davao del Sur,7.147322,125.446715,tier1_urban,active,2025-10-05
d1990782-0026-5f85-a6ec-c0d79e7b1c0e,Lorna's Sari-Sari - Dasmariñas,645fbc99-20e6-5d81-96eb-c09a23c03b68,df62ff79-4b9c-5a75-8bd4-eb2c86e9c598,"835 EDSA, Brgy. Bagong Silang",Dasmariñas,Cavite,15.000734,120.66053,tier2_suburban,churned,2026-03-13
bb1193ea-475f-5fa2-aded-586c27d75e49,Ernesto's Computer Shop - Parañaque,2decaccb-2870-570f-a027-0d9f42947502,28ac47f7-f1ce-5fc3-966a-5dcdd795fc26,"307 Rizal Street, Brgy. Kamuning",Parañaque,Metro Manila,14.689389,121.019401,tier1_urban,inactive,2025-08-16
702fa0a4-cbfc-5e37-a9ec-f2d1dc0a0e6a,Erlinda Convenience - Marikina,73522e82-2c7b-5897-9dfa-f2b4a468c282,a87e363d-04c2-5fe0-abdc-8924fa7bf1a1,"194 Colon Street, Brgy. Ugong",Marikina,Metro Manila,14.581132,120.949979,tier2_suburban,active,2025-05-20
5c6e76db-2fc3-5cd1-a173-9983505a460b,Sangla ni Jose - Mandaue,965f3821-d76c-5972-b7a5-21f7c69a5b47,dd92fc02-23e6-54d1-8ade-4dc72b56055b,"270 Mabini Street, Brgy. Kamuning",Mandaue,Cebu,10.700258,123.903322,tier3_rural,at_risk,2024-12-06
e7a7895e-2fc1-5433-b2c9-73989a4c0033,Mang Gloria's Tindahan - Zamboanga City,d745997c-ef04-517d-992f-d46228c9fb4c,be3107b0-7566-55ce-95b2-c6139ff216c6,"292 Provincial Road, Brgy. Ugong",Zamboanga City,Zamboanga del Sur,7.385285,125.523871,tier1_urban,active,2026-08-28
b4f9dae8-ae3e-584f-82de-7a4ccd246261,Ernesto's Mini Mart - Olongapo,c0bbf57e-fb7c-5d96-8c3a-4ed0176ac616,df62ff79-4b9c-5a75-8bd4-eb2c86e9c598,"297 Quezon Avenue, Brgy. Pinyahan",Olongapo,Zambales,15.232411,120.58164,tier3_rural,active,2025-11-11
891e6a23-e1ae-5a69-9572-e8f3a99d8538,Tindahan ni Teresa - Pasig,57950df6-c45d-5b36-b292-30a207e2b4a9,28ac47f7-f1ce-5fc3-966a-5dcdd795fc26,"329 Rizal Street, Brgy. Santo Niño",Pasig,Metro Manila,14.46489,121.006994,tier1_urban,active,2024-09-30
f656a39e-ddac-53cf-b6ec-4633223d1cfd,Elena Lending - Marikina,4dca96f6-04e4-585a-bb48-9989c3af8745,a87e363d-04c2-5fe0-abdc-8924fa7bf1a1,"276 EDSA, Brgy. Pinyahan",Marikina,Metro Manila,14.668132,120.946562,tier1_urban,active,2025-10-28
5964b9e8-8813-5f2e-9a80-c3a4757bd3c4,Aling Nelia's Store - Iloilo City,98a6990f-77b3-52e7-a1c2-6d4167f7d841,dd92fc02-23e6-54d1-8ade-4dc72b56055b,"223 Taft Avenue, Brgy. Kamuning",Iloilo City,Iloilo,10.449261,123.959892,tier2_suburban,active,2025-07-26
a78f2631-237a-5d78-a64c-8b17452e1e17,Nelia Pisong Net - Davao City,bf4c591c-9e0b-528f-a21d-52b1eb692ffd,be3107b0-7566-55ce-95b2-c6139ff216c6,"339 Mabini Street, Brgy. Santo Niño",Davao City,Davao del Sur,6.933623,125.632696,tier1_urban,inactive,2024-11-13
4db627b8-be15-5bf8-aa4f-d683904d344e,Danilo Padala Center - Imus,c7318f32-055f-5d17-ab4e-20c631cb4c8a,df62ff79-4b9c-5a75-8bd4-eb2c86e9c598,"186 Marcos Highway, Brgy. San Isidro",Imus,Cavite,15.372076,120.748476,tier1_urban,churned,2024-09-13
56e8d5b0-4400-519c-8e6d-d4d7211066f5,Ramon Pisong Net - Pasig,49da2e15-ed3a-528e-86d4-e9af5c7b1041,28ac47f7-f1ce-5fc3-966a-5dcdd795fc26,"395 Fuente Osmena, Brgy. San Jose",Pasig,Metro Manila,14.671286,120.906702,tier2_suburban,churned,2025-10-18
ead80d95-d1d2-533e-8fd5-2170018d31dc,Sangla ni Juan - Malabon,ee07c280-7f2c-5566-bee5-5b7def3b5e4d,a87e363d-04c2-5fe0-abdc-8924fa7bf1a1,"97 MacArthur Highway, Brgy. San Jose",Malabon,Metro Manila,14.591848,121.036288,tier2_suburban,active,2025-03-10
f4c61748-8d5b-589c-9f1f-8af6981b3308,Luz Drug Store - Mandaue,467d3400-fb3e-52f3-80e6-83af006cc6a9,dd92fc02-23e6-54d1-8ade-4dc72b56055b,"645 Bonifacio Avenue, Brgy. Ugong",Mandaue,Cebu,10.616741,123.850663,tier2_suburban,active,2026-05-19
9c02da2c-06aa-5e34-b23d-9783743254fd,Tindahan ni Maria - Zamboanga City,2648e9ed-52de-539b-b5f6-dad97288749c,be3107b0-7566-55ce-95b2-c6139ff216c6,"909 Bonifacio Avenue, Brgy. San Jose",Zamboanga City,Zamboanga del Sur,7.483964,125.47079,tier2_suburban,active,2025-07-18
44ce25f2-1034-5721-93ec-4bf383dbfd9b,Ernesto's Sari-Sari - Angeles,3d650931-ed3a-5a40-839f-5e32af0b5958,df62ff79-4b9c-5a75-8bd4-eb2c86e9c598,"172 Aurora Blvd, Brgy. Bambang",Angeles,Pampanga,14.883755,120.736743,tier1_urban,active,2026-03-01
d38029ff-40eb-5673-b670-dcdf1fd1b2b1,Ramon's Sari-Sari - Parañaque,682ae381-911d-5546-9a0b-af8a45f4d269,28ac47f7-f1ce-5fc3-966a-5dcdd795fc26,"705 National Highway, Brgy. Santo Niño",Parañaque,Metro Manila,14.56142,120.917896,tier1_urban,active,2026-01-29
10c83407-865b-5ee2-bffe-439c73f75a1e,Tindahan ni Gloria - Las Piñas,a8220584-6d07-583c-93d4-97cbb3aebe4e,a87e363d-04c2-5fe0-abdc-8924fa7bf1a1,"703 National Highway, Brgy. Bagong Silang",Las Piñas,Metro Manila,14.729255,121.099395,tier1_urban,active,2025-06-16
5cf188df-ad11-540f-9127-5759a57d8b36,Tindahan ni Carmen - Lapu-Lapu,26b8a67d-393b-5a7f-881a-4e0bb3953f86,dd92fc02-23e6-54d1-8ade-4dc72b56055b,"661 EDSA, Brgy. Ugong",Lapu-Lapu,Cebu,10.833173,123.825165,tier1_urban,active,2026-03-23
7b823571-d7ec-57fb-a5d6-0ded204a6c50,Tindahan ni Erlinda - Zamboanga City,52a8d9ee-cb08-52bc-a0c2-c3e4aa5d00e7,be3107b0-7566-55ce-95b2-c6139ff216c6,"825 Fuente Osmena, Brgy. San Jose",Zamboanga City,Zamboanga del Sur,6.912812,125.513331,tier1_urban,active,2026-01-27
3d0834da-1004-5eaf-9b12-70ca1efbc891,Teresa's Sari-Sari - Angeles,07a16421-a2c8-5370-8b38-df901ea031a9,df62ff79-4b9c-5a75-8bd4-eb2c86e9c598,"497 Purok 1 Street, Brgy. Pinyahan",Angeles,Pampanga,15.191317,120.66282,tier2_suburban,active,2025-03-19
eb82deaa-92da-5be5-ab42-2c44bcb552b7,Tindahan ni Nelia - Makati,f6321a97-df6a-5832-91fa-e0689fe0365b,28ac47f7-f1ce-5fc3-966a-5dcdd795fc26,"557 Roxas Blvd, Brgy. Bagong Silang",Makati,Metro Manila,14.669721,120.955065,tier3_rural,inactive,2025-08-07
3c6b2714-5acf-550e-bf55-33353293bcac,Fernando Padala Center - Muntinlupa,6c58c730-44a2-548f-99f8-37c7e3939ef0,a87e363d-04c2-5fe0-abdc-8924fa7bf1a1,"71 MacArthur Highway, Brgy. Santo Niño",Muntinlupa,Metro Manila,14.584815,121.063884,tier3_rural,active,2025-06-04
654eeebb-caf8-5066-ab67-ffc632b12b31,Mang Rolando's Tindahan - Iloilo City,85509236-a071-58a8-be76-98526f104a93,dd92fc02-23e6-54d1-8ade-4dc72b56055b,"1 Provincial Road, Brgy. Ugong",Iloilo City,Iloilo,10.503235,123.837107,tier1_urban,at_risk,2025-01-29
9bdc9e38-c690-5ecf-94a5-a6227e33ac59,Ricardo's Sari-Sari - Zamboanga City,70815ff6-99c9-5575-92f7-6855a865fd8f,be3107b0-7566-55ce-95b2-c6139ff216c6,"795 National Highway, Brgy. San Jose",Zamboanga City,Zamboanga del Sur,7.092416,125.419003,tier3_rural,active,2025-07-22
5fb56317-a4ef-568f-9e94-392c9b455c66,Fernando's Computer Shop - Meycauayan,5f513119-9849-59d8-b34a-2756848e3a7c,df62ff79-4b9c-5a75-8bd4-eb2c86e9c598,"537 Barangay Road, Brgy. Pinyahan",Meycauayan,Bulacan,15.336014,120.546239,tier2_suburban,active,2025-11-19
c0fcbd72-431a-5fae-a813-aad8ed4da4a5,Maria Drug Store - Caloocan,1530c981-74ca-557e-98a2-4662505355e1,28ac47f7-f1ce-5fc3-966a-5dcdd795fc26,"657 Taft Avenue, Brgy. Poblacion",Caloocan,Metro Manila,14.478877,121.031778,tier1_urban,active,2025-08-18
89cc7e6b-2c81-53a5-809d-394cc9e568b0,Erlinda Express - Muntinlupa,8f9185f1-d65f-5083-950a-68d3559da972,a87e363d-04c2-5fe0-abdc-8924fa7bf1a1,"895 Bonifacio Avenue, Brgy. San Jose",Muntinlupa,Metro Manila,14.482117,120.938323,tier1_urban,inactive,2026-08-27
1b5b3406-cca4-5db4-bdc0-313197045c63,Ernesto Pisong Net - Tacloban,1b2288ee-86de-59c2-81f6-80154dfe8e55,dd92fc02-23e6-54d1-8ade-4dc72b56055b,"857 Osmena Blvd, Brgy. Pinyahan",Tacloban,Leyte,10.620657,123.940263,tier2_suburban,active,2026-05-19
41b80fd9-6858-5727-804d-3446f9b1f4cd,Lorna Padala Center - Zamboanga City,7b1840b9-bdd5-5ce6-b939-745fcf909bf7,be3107b0-7566-55ce-95b2-c6139ff216c6,"227 National Highway, Brgy. Poblacion",Zamboanga City,Zamboanga del Sur,6.907852,125.676311,tier2_suburban,active,2025-02-09
82101f33-5b49-5c01-9817-2c429a395480,Tindahan ni Corazon - Imus,ea1d7394-bee2-5f76-b9b3-6e00e146b614,df62ff79-4b9c-5a75-8bd4-eb2c86e9c598,"821 Provincial Road, Brgy. San Antonio",Imus,Cavite,15.052648,120.723043,tier2_suburban,active,2024-10-06
87da5f3a-826c-5172-89cc-5af570063d5f,Miguel's Computer Shop - Quezon City,a69e8a84-068f-5301-a6a8-667557e0c3a5,28ac47f7-f1ce-5fc3-966a-5dcdd795fc26,"844 National Highway, Brgy. San Isidro",Quezon City,Metro Manila,14.608706,121.04686,tier2_suburban,active,2025-10-03
05032ccc-088f-5bff-bf0b-6d8b11de254d,Aling Carmen's Store - Muntinlupa,314d870c-8c10-5b0d-bd0c-eba0b5f9aa15,a87e363d-04c2-5fe0-abdc-8924fa7bf1a1,"984 MacArthur Highway, Brgy. Poblacion",Muntinlupa,Metro Manila,14.480368,120.946204,tier2_suburban,active,2025-05-06
1cfa69ba-72bf-5b6a-a929-257b367e3009,Luz's Mini Mart - Mandaue,b209d63f-6ab2-5f64-87dd-4019360789d1,dd92fc02-23e6-54d1-8ade-4dc72b56055b,"539 Barangay Road, Brgy. San Jose",Mandaue,Cebu,10.656022,123.989501,tier3_rural,churned,2026-04-13
88bf0ee2-5237-548f-b350-bd7762cf6887,Gloria Pawnshop - General Santos,8437cfe1-9020-548c-8cd3-de09e5deea2a,be3107b0-7566-55ce-95b2-c6139ff216c6,"765 Quezon Avenue, Brgy. Bambang",General Santos,South Cotabato,7.114778,125.537616,tier2_suburban,active,2024-09-13
80ccd3ab-b208-5d5c-af4d-58c4fb338f85,Roberto Express - Olongapo,9de96434-0093-53d0-997d-e616efb958da,df62ff79-4b9c-5a75-8bd4-eb2c86e9c598,"812 Commonwealth Ave, Brgy. Ugong",Olongapo,Zambales,15.08109,120.601254,tier1_urban,inactive,2026-04-01
12abe88c-6607-5a93-8e94-051ebb98f263,Mang Reynaldo's Tindahan - Parañaque,67e1a76a-b9fb-56c5-9a7c-6531855a3dc1,28ac47f7-f1ce-5fc3-966a-5dcdd795fc26,"956 Roxas Blvd, Brgy. Bagong Silang",Parañaque,Metro Manila,14.615024,121.09937,tier2_suburban,active,2025-11-02
eb980f3d-e240-57e1-a831-ca15a13b3d55,Lorna Remittance - Malabon,36f65bbd-99a6-520f-b4c8-66206852175d,a87e363d-04c2-5fe0-abdc-8924fa7bf1a1,"649 Colon Street, Brgy. Bagong Silang",Malabon,Metro Manila,14.632524,121.012629,tier1_urban,active,2026-07-01
75179f00-1271-5352-8932-ab86611eb04e,Eduardo Remittance - Bacolod,a99bbcb9-161c-5cc8-aaf3-967097c637c6,dd92fc02-23e6-54d1-8ade-4dc72b56055b,"949 Aurora Blvd, Brgy. Bagong Silang",Bacolod,Negros Occidental,10.969321,123.8895,tier2_suburban,active,2025-12-17
244d5793-ee1f-588e-94b6-fb44a513eda7,Tindahan ni Gloria - Davao City,4f4411e2-a7d1-529a-8e58-3e8d537297ca,be3107b0-7566-55ce-95b2-c6139ff216c6,"292 National Highway, Brgy. San Antonio",Davao City,Davao del Sur,7.210566,125.698024,tier2_suburban,active,2024-10-03
f89a510f-e521-5198-bf5d-87fc682c09ca,Rolando's Mini Mart - Malolos,0af5898f-90d4-5700-a781-60734fced551,df62ff79-4b9c-5a75-8bd4-eb2c86e9c598,"228 Marcos Highway, Brgy. Bagong Silang",Malolos,Bulacan,14.815191,120.746582,tier2_suburban,inactive,2026-04-12
dce5079e-2a1f-5bcf-a06a-c77c37039980,Corazon Express - Makati,013e8c38-42ba-5640-8a9d-6e248d294d71,28ac47f7-f1ce-5fc3-966a-5dcdd795fc26,"97 Bonifacio Avenue, Brgy. Pinyahan",Makati,Metro Manila,14.556697,120.927682,tier2_suburban,inactive,2025-05-28
54634559-6cb7-5cff-ac34-0cd5de4a1566,Danilo's Sari-Sari - Muntinlupa,4fbef143-4cf8-57d6-976b-ee85ac72bc73,a87e363d-04c2-5fe0-abdc-8924fa7bf1a1,"239 Aurora Blvd, Brgy. San Isidro",Muntinlupa,Metro Manila,14.477572,120.97996,tier1_urban,churned,2025-04-23
fec5ef32-adc8-52e8-a786-3c1a3eeddcb4,Danilo Remittance - Cebu City,eb790d0c-f670-52ca-aa2c-3860f83db2c2,dd92fc02-23e6-54d1-8ade-4dc72b56055b,"741 Taft Avenue, Brgy. Pinyahan",Cebu City,Cebu,10.338322,123.965141,tier3_rural,active,2024-10-29
37f79259-d62e-5c69-afdf-2389be70cc01,Maria Internet Cafe - Zamboanga City,5ebdc149-f8de-5720-bbfa-fe8e2c26612b,be3107b0-7566-55ce-95b2-c6139ff216c6,"39 Gov. Drive, Brgy. Kamuning",Zamboanga City,Zamboanga del Sur,6.947086,125.416777,tier2_suburban,active,2026-07-05
f22cfccb-07c1-5c34-875a-781e473a5a84,Antonio Lending - Bacoor,0643a362-5a84-57e2-ac8b-c7b7bb047469,df62ff79-4b9c-5a75-8bd4-eb2c86e9c598,"427 Quezon Avenue, Brgy. San Jose",Bacoor,Cavite,15.323375,120.754843,tier1_urban,at_risk,2025-11-16
a88d88af-877f-56c1-9477-69b5f3181ec4,Aling Lorna's Store - Caloocan,3c6da03b-4b8c-5554-a096-c8db4d9bd403,28ac47f7-f1ce-5fc3-966a-5dcdd795fc26,"56 España Blvd, Brgy. Ugong",Caloocan,Metro Manila,14.462355,121.007986,tier1_urban,active,2025-12-28
1489d537-b510-5d2e-8462-6a04a053779b,Mang Ramon's Tindahan - Navotas,d1f98c08-8d27-53c5-af92-1cf24bc34d50,a87e363d-04c2-5fe0-abdc-8924fa7bf1a1,"715 Katipunan Ave, Brgy. Santo Niño",Navotas,Metro Manila,14.465156,121.046316,tier2_suburban,active,2024-12-26
0cac86aa-94c6-5442-9a2c-abdb872c090f,Ana Pharmacy - Bacolod,94df9653-7095-5a87-a741-22b4fb301e34,dd92fc02-23e6-54d1-8ade-4dc72b56055b,"590 MacArthur Highway, Brgy. Poblacion",Bacolod,Negros Occidental,10.377669,123.857957,tier2_suburban,active,2025-09-30
44015697-3e20-5cfe-bf53-1eed5cfb9c5f,Corazon Internet Cafe - Cagayan de Oro,af5d327a-a719-505e-802e-6fd05e38b512,be3107b0-7566-55ce-95b2-c6139ff216c6,"345 Mabini Street, Brgy. Pinyahan",Cagayan de Oro,Misamis Oriental,7.242864,125.414793,tier2_suburban,active,2026-01-24
af01f3b6-58f8-5da7-b010-4af3143c45bd,Josefina Padala Center - San Fernando,a0b8518e-7d80-5f82-a20d-3cbe7d112485,df62ff79-4b9c-5a75-8bd4-eb2c86e9c598,"409 MacArthur Highway, Brgy. Kamuning",San Fernando,Pampanga,15.341678,120.539113,tier1_urban,active,2025-01-26
bd68906f-9496-59ec-b6f7-a1c7cbd457e5,Tindahan ni Rosa - Pasig,fa94556b-7505-50c0-b023-88d6a167021c,28ac47f7-f1ce-5fc3-966a-5dcdd795fc26,"500 Osmena Blvd, Brgy. Bambang",Pasig,Metro Manila,14.50883,121.023199,tier3_rural,active,2025-05-21
23826633-9aad-5005-85cf-96f377012cf8,Aling Nelia's Store - Muntinlupa,4ccab8bd-0a7c-5ca4-a99d-09be8699f063,a87e363d-04c2-5fe0-abdc-8924fa7bf1a1,"74 Aurora Blvd, Brgy. Kamuning",Muntinlupa,Metro Manila,14.547023,121.084828,tier1_urban,active,2025-01-25
6bda4027-616b-55bf-9c25-12cfc5146718,Ramon Pharmacy - Tacloban,385c81cf-9b5a-5b56-be1d-f622688fa5e9,dd92fc02-23e6-54d1-8ade-4dc72b56055b,"424 Colon Street, Brgy. Bagong Silang",Tacloban,Leyte,10.478646,123.864148,tier3_rural,at_risk,2025-11-10
ca8462ce-fb7b-5338-830e-f468a915e3f1,Ernesto Remittance - Davao City,52abd550-ee75-5a08-bdc3-55913f9d1772,be3107b0-7566-55ce-95b2-c6139ff216c6,"789 España Blvd, Brgy. Santo Niño",Davao City,Davao del Sur,7.492591,125.584866,tier2_suburban,at_risk,2026-03-22
83a5753b-2def-57f3-97c0-f5d18385ccc0,Carlos's Mini Mart - Olongapo,d92b92f2-71a8-54fc-b3c3-5bd8772325e6,df62ff79-4b9c-5a75-8bd4-eb2c86e9c598,"452 Bonifacio Avenue, Brgy. San Jose",Olongapo,Zambales,14.93978,120.612146,tier1_urban,active,2025-05-14
9400bc5a-a0e8-51d4-ac65-198f7c034d14,Josefina Padala Center - Quezon City,33f8fbf7-2b13-5279-a517-41154b2a90bd,28ac47f7-f1ce-5fc3-966a-5dcdd795fc26,"249 National Highway, Brgy. Santo Niño",Quezon City,Metro Manila,14.710626,121.064027,tier1_urban,active,2025-11-26
b6fe779b-5c1b-5168-b1fe-21fba9d1ac9e,Carlos Padala Center - San Juan,10e0a866-2701-59df-8120-ae1c0706e2b2,a87e363d-04c2-5fe0-abdc-8924fa7bf1a1,"824 Quezon Avenue, Brgy. San Isidro",San Juan,Metro Manila,14.585018,120.90455,tier1_urban,churned,2025-02-19
b4077fc4-2cf7-5ff9-8d68-edb22986e213,Rolando Convenience - Bacolod,bc2496ce-7fc4-5ea8-95db-88e19f61df14,dd92fc02-23e6-54d1-8ade-4dc72b56055b,"217 Marcos Highway, Brgy. Ugong",Bacolod,Negros Occidental,10.618613,123.851732,tier2_suburban,at_risk,2026-01-16
f0d978da-a823-54ce-b4fa-57d8d0b0a4f2,Reynaldo Padala Center - Cagayan de Oro,d1e2cea1-fb3f-5fdd-874e-1f8a815e46ad,be3107b0-7566-55ce-95b2-c6139ff216c6,"712 Purok 1 Street, Brgy. San Antonio",Cagayan de Oro,Misamis Oriental,7.125964,125.671812,tier3_rural,active,2024-12-12
b3846a6a-3c83-5d01-8118-53db0ce7111d,Gloria's Mini Mart - Malolos,67f4fe18-a14b-5468-be9a-39412a820033,df62ff79-4b9c-5a75-8bd4-eb2c86e9c598,"175 Bonifacio Avenue, Brgy. San Isidro",Malolos,Bulacan,14.940487,120.708958,tier2_suburban,active,2026-02-17
5d2d7e8e-dd31-5892-a306-980c402b03c4,Mang Lorna's Tindahan - Parañaque,a5971392-1e30-508d-a138-19bc94042391,28ac47f7-f1ce-5fc3-966a-5dcdd795fc26,"671 Rizal Street, Brgy. Poblacion",Parañaque,Metro Manila,14.566594,120.954262,tier2_suburban,active,2024-10-18
9eb33723-4279-5c9e-9659-739a57fe1735,Nelia's Sari-Sari - Las Piñas,8b8bc841-15ad-5fba-8484-e04da45daf92,a87e363d-04c2-5fe0-abdc-8924fa7bf1a1,"300 Provincial Road, Brgy. Kamuning",Las Piñas,Metro Manila,14.519351,120.97614,tier1_urban,active,2024-09-27
4c97df8a-b536-5991-bed8-a6d0664d9c6a,Miguel's Sari-Sari - Iloilo City,a0b86899-3246-5640-85ef-64fd9be8a655,dd92fc02-23e6-54d1-8ade-4dc72b56055b,"888 National Highway, Brgy. Ugong",Iloilo City,Iloilo,10.270417,123.839775,tier2_suburban,inactive,2026-06-11
c3753c2f-d009-5a3a-8cff-e16d8c15df87,Reynaldo's Mini Mart - Davao City,56dbf964-c0af-5107-ad4e-b1da9ce1d774,be3107b0-7566-55ce-95b2-c6139ff216c6,"41 Katipunan Ave, Brgy. Ugong",Davao City,Davao del Sur,7.082957,125.54698,tier1_urban,active,2026-03-22
215ae3ed-2b44-5040-8217-2093422d167d,Miguel's Mini Mart - Antipolo,56954d98-5581-50e8-908a-456d43e72cf5,df62ff79-4b9c-5a75-8bd4-eb2c86e9c598,"701 Roxas Blvd, Brgy. Bagong Silang",Antipolo,Rizal,15.237662,120.570861,tier3_rural,active,2026-07-04
5c9ee565-043b-52a5-bbef-ca3aaf316974,Rosario Mini Stop - Quezon City,0844d6e0-fd32-56b9-8de3-0c60acca01ca,28ac47f7-f1ce-5fc3-966a-5dcdd795fc26,"641 Aurora Blvd, Brgy. Kamuning",Quezon City,Metro Manila,14.717121,121.062972,tier1_urban,inactive,2026-04-27
1d2c9cb9-8b37-50de-ba65-e9a6f65dc5b0,Carmen's Mini Mart - Marikina,1f9f8714-4f06-5e64-ae37-c2187d16c37f,a87e363d-04c2-5fe0-abdc-8924fa7bf1a1,"231 EDSA, Brgy. Bagong Silang",Marikina,Metro Manila,14.719153,121.031386,tier1_urban,churned,2024-12-06
864c3b09-e16e-5faa-8caa-f47102a11352,Corazon Convenience - Iloilo City,56abcfba-1fb2-5007-8500-ff433828a68e,dd92fc02-23e6-54d1-8ade-4dc72b56055b,"534 Barangay Road, Brgy. Bambang",Iloilo City,Iloilo,10.898161,123.937305,tier2_suburban,active,2025-01-18
4be5ab66-a8df-5fbf-945e-19504788428c,Mang Ramon's Tindahan - Cagayan de Oro,cb81b398-f15f-565d-8945-4235ba90c00d,be3107b0-7566-55ce-95b2-c6139ff216c6,"437 España Blvd, Brgy. Bambang",Cagayan de Oro,Misamis Oriental,7.097571,125.56267,tier1_urban,at_risk,2024-10-18
2f1e66ae-eeb5-5f54-9e48-d24f4c98c313,Sangla ni Elena - Olongapo,37c5c4ef-4d4b-5fa6-8903-7a2371d1f83b,df62ff79-4b9c-5a75-8bd4-eb2c86e9c598,"595 Aguinaldo Highway, Brgy. San Jose",Olongapo,Zambales,15.403811,120.5927,tier3_rural,active,2025-01-13
eccf8f2f-74c8-5c68-974f-0bc7901dab2c,Ana Convenience - Caloocan,4a632666-9dc5-5afa-91a5-3be36d9742b5,28ac47f7-f1ce-5fc3-966a-5dcdd795fc26,"931 EDSA, Brgy. Bambang",Caloocan,Metro Manila,14.725134,120.963499,tier3_rural,inactive,2025-05-03
1a77d982-a47b-58a0-bd2b-de19d4248d2a,Corazon Pisong Net - San Juan,6ef69ec5-a85c-5514-8d62-3115d1e3d746,a87e363d-04c2-5fe0-abdc-8924fa7bf1a1,"122 Commonwealth Ave, Brgy. Bagong Silang",San Juan,Metro Manila,14.701857,120.929105,tier1_urban,churned,2026-01-27
85aa98f4-084b-5288-9dbb-124f2d9ea885,Danilo Mini Stop - Lapu-Lapu,d9b472f7-7de6-552f-8235-c38e13be13ed,dd92fc02-23e6-54d1-8ade-4dc72b56055b,"902 Colon Street, Brgy. Kamuning",Lapu-Lapu,Cebu,10.442678,123.949122,tier2_suburban,active,2025-12-19
d07c4afd-0945-5bc3-be6f-f3bbc4e34385,Ricardo Remittance - Cagayan de Oro,4ae73bc0-2182-5874-aa62-df511685dffd,be3107b0-7566-55ce-95b2-c6139ff216c6,"110 EDSA, Brgy. Santo Niño",Cagayan de Oro,Misamis Oriental,6.915719,125.695787,tier3_rural,active,2025-05-04
91c5c8f3-6bb3-5821-853c-78275cabba38,Ernesto's Sari-Sari - Santa Rosa,18130ea2-9631-5aff-a157-524d47b0b089,df62ff79-4b9c-5a75-8bd4-eb2c86e9c598,"581 National Highway, Brgy. San Jose",Santa Rosa,Laguna,15.217452,120.569274,tier1_urban,active,2026-05-21
cbfa0efd-9c36-5326-b5bb-5bdb4b4ca623,Botica ni Rosa - Manila,ac33aaec-3637-5817-85cb-dbc0380a3250,28ac47f7-f1ce-5fc3-966a-5dcdd795fc26,"705 J.P. Laurel Ave, Brgy. Santo Niño",Manila,Metro Manila,14.600697,121.020942,tier2_suburban,active,2026-08-03
34bc1027-e52d-5ec1-b3f9-75e3237a8674,Jose's Computer Shop - Malabon,00c00243-2a79-5b7b-9026-d6aa8ca41efd,a87e363d-04c2-5fe0-abdc-8924fa7bf1a1,"397 J.P. Laurel Ave, Brgy. Pinyahan",Malabon,Metro Manila,14.491254,120.938652,tier1_urban,active,2025-08-03
8775b7ab-34d1-5841-9ec0-e6e696688307,Botica ni Antonio - Cebu City,0991acb0-6252-5f07-bac7-2a192f862699,dd92fc02-23e6-54d1-8ade-4dc72b56055b,"948 Aurora Blvd, Brgy. Kamuning",Cebu City,Cebu,10.378043,123.934268,tier1_urban,churned,2026-06-19
8f419a04-5d26-5b30-8b18-7a3e176afd95,Reynaldo Drug Store - Cagayan de Oro,488eb288-2053-5281-b7c0-d3c19c3f8fad,be3107b0-7566-55ce-95b2-c6139ff216c6,"68 Commonwealth Ave, Brgy. Pinyahan",Cagayan de Oro,Misamis Oriental,7.420277,125.546983,tier2_suburban,active,2025-02-01
d52c3009-7a12-53ac-9140-2a40df2499ba,Nelia's Computer Shop - Meycauayan,083e4bd3-6619-56e0-b2cc-21a2095e8d6b,df62ff79-4b9c-5a75-8bd4-eb2c86e9c598,"438 Osmena Blvd, Brgy. San Antonio",Meycauayan,Bulacan,15.225551,120.747299,tier2_suburban,active,2025-11-13
bab5a528-dcce-5960-9f34-718a92058e92,Nelia Remittance - Quezon City,eb900bc6-3f83-54b9-86f7-d16787153978,28ac47f7-f1ce-5fc3-966a-5dcdd795fc26,"534 Quezon Avenue, Brgy. Pinyahan",Quezon City,Metro Manila,14.58707,121.075553,tier1_urban,inactive,2025-11-17
c5186f6b-e1d0-5700-9d71-31de5ea7ac8a,Mang Juan's Tindahan - Navotas,00b55fa4-d3cf-595b-ab8e-beb9c3cde931,a87e363d-04c2-5fe0-abdc-8924fa7bf1a1,"406 Bonifacio Avenue, Brgy. Ugong",Navotas,Metro Manila,14.566219,121.053032,tier1_urban,active,2024-09-07
04c79f7f-4041-5a63-97bf-2ece651d40b2,Aling Josefina's Store - Lapu-Lapu,0588baf7-0d22-5d47-a09e-d14a1f84235d,dd92fc02-23e6-54d1-8ade-4dc72b56055b,"451 Osmena Blvd, Brgy. San Isidro",Lapu-Lapu,Cebu,10.818942,123.857183,tier1_urban,active,2025-02-20
7006925e-6af2-5e3c-bd85-788a1d1343ac,Ramon Convenience - Zamboanga City,c611b988-db0c-55f2-a5a9-d9f404ea1d59,be3107b0-7566-55ce-95b2-c6139ff216c6,"628 Bonifacio Avenue, Brgy. Ugong",Zamboanga City,Zamboanga del Sur,7.442205,125.539074,tier2_suburban,active,2025-05-18
ec51a59e-c5e4-514b-9501-31ac0d1e80ca,Pedro Pawnshop - Dasmariñas,b0bc354e-fa44-552d-9f31-ebeae9f12614,df62ff79-4b9c-5a75-8bd4-eb2c86e9c598,"116 Commonwealth Ave, Brgy. Bambang",Dasmariñas,Cavite,15.45649,120.708834,tier1_urban,active,2025-02-02
3bcd50f7-f0eb-5174-b1a9-9deab11031da,Tindahan ni Rolando - Caloocan,55922034-d285-5c79-b85a-4fb51c5c06d7,28ac47f7-f1ce-5fc3-966a-5dcdd795fc26,"332 Fuente Osmena, Brgy. San Antonio",Caloocan,Metro Manila,14.503664,121.018063,tier1_urban,active,2025-11-01
6c3f6314-f245-5946-9a2e-ea5fbb951e7f,Aling Rosario's Store - Las Piñas,3db126c5-4b44-57d1-b757-5e12f41ae301,a87e363d-04c2-5fe0-abdc-8924fa7bf1a1,"257 Taft Avenue, Brgy. Santo Niño",Las Piñas,Metro Manila,14.665512,120.924709,tier1_urban,churned,2026-01-13
650e5b63-d760-51b3-9465-102cbe048b2e,Gloria Padala Center - Iloilo City,153cbfcb-d7ee-5bb5-8f1e-9fa1255fcd02,dd92fc02-23e6-54d1-8ade-4dc72b56055b,"650 Roxas Blvd, Brgy. Poblacion",Iloilo City,Iloilo,10.619054,123.876817,tier3_rural,at_risk,2024-10-25
bf913de2-6da4-5acc-8ad9-fbfe79c8f948,Aling Danilo's Store - Cagayan de Oro,fe05c33a-1202-5d84-9396-70388399d578,be3107b0-7566-55ce-95b2-c6139ff216c6,"388 Aguinaldo Highway, Brgy. Kamuning",Cagayan de Oro,Misamis Oriental,6.926344,125.451265,tier2_suburban,inactive,2024-11-09
cbf14c0f-d8df-592e-be76-01083414492b,Miguel Pisong Net - Calamba,d32d6b8a-610c-5a3b-89c6-f5e0020c7e86,df62ff79-4b9c-5a75-8bd4-eb2c86e9c598,"884 EDSA, Brgy. Santo Niño",Calamba,Laguna,15.408173,120.55366,tier1_urban,active,2024-09-27
36850526-5951-520a-b33e-b34aa3a8d24c,Ernesto Internet Cafe - Taguig,065bfd44-3620-54cf-8b48-3611ab6d6fa0,28ac47f7-f1ce-5fc3-966a-5dcdd795fc26,"317 Fuente Osmena, Brgy. San Isidro",Taguig,Metro Manila,14.637936,120.923511,tier1_urban,active,2025-12-11
1a7abaf9-db83-5b34-aa30-8e65ccecd647,Nelia Pharmacy - Las Piñas,d644c57d-bbdd-5e77-9062-f1cf41e2ae30,a87e363d-04c2-5fe0-abdc-8924fa7bf1a1,"638 Aurora Blvd, Brgy. San Antonio",Las Piñas,Metro Manila,14.587593,121.071082,tier3_rural,active,2025-10-21
4ed02a76-d194-55d0-b915-c6b2e0852190,Rolando's Sari-Sari - Bacolod,7e8b6e9a-6d85-51b9-848d-bbd3822f7caf,dd92fc02-23e6-54d1-8ade-4dc72b56055b,"904 J.P. Laurel Ave, Brgy. San Jose",Bacolod,Negros Occidental,10.373499,123.931894,tier2_suburban,active,2024-10-07
4297d3c8-9f0d-59cd-b6be-25fb5ae1f0ef,Aling Carlos's Store - General Santos,70e7a739-58c6-545b-a50c-0b9e31813f38,be3107b0-7566-55ce-95b2-c6139ff216c6,"82 National Highway, Brgy. Bambang",General Santos,South Cotabato,6.903944,125.66465,tier2_suburban,at_risk,2026-01-14
a1350aa4-ee6f-5577-9815-4d137cb0696d,Mang Ernesto's Tindahan - Calamba,41259318-c405-5b03-92fd-44604ff42311,df62ff79-4b9c-5a75-8bd4-eb2c86e9c598,"571 Marcos Highway, Brgy. San Antonio",Calamba,Laguna,14.929388,120.516519,tier2_suburban,active,2024-11-07
44c79770-368b-5537-9952-7170040a5301,Danilo's Sari-Sari - Makati,e1221262-2f20-596d-adb5-9837b7a28fcd,28ac47f7-f1ce-5fc3-966a-5dcdd795fc26,"875 Bonifacio Avenue, Brgy. Bambang",Makati,Metro Manila,14.701404,120.959688,tier1_urban,active,2024-09-01
3388263e-9140-51e1-be58-a373ce459010,Botica ni Luz - Las Piñas,667a7c30-44f2-51f6-9851-b1077e834434,a87e363d-04c2-5fe0-abdc-8924fa7bf1a1,"427 Commonwealth Ave, Brgy. Santo Niño",Las Piñas,Metro Manila,14.651627,121.022218,tier3_rural,inactive,2026-04-30
a8a7d198-5dd8-5f3c-9c89-9a051fe2d125,Nelia Internet Cafe - Bacolod,3bff4c7d-2233-5ca1-ae14-38c7cc7f2bf4,dd92fc02-23e6-54d1-8ade-4dc72b56055b,"182 Fuente Osmena, Brgy. Bambang",Bacolod,Negros Occidental,10.488151,123.807168,tier2_suburban,active,2026-06-20
dbdcd508-7f78-578c-834f-4a1aebe41e89,Aling Carmen's Store - Zamboanga City,f14056b6-fd78-5b41-9638-fc96e21bcff4,be3107b0-7566-55ce-95b2-c6139ff216c6,"920 Osmena Blvd, Brgy. Poblacion",Zamboanga City,Zamboanga del Sur,7.355065,125.652993,tier1_urban,active,2026-04-16
cea22206-d9ec-533a-ba11-23436d13a5ca,Elena Pisong Net - Imus,e5fd760c-3231-5537-adee-54be94269c29,df62ff79-4b9c-5a75-8bd4-eb2c86e9c598,"138 Quezon Avenue, Brgy. San Isidro",Imus,Cavite,15.030446,120.624127,tier1_urban,at_risk,2025-10-16
98847415-a6bc-5eed-9f05-a9af7bd353d4,Tindahan ni Rolando - Pasig,41935f09-b6ca-581c-bf96-7abc100f06d3,28ac47f7-f1ce-5fc3-966a-5dcdd795fc26,"627 Bonifacio Avenue, Brgy. Poblacion",Pasig,Metro Manila,14.62141,121.09587,tier3_rural,active,2026-05-08
a07d29f4-fe3f-58dd-94b4-6903c65af63c,Sangla ni Jose - Valenzuela,48d45a5c-902b-5f08-85d5-6eafbb311485,a87e363d-04c2-5fe0-abdc-8924fa7bf1a1,"742 Purok 1 Street, Brgy. Bambang",Valenzuela,Metro Manila,14.730168,121.097256,tier2_suburban,active,2025-03-15
1ac54af3-5707-5492-aee2-05ef12942473,Jose's Sari-Sari - Bacolod,dffb1e59-bc75-5211-a272-a567d5528303,dd92fc02-23e6-54d1-8ade-4dc72b56055b,"869 Taft Avenue, Brgy. San Isidro",Bacolod,Negros Occidental,10.620313,123.999005,tier2_suburban,active,2025-10-09
b6820f4f-8105-5eae-8388-93df55b5a919,Ana Lending - General Santos,5a11704d-b298-5ca4-833c-9cd92603c306,be3107b0-7566-55ce-95b2-c6139ff216c6,"533 Provincial Road, Brgy. Pinyahan",General Santos,South Cotabato,7.195503,125.453972,tier3_rural,active,2025-10-15
ad8e66ee-9869-50f3-b05c-bb30f86aa457,Luz Lending - Malolos,83923bb0-d6ae-5c73-8abd-4d622a375901,df62ff79-4b9c-5a75-8bd4-eb2c86e9c598,"199 Rizal Street, Brgy. Poblacion",Malolos,Bulacan,14.816791,120.687638,tier1_urban,churned,2024-09-01
f8461778-159b-5e50-ac02-3e4291767ff1,Rolando's Sari-Sari - Pasig,3fe338bb-039f-5f45-9517-ad4afe158e4f,28ac47f7-f1ce-5fc3-966a-5dcdd795fc26,"819 National Highway, Brgy. Kamuning",Pasig,Metro Manila,14.574212,120.966758,tier3_rural,at_risk,2026-07-30
16f4f844-5038-5b1e-8c65-ea315a585e05,Tindahan ni Teresa - Muntinlupa,f5e6a8c9-581d-5dac-8976-6054bc3169b7,a87e363d-04c2-5fe0-abdc-8924fa7bf1a1,"12 Provincial Road, Brgy. San Jose",Muntinlupa,Metro Manila,14.657005,120.950884,tier1_urban,active,2026-06-23
000280a2-bb34-5e35-b16e-a231e8b7be80,Tindahan ni Erlinda - Lapu-Lapu,a2c39090-0923-54e4-929e-a1aaf602cd8c,dd92fc02-23e6-54d1-8ade-4dc72b56055b,"519 Aguinaldo Highway, Brgy. Bagong Silang",Lapu-Lapu,Cebu,10.813626,123.822767,tier2_suburban,active,2025-06-16
af363d3c-860c-5698-a9cf-bb1c6f450514,Aling Lorna's Store - General Santos,ac65066d-b102-5a78-8155-6bbf2b5e503d,be3107b0-7566-55ce-95b2-c6139ff216c6,"742 Gov. Drive, Brgy. Bambang",General Santos,South Cotabato,7.476068,125.649613,tier1_urban,active,2025-05-22
0134a9b6-3357-5d15-ab71-31131d587d56,Mang Josefina's Tindahan - Antipolo,a1f8e0eb-cff7-5623-834b-257244fe5257,df62ff79-4b9c-5a75-8bd4-eb2c86e9c598,"945 Barangay Road, Brgy. Pinyahan",Antipolo,Rizal,15.441314,120.739176,tier1_urban,active,2024-12-31
837a3fa8-373e-5f55-9434-54aac1e44546,Mang Luz's Tindahan - Makati,fb7f081f-7244-5b10-bf96-5a5c71d91821,28ac47f7-f1ce-5fc3-966a-5dcdd795fc26,"643 Fuente Osmena, Brgy. Ugong",Makati,Metro Manila,14.718779,120.992494,tier2_suburban,churned,2026-05-15
d3df0796-a8ca-57c8-badb-f41272fb61cf,Danilo Pharmacy - Las Piñas,69b4489e-792d-59fd-b4c9-c9775fd73864,a87e363d-04c2-5fe0-abdc-8924fa7bf1a1,"856 MacArthur Highway, Brgy. San Isidro",Las Piñas,Metro Manila,14.619483,121.03564,tier3_rural,inactive,2026-07-17
62707310-8f7f-5b6b-b019-d6ac621cb7ce,Juan's Sari-Sari - Cebu City,f81d73e4-32ea-5026-8d02-a27d7c2787d2,dd92fc02-23e6-54d1-8ade-4dc72b56055b,"214 Gov. Drive, Brgy. Bagong Silang",Cebu City,Cebu,10.839628,123.977606,tier2_suburban,active,2025-06-30
62b6c44a-0e18-50df-b381-7532d1cffe06,Mang Eduardo's Tindahan - Cagayan de Oro,3653b042-f5c7-53ca-a026-e836fad54ed0,be3107b0-7566-55ce-95b2-c6139ff216c6,"288 Rizal Street, Brgy. Bagong Silang",Cagayan de Oro,Misamis Oriental,7.490171,125.587953,tier1_urban,inactive,2024-12-20
3f937259-bd27-5034-8819-7864795688aa,Rosa Internet Cafe - Santa Rosa,02a1acee-c924-5a6b-9521-8270ced89683,df62ff79-4b9c-5a75-8bd4-eb2c86e9c598,"399 Commonwealth Ave, Brgy. Bambang",Santa Rosa,Laguna,14.881791,120.734703,tier2_suburban,churned,2026-06-07
216c274e-2c70-50d1-bfaf-4b7cfcef9292,Mang Miguel's Tindahan - Mandaluyong,f7474550-32b5-5dc3-be01-34569def7da5,28ac47f7-f1ce-5fc3-966a-5dcdd795fc26,"727 Bonifacio Avenue, Brgy. San Isidro",Mandaluyong,Metro Manila,14.574161,120.999411,tier1_urban,active,2026-06-11
8861cd2e-b193-51b3-8310-498a0c7ecaa0,Mang Ernesto's Tindahan - Valenzuela,a3113e3c-2807-5aec-9a02-d36874f9477e,a87e363d-04c2-5fe0-abdc-8924fa7bf1a1,"850 España Blvd, Brgy. San Jose",Valenzuela,Metro Manila,14.60753,120.935003,tier2_suburban,active,2026-04-08
4705e7ec-7a1b-5d42-97a5-ded3b344fb38,Rosa's Sari-Sari - Mandaue,2902b5fe-d092-5530-b814-55ae34b57d27,dd92fc02-23e6-54d1-8ade-4dc72b56055b,"936 Mabini Street, Brgy. Pinyahan",Mandaue,Cebu,10.604796,123.959805,tier3_rural,active,2026-01-16
97dedd4a-dfb7-5db8-955c-c13d50ef55cf,Elena Padala Center - Cagayan de Oro,25adc787-7cb0-50e0-a658-3a36e4835182,be3107b0-7566-55ce-95b2-c6139ff216c6,"349 J.P. Laurel Ave, Brgy. Ugong",Cagayan de Oro,Misamis Oriental,7.086215,125.498201,tier1_urban,inactive,2025-06-19
b5fc8288-b9e8-5d46-8a57-1c98dd1ec87c,Ernesto Pharmacy - Calamba,69b736df-8bf2-5947-ab1c-49c40a9798e5,df62ff79-4b9c-5a75-8bd4-eb2c86e9c598,"136 Marcos Highway, Brgy. San Antonio",Calamba,Laguna,15.121558,120.714103,tier3_rural,active,2026-05-18
fcdd596e-f586-5d16-9b12-0e18ed346a1b,Maria Remittance - Quezon City,0b872d85-1be9-53bb-88d5-11bbdbaf3796,28ac47f7-f1ce-5fc3-966a-5dcdd795fc26,"319 Bonifacio Avenue, Brgy. Bambang",Quezon City,Metro Manila,14.711563,120.966658,tier1_urban,active,2024-12-17
8a565c7b-7994-5fe3-a6dc-0e514bd65f22,Rosario's Sari-Sari - Navotas,34fd9ecb-cb3a-5d47-add4-306649dcd322,a87e363d-04c2-5fe0-abdc-8924fa7bf1a1,"785 Barangay Road, Brgy. San Isidro",Navotas,Metro Manila,14.456744,121.051699,tier1_urban,active,2024-12-14
f9f181b2-4dd1-599e-a863-8fc11c75cfb9,Tindahan ni Erlinda - Mandaue,647b9e89-e7e7-57bf-ae92-dc6a4d54a8ad,dd92fc02-23e6-54d1-8ade-4dc72b56055b,"198 España Blvd, Brgy. San Isidro",Mandaue,Cebu,10.625821,123.954557,tier1_urban,active,2024-12-25
ffc4fb64-4c02-5513-9e93-6c4b180167e2,Ana Express - Cagayan de Oro,72f6a3f6-f1ed-5550-81b4-f25ab9ed254a,be3107b0-7566-55ce-95b2-c6139ff216c6,"162 Aurora Blvd, Brgy. Poblacion",Cagayan de Oro,Misamis Oriental,6.909154,125.586883,tier3_rural,active,2026-05-10
95707a08-7114-51be-940e-01c39a29536b,Ramon's Sari-Sari - Meycauayan,7dda4f32-3a8c-578a-a12a-f8596633a843,df62ff79-4b9c-5a75-8bd4-eb2c86e9c598,"556 Roxas Blvd, Brgy. Ugong",Meycauayan,Bulacan,15.022939,120.542467,tier2_suburban,inactive,2026-05-31
599fca8d-188d-56ae-b5c5-a46c63ad10cb,Corazon Padala Center - Pasig,26bf2e04-2900-5c51-a63e-fbcc95d4a9c6,28ac47f7-f1ce-5fc3-966a-5dcdd795fc26,"176 Mabini Street, Brgy. San Isidro",Pasig,Metro Manila,14.633979,120.967748,tier2_suburban,active,2024-11-05
642ce7c1-f7e7-590c-adf0-c70c2abd88f0,Jose Pawnshop - Muntinlupa,a908fe70-98bb-5f1e-8e6a-13439d886521,a87e363d-04c2-5fe0-abdc-8924fa7bf1a1,"30 J.P. Laurel Ave, Brgy. San Antonio",Muntinlupa,Metro Manila,14.481778,120.91076,tier2_suburban,active,2025-11-25
ac2f36dd-a750-567f-9055-3b273b213591,Mang Antonio's Tindahan - Mandaue,676de22a-98af-5829-bf98-7fa524711054,dd92fc02-23e6-54d1-8ade-4dc72b56055b,"722 National Highway, Brgy. Bambang",Mandaue,Cebu,10.703577,123.938025,tier2_suburban,at_risk,2025-01-14
ac265695-21b9-54fa-950b-c30523bf2e97,Ramon Express - Zamboanga City,0dfdd4f4-02e5-5a55-8a9b-891b9a5b9ba3,be3107b0-7566-55ce-95b2-c6139ff216c6,"320 Taft Avenue, Brgy. San Jose",Zamboanga City,Zamboanga del Sur,7.327739,125.601261,tier3_rural,active,2025-04-18
ec16ce62-83c7-5e79-a058-53958873236b,Antonio Drug Store - Imus,ab2655b1-724a-5e5b-8fc3-9d2222c45d3e,df62ff79-4b9c-5a75-8bd4-eb2c86e9c598,"582 EDSA, Brgy. Poblacion",Imus,Cavite,15.368996,120.775907,tier2_suburban,active,2026-02-23
cdca6c1b-b1d5-5949-95f0-594b17d63ff9,Tindahan ni Fernando - Parañaque,441546cc-0f25-5a0b-9229-6143b9ae4678,28ac47f7-f1ce-5fc3-966a-5dcdd795fc26,"318 Barangay Road, Brgy. Pinyahan",Parañaque,Metro Manila,14.591164,121.08949,tier1_urban,at_risk,2025-04-29
e964f22c-0588-566a-a1d5-b22f570ce0cf,Ana Padala Center - Marikina,69982d29-2f92-54dd-8b42-4b6821813122,a87e363d-04c2-5fe0-abdc-8924fa7bf1a1,"935 Roxas Blvd, Brgy. Kamuning",Marikina,Metro Manila,14.505006,121.083453,tier2_suburban,active,2026-08-30
98b4a36e-f020-56da-b90f-6c92745270df,Fe's Mini Mart - Iloilo City,35625f7c-5f63-5460-8f53-0327ef02828f,dd92fc02-23e6-54d1-8ade-4dc72b56055b,"500 Rizal Street, Brgy. Poblacion",Iloilo City,Iloilo,10.580267,123.870288,tier2_suburban,active,2025-07-10
0424c355-7cab-5d88-82db-de067f3a2990,Mang Teresa's Tindahan - Zamboanga City,e64f1b78-7229-5fe9-af27-3afde2f65983,be3107b0-7566-55ce-95b2-c6139ff216c6,"787 Roxas Blvd, Brgy. Bambang",Zamboanga City,Zamboanga del Sur,7.244807,125.552385,tier2_suburban,churned,2025-07-13
6314951a-4547-56f4-82d3-2eb9d3c82e8c,Ricardo Pharmacy - San Fernando,daebb761-d794-577f-9fe5-825a32f9b87b,df62ff79-4b9c-5a75-8bd4-eb2c86e9c598,"334 Aguinaldo Highway, Brgy. Poblacion",San Fernando,Pampanga,15.354702,120.659824,tier2_suburban,at_risk,2026-01-07
c3576572-099b-5798-b335-0d99b42f157d,Ramon's Sari-Sari - Caloocan,6b0694da-04d6-558f-b0eb-84888914018d,28ac47f7-f1ce-5fc3-966a-5dcdd795fc26,"245 National Highway, Brgy. San Jose",Caloocan,Metro Manila,14.614385,121.094778,tier2_suburban,active,2024-12-15
c2185795-2f9f-544b-a577-334174be914d,Ernesto Remittance - Marikina,c8bde638-0339-5c07-874c-a95b2af691af,a87e363d-04c2-5fe0-abdc-8924fa7bf1a1,"214 Purok 1 Street, Brgy. Bambang",Marikina,Metro Manila,14.579345,121.096041,tier3_rural,active,2024-11-28
3470adad-d4ab-5bf2-b747-7d1a6088a4be,Nelia's Mini Mart - Bacolod,0823e6b2-0533-5be8-a4bb-af369ba421e5,dd92fc02-23e6-54d1-8ade-4dc72b56055b,"711 Katipunan Ave, Brgy. Santo Niño",Bacolod,Negros Occidental,10.73009,123.815579,tier3_rural,active,2025-07-03
d29cf6f4-6b13-5abd-b139-5571265a0bb4,Aling Fernando's Store - Davao City,1ebd2a93-70cd-5e1d-bbb3-34ddc32f27e1,be3107b0-7566-55ce-95b2-c6139ff216c6,"607 National Highway, Brgy. Pinyahan",Davao City,Davao del Sur,7.095227,125.429296,tier2_suburban,active,2025-12-26
cb031250-ce8d-5084-ace6-ba86139aa6b1,Tindahan ni Rosario - Malolos,712ffd3d-3fff-51cc-a23f-448d39b6b496,df62ff79-4b9c-5a75-8bd4-eb2c86e9c598,"979 Osmena Blvd, Brgy. Poblacion",Malolos,Bulacan,15.218781,120.705653,tier3_rural,churned,2024-09-21
4d2bebeb-d1a8-548c-8752-1fe89efea6bb,Tindahan ni Lorna - Caloocan,c8dc6a3d-79eb-5b47-8a0e-9f7f53a90094,28ac47f7-f1ce-5fc3-966a-5dcdd795fc26,"336 J.P. Laurel Ave, Brgy. San Antonio",Caloocan,Metro Manila,14.47716,121.063407,tier3_rural,churned,2024-12-03
8de015b8-e615-54ce-9ef4-1b31c9afadb1,Corazon Padala Center - San Juan,ff19d265-6d5c-5533-b00d-20442de9f58d,a87e363d-04c2-5fe0-abdc-8924fa7bf1a1,"830 Rizal Street, Brgy. Santo Niño",San Juan,Metro Manila,14.648264,120.990595,tier2_suburban,active,2026-01-25
e17250dc-e2ba-525d-9966-1218ff31563b,Mang Corazon's Tindahan - Bacolod,619fe364-9174-5b42-afbb-1da57fee2265,dd92fc02-23e6-54d1-8ade-4dc72b56055b,"592 Fuente Osmena, Brgy. San Jose",Bacolod,Negros Occidental,10.364529,123.975485,tier2_suburban,inactive,2024-12-04
cbc0c254-3eb6-59b8-9e08-d021442597f5,Mang Nelia's Tindahan - Zamboanga City,8efebfca-5f24-542a-84ac-0eeb74fbcf60,be3107b0-7566-55ce-95b2-c6139ff216c6,"941 Colon Street, Brgy. Bagong Silang",Zamboanga City,Zamboanga del Sur,7.494174,125.574818,tier3_rural,inactive,2024-10-12
ced124fb-be5b-5ef6-b3a2-41539be0bd20,Ricardo's Sari-Sari - Bacoor,bf7b72a3-0007-56d3-aa57-fa8a5a15f1a0,df62ff79-4b9c-5a75-8bd4-eb2c86e9c598,"868 EDSA, Brgy. San Isidro",Bacoor,Cavite,14.843687,120.770323,tier1_urban,active,2026-04-06
cd4e24ea-ad6f-58f3-bdd8-39de32c1b412,Nelia Padala Center - Mandaluyong,d1897cc1-395a-5ed0-bf25-a6555e7e6a98,28ac47f7-f1ce-5fc3-966a-5dcdd795fc26,"113 España Blvd, Brgy. San Antonio",Mandaluyong,Metro Manila,14.520572,121.040444,tier2_suburban,at_risk,2025-02-04
1a94663f-aa95-558c-add3-ac9094daaea6,Ricardo Pawnshop - Marikina,94e933d5-3caf-5ecf-9dd4-6ffea84bb0b4,a87e363d-04c2-5fe0-abdc-8924fa7bf1a1,"729 Osmena Blvd, Brgy. Kamuning",Marikina,Metro Manila,14.56447,121.009024,tier1_urban,active,2026-02-10
1ae0052d-8327-5fd0-abce-e0277e57bc3e,Carmen Express - Mandaue,e205c222-e396-553f-b26a-47984778b60c,dd92fc02-23e6-54d1-8ade-4dc72b56055b,"193 Aguinaldo Highway, Brgy. Kamuning",Mandaue,Cebu,10.874662,123.872058,tier2_suburban,active,2026-06-19
a43b0bda-dfe3-5bb3-8edb-d5235fdce6b8,Aling Teresa's Store - Zamboanga City,949dca79-71bc-590d-be25-60894849b55b,be3107b0-7566-55ce-95b2-c6139ff216c6,"894 Barangay Road, Brgy. Santo Niño",Zamboanga City,Zamboanga del Sur,6.980566,125.421524,tier1_urban,active,2025-07-08
b7622fbb-f035-5077-9daf-cda09e12077a,Ernesto's Sari-Sari - Imus,66b2e8cb-dc6e-50e7-9b65-5856e207e61d,df62ff79-4b9c-5a75-8bd4-eb2c86e9c598,"674 Colon Street, Brgy. Santo Niño",Imus,Cavite,14.859264,120.692673,tier2_suburban,active,2025-03-14
54483016-e2e2-53c6-9b45-b67ba56d50f6,Fernando Drug Store - Caloocan,2caec3f9-91ae-57aa-9eb7-c390813e17c6,28ac47f7-f1ce-5fc3-966a-5dcdd795fc26,"639 Commonwealth Ave, Brgy. Pinyahan",Caloocan,Metro Manila,14.602824,121.01041,tier2_suburban,active,2025-11-01
ea3f4fa1-9afb-5055-9446-5a6833baeff0,Tindahan ni Antonio - Marikina,f468fc78-5dbd-5c1a-9eb6-da774f7eb9d8,a87e363d-04c2-5fe0-abdc-8924fa7bf1a1,"232 Commonwealth Ave, Brgy. Kamuning",Marikina,Metro Manila,14.631372,121.015588,tier1_urban,churned,2025-02-10
cdf77c59-ca65-555a-9b73-d7fbe9d154af,Nelia Drug Store - Bacolod,f21eb0bf-c2ee-55a1-bfb4-557f1367a9b4,dd92fc02-23e6-54d1-8ade-4dc72b56055b,"276 Colon Street, Brgy. Ugong",Bacolod,Negros Occidental,10.661082,123.806692,tier1_urban,inactive,2026-08-12
333d8189-e00e-50ef-87ca-202547a01397,Luz Lending - General Santos,39c7c185-225a-5941-9070-f37736a679b2,be3107b0-7566-55ce-95b2-c6139ff216c6,"722 Roxas Blvd, Brgy. Poblacion",General Santos,South Cotabato,7.248161,125.688521,tier1_urban,active,2024-11-03
e3b326ae-5bf3-5a94-aaa5-0408c00a651e,Lorna Mini Stop - Dasmariñas,be08dfe3-f201-573d-99e9-1eb6a8daa93e,df62ff79-4b9c-5a75-8bd4-eb2c86e9c598,"880 Aurora Blvd, Brgy. Pinyahan",Dasmariñas,Cavite,15.161865,120.657007,tier3_rural,active,2025-04-22
94db99e7-9cc5-5f1d-b3e1-6eee8657395a,Pedro's Sari-Sari - Pasig,742be74a-689a-5579-a5b8-ff2c0f42881a,28ac47f7-f1ce-5fc3-966a-5dcdd795fc26,"484 Provincial Road, Brgy. Poblacion",Pasig,Metro Manila,14.655222,121.007839,tier3_rural,active,2025-08-13
88653dfb-9b9b-5903-b0ba-280d082ac566,Tindahan ni Jose - Navotas,63488871-4c35-59dc-8d07-812463b1c1dd,a87e363d-04c2-5fe0-abdc-8924fa7bf1a1,"55 Taft Avenue, Brgy. Ugong",Navotas,Metro Manila,14.683558,120.993774,tier3_rural,active,2025-03-30
38a0613d-820e-59da-9ead-6148e07c05b7,Fe Express - Bacolod,3806a900-4e31-58b5-b75d-e49f91428dc7,dd92fc02-23e6-54d1-8ade-4dc72b56055b,"752 Taft Avenue, Brgy. Kamuning",Bacolod,Negros Occidental,10.482332,123.995552,tier2_suburban,active,2026-03-19
c0b98b92-eee0-5541-8fbe-40f7a3077ad6,Aling Luz's Store - Cagayan de Oro,297f566b-23d0-5127-aeee-470a1fc16520,be3107b0-7566-55ce-95b2-c6139ff216c6,"37 Purok 1 Street, Brgy. Bambang",Cagayan de Oro,Misamis Oriental,7.349655,125.618092,tier3_rural,active,2025-04-12
9a997c40-6e32-50f9-860c-11083db0283c,Jose Express - Angeles,ce84180c-18f6-552e-a086-edef79130cea,df62ff79-4b9c-5a75-8bd4-eb2c86e9c598,"645 J.P. Laurel Ave, Brgy. Bambang",Angeles,Pampanga,14.918355,120.515486,tier2_suburban,churned,2025-02-19
8e5ccb84-fb53-5c1e-ae03-77462b40b168,Ana Padala Center - Quezon City,929f7992-9ad5-5bba-a86d-cdd127a38be6,28ac47f7-f1ce-5fc3-966a-5dcdd795fc26,"294 J.P. Laurel Ave, Brgy. Poblacion",Quezon City,Metro Manila,14.488046,120.915372,tier2_suburban,active,2025-12-04
de27d7d9-8c9c-5155-a9c9-37c174515f4e,Botica ni Rolando - Muntinlupa,cc54275e-ed1d-57ae-87ac-bd3f33a0d37a,a87e363d-04c2-5fe0-abdc-8924fa7bf1a1,"631 Aurora Blvd, Brgy. San Isidro",Muntinlupa,Metro Manila,14.707358,120.902841,tier1_urban,at_risk,2025-07-24
000da401-5c55-5659-aa15-2f671aacb0af,Ricardo Lending - Mandaue,12a3494f-10cd-5510-9bd2-7f6d059cbbd2,dd92fc02-23e6-54d1-8ade-4dc72b56055b,"932 Gov. Drive, Brgy. Santo Niño",Mandaue,Cebu,10.727325,123.873953,tier1_urban,active,2025-03-09
b332abed-ecf1-5105-926f-90691b985f1a,Mang Teresa's Tindahan - Cagayan de Oro,82ead168-b511-5518-ae41-2290ab90c234,be3107b0-7566-55ce-95b2-c6139ff216c6,"497 Commonwealth Ave, Brgy. Ugong",Cagayan de Oro,Misamis Oriental,7.417209,125.502854,tier1_urban,active,2025-04-16
f4314759-d00a-55f5-8b8f-3527363036cc,Mang Miguel's Tindahan - Santa Rosa,00441661-47f2-50c6-8456-3e104c713caf,df62ff79-4b9c-5a75-8bd4-eb2c86e9c598,"957 EDSA, Brgy. Pinyahan",Santa Rosa,Laguna,15.326933,120.623884,tier2_suburban,active,2025-10-19
733f8e08-7e64-5ce4-bd4b-7c2fd19f512f,Ernesto's Sari-Sari - Parañaque,da71cb0e-ef38-5d8f-b284-f7e94f1c262f,28ac47f7-f1ce-5fc3-966a-5dcdd795fc26,"744 Provincial Road, Brgy. Santo Niño",Parañaque,Metro Manila,14.513257,121.046872,tier2_suburban,active,2025-04-19
2aaf552d-1745-5222-8144-d71bd5f70ca7,Tindahan ni Nelia - San Juan,ea89d7f7-9635-539a-bd2a-a684d0bc3dea,a87e363d-04c2-5fe0-abdc-8924fa7bf1a1,"271 Quezon Avenue, Brgy. San Antonio",San Juan,Metro Manila,14.50028,120.979749,tier2_suburban,active,2024-12-08
841bcfd1-0e64-57bc-ba64-6ea24330f2bf,Maria's Sari-Sari - Tacloban,5ed04869-63d3-5157-add4-2b50eed27681,dd92fc02-23e6-54d1-8ade-4dc72b56055b,"972 Aguinaldo Highway, Brgy. San Jose",Tacloban,Leyte,10.503841,123.941122,tier2_suburban,active,2026-04-02
770b1207-0d01-5fd9-9d2b-0c0d2ffad9d3,Botica ni Josefina - Cagayan de Oro,1970cb46-f424-5f19-bbe3-54410bbf3c70,be3107b0-7566-55ce-95b2-c6139ff216c6,"544 Colon Street, Brgy. San Antonio",Cagayan de Oro,Misamis Oriental,7.073275,125.639193,tier2_suburban,at_risk,2025-11-13
61d93767-d7ee-521d-95c6-0754c90f57d3,Maria Convenience - Antipolo,3926930c-52e1-5eb9-b18f-425016f8b07c,df62ff79-4b9c-5a75-8bd4-eb2c86e9c598,"985 MacArthur Highway, Brgy. San Antonio",Antipolo,Rizal,14.868155,120.659388,tier2_suburban,active,2025-01-03
05474dff-378c-5a0e-a404-511c603326d6,Erlinda Mini Stop - Taguig,635e7a6f-f49d-503e-a7ea-f0913bdb6d00,28ac47f7-f1ce-5fc3-966a-5dcdd795fc26,"344 Aurora Blvd, Brgy. San Isidro",Taguig,Metro Manila,14.690695,120.951069,tier3_rural,active,2026-05-07
7b859877-ef8e-5a78-bbaf-fc5084482a45,Gloria Pawnshop - Valenzuela,99e3cd03-3e1e-5997-98a5-58fde86e9924,a87e363d-04c2-5fe0-abdc-8924fa7bf1a1,"792 Barangay Road, Brgy. San Jose",Valenzuela,Metro Manila,14.670294,121.017745,tier1_urban,inactive,2025-04-18
0d96e977-be2c-5789-8286-3eeb4b930c88,Tindahan ni Jose - Lapu-Lapu,5f1a15b5-0c23-588a-9746-0d1f3f7af148,dd92fc02-23e6-54d1-8ade-4dc72b56055b,"694 Purok 1 Street, Brgy. Santo Niño",Lapu-Lapu,Cebu,10.450616,123.802116,tier1_urban,active,2026-08-27
ee7e102d-0b64-5644-a74b-09b96820bc93,Rosario's Sari-Sari - Davao City,fe823172-4573-5784-82c0-62d7513e5bf4,be3107b0-7566-55ce-95b2-c6139ff216c6,"422 Quezon Avenue, Brgy. Ugong",Davao City,Davao del Sur,6.962344,125.533783,tier1_urban,churned,2025-01-30
b32a7cc6-a909-5f0e-a6fb-02ed67b76cd2,Aling Josefina's Store - Malolos,e1882e45-7e45-5c3e-9ef4-3036d746966f,df62ff79-4b9c-5a75-8bd4-eb2c86e9c598,"258 Marcos Highway, Brgy. San Antonio",Malolos,Bulacan,14.81659,120.527582,tier3_rural,at_risk,2025-03-05
84323f21-f647-5a41-808b-fa4dc0d9e656,Juan Internet Cafe - Pasig,080b4031-0ffe-54f0-bf45-d4acaa5acc3c,28ac47f7-f1ce-5fc3-966a-5dcdd795fc26,"974 National Highway, Brgy. Poblacion",Pasig,Metro Manila,14.662423,120.923995,tier3_rural,active,2025-11-22
19ad6550-d1aa-5908-85c6-f7650e2b90ab,Maria's Mini Mart - Valenzuela,ff7d0969-136e-5a52-9fc0-1487349a8146,a87e363d-04c2-5fe0-abdc-8924fa7bf1a1,"673 Provincial Road, Brgy. Bambang",Valenzuela,Metro Manila,14.69096,120.936954,tier1_urban,at_risk,2026-02-01
4544d574-d698-5672-a569-fe25f9172215,Aling Carmen's Store - Mandaue,72f189ec-98d1-510f-aa8a-2efddbebf1c6,dd92fc02-23e6-54d1-8ade-4dc72b56055b,"260 España Blvd, Brgy. Pinyahan",Mandaue,Cebu,10.728382,123.815143,tier2_suburban,active,2025-03-14
c5bb2260-aa80-516e-aa4a-2fe1f6eaf1d1,Erlinda's Mini Mart - General Santos,13fe1072-6be7-54e3-950f-5c123804e384,be3107b0-7566-55ce-95b2-c6139ff216c6,"709 Barangay Road, Brgy. Bagong Silang",General Santos,South Cotabato,7.054402,125.634219,tier2_suburban,churned,2026-08-10
7c74deb2-f910-514d-ac23-b4a7a7070cdf,Teresa Pawnshop - Angeles,460033d5-6899-5bd6-bd9e-b87f2ecac724,df62ff79-4b9c-5a75-8bd4-eb2c86e9c598,"392 Osmena Blvd, Brgy. Bagong Silang",Angeles,Pampanga,15.497171,120.577472,tier2_suburban,active,2026-07-05
76c315cb-5185-5530-9dfa-bc9540e797ca,Tindahan ni Reynaldo - Parañaque,d960de75-9d69-55d3-a0e3-2dafa9622e4c,28ac47f7-f1ce-5fc3-966a-5dcdd795fc26,"72 J.P. Laurel Ave, Brgy. San Jose",Parañaque,Metro Manila,14.633091,120.935688,tier2_suburban,active,2024-12-06
104918ab-1469-5f48-ab7f-bca204e67486,Tindahan ni Corazon - Muntinlupa,908a169d-e589-508f-9573-1b3375cd994a,a87e363d-04c2-5fe0-abdc-8924fa7bf1a1,"554 Colon Street, Brgy. San Jose",Muntinlupa,Metro Manila,14.63419,120.92125,tier2_suburban,churned,2026-03-17
b824f1a2-f6b0-525f-ac58-027f7057e19b,Miguel Remittance - Lapu-Lapu,17390989-c254-5961-9337-10043bc3db40,dd92fc02-23e6-54d1-8ade-4dc72b56055b,"106 Bonifacio Avenue, Brgy. Poblacion",Lapu-Lapu,Cebu,10.25633,123.945509,tier2_suburban,active,2024-12-22
1893853f-90b4-5018-a7fd-bd61bf9f2ee4,Rosario Drug Store - General Santos,71c54a62-48c2-55e0-bd0e-dc81917f89f9,be3107b0-7566-55ce-95b2-c6139ff216c6,"153 Provincial Road, Brgy. San Antonio",General Santos,South Cotabato,7.459736,125.599382,tier2_suburban,active,2025-09-08
854291a5-05db-55e6-b0ab-3feb5d452fc0,Nelia's Sari-Sari - Antipolo,2c71e9f7-f90a-51a7-82b1-f5dd36ad2486,df62ff79-4b9c-5a75-8bd4-eb2c86e9c598,"927 Osmena Blvd, Brgy. Bambang",Antipolo,Rizal,14.802593,120.712282,tier2_suburban,active,2025-03-20
ef1b6e73-f031-5894-824a-4ff1e58fc120,Gloria Lending - Caloocan,ed7f0c6b-13f6-53b6-9542-cc129994c258,28ac47f7-f1ce-5fc3-966a-5dcdd795fc26,"414 Mabini Street, Brgy. Ugong",Caloocan,Metro Manila,14.517754,120.976885,tier2_suburban,active,2026-02-23
5ee5bcb6-f69b-5186-9fb9-3aa1b552b4a3,Antonio Drug Store - Navotas,53844139-dd79-5dfc-a18b-5983d024ccfb,a87e363d-04c2-5fe0-abdc-8924fa7bf1a1,"549 Roxas Blvd, Brgy. Bagong Silang",Navotas,Metro Manila,14.654551,120.980123,tier1_urban,active,2025-07-28
604a4e51-c147-5268-8856-f649e96e8de5,Aling Ana's Store - Bacolod,2ab7563d-adab-52ff-9374-2dd4ea04477b,dd92fc02-23e6-54d1-8ade-4dc72b56055b,"874 Taft Avenue, Brgy. Poblacion",Bacolod,Negros Occidental,10.872945,123.952091,tier2_suburban,at_risk,2026-04-14
72b06f75-9c13-5bec-841f-24114afaaab9,Botica ni Rosario - Cagayan de Oro,1dc93905-d4dd-5aef-916a-019f089a1c86,be3107b0-7566-55ce-95b2-c6139ff216c6,"181 Aguinaldo Highway, Brgy. San Antonio",Cagayan de Oro,Misamis Oriental,7.480508,125.59822,tier2_suburban,at_risk,2025-03-26
8df03c6a-f0e9-5c78-8a72-b96b5f7e7b16,Mang Pedro's Tindahan - Bacoor,e7495aed-f722-5c5c-b7c2-e0b65f7f745b,df62ff79-4b9c-5a75-8bd4-eb2c86e9c598,"918 Quezon Avenue, Brgy. Bagong Silang",Bacoor,Cavite,15.140552,120.765564,tier2_suburban,churned,2024-12-25
f8d90075-3eef-57df-8330-23687233e1a4,Elena Padala Center - Pasig,0ad2695a-8596-5871-a84f-3e791a2475bb,28ac47f7-f1ce-5fc3-966a-5dcdd795fc26,"144 Bonifacio Avenue, Brgy. San Jose",Pasig,Metro Manila,14.457609,121.099277,tier1_urban,active,2024-11-26
3e9833ae-27e7-5954-985e-5192185af74b,Rosa Pisong Net - Valenzuela,283d0fdc-7bb8-57be-99e0-47f701e233f4,a87e363d-04c2-5fe0-abdc-8924fa7bf1a1,"65 Aguinaldo Highway, Brgy. San Isidro",Valenzuela,Metro Manila,14.599905,121.092991,tier2_suburban,active,2025-06-28
f450988d-f69d-5b58-9af3-0c584f675d22,Carlos's Sari-Sari - Cebu City,9e84429a-ac05-5406-9bd6-4212810b262c,dd92fc02-23e6-54d1-8ade-4dc72b56055b,"348 Bonifacio Avenue, Brgy. Bagong Silang",Cebu City,Cebu,10.830223,123.808563,tier1_urban,active,2025-04-14
97c20157-3ae1-50ba-8232-5fcb5fbe3ac9,Antonio's Sari-Sari - General Santos,b008097f-5618-53fa-a7b8-041e29e53262,be3107b0-7566-55ce-95b2-c6139ff216c6,"963 Barangay Road, Brgy. Ugong",General Santos,South Cotabato,6.989372,125.573804,tier1_urban,active,2024-10-22
98a2cd8f-27f3-54b3-a80a-10e08de1d82c,Carlos's Sari-Sari - Olongapo,14eec67e-c712-5683-84a8-20ec20baadd4,df62ff79-4b9c-5a75-8bd4-eb2c86e9c598,"501 Provincial Road, Brgy. San Antonio",Olongapo,Zambales,15.129854,120.775406,tier1_urban,active,2024-12-29
db830ed2-6d24-5e64-8a87-ea672f8ac04a,Mang Teresa's Tindahan - Makati,64d86f76-0803-5bb7-a77f-585ab9e9a80c,28ac47f7-f1ce-5fc3-966a-5dcdd795fc26,"15 Commonwealth Ave, Brgy. San Antonio",Makati,Metro Manila,14.721399,121.064148,tier1_urban,active,2024-08-31
4e810bf7-5af1-592a-82b5-2e47d61a7915,Tindahan ni Teresa - Navotas,221ff97a-4904-570d-8886-d68cde5cfdb7,a87e363d-04c2-5fe0-abdc-8924fa7bf1a1,"175 Gov. Drive, Brgy. Poblacion",Navotas,Metro Manila,14.69534,120.921266,tier2_suburban,at_risk,2025-05-03
b720f7b3-1de3-569d-9baa-325f7e6aaa02,Tindahan ni Maria - Bacolod,06fed607-1071-535a-9990-1ad594c36cbf,dd92fc02-23e6-54d1-8ade-4dc72b56055b,"226 Mabini Street, Brgy. San Jose",Bacolod,Negros Occidental,10.540969,123.962304,tier2_suburban,active,2026-06-22
c306d1d1-d552-5f86-9c19-aa19bcd85559,Carlos Convenience - Davao City,cf580dae-6847-5032-bfe0-1825c085c897,be3107b0-7566-55ce-95b2-c6139ff216c6,"701 Gov. Drive, Brgy. Ugong",Davao City,Davao del Sur,6.982398,125.650928,tier1_urban,churned,2024-12-30
09bafe42-8b3d-575e-9484-7efccddcc10d,Lorna's Sari-Sari - Angeles,645fbc99-20e6-5d81-96eb-c09a23c03b68,df62ff79-4b9c-5a75-8bd4-eb2c86e9c598,"608 Commonwealth Ave, Brgy. Bagong Silang",Angeles,Pampanga,14.844255,120.582168,tier2_suburban,active,2025-11-24
ff47efd1-8a4b-5f50-99f8-03a2b30b97c3,Ernesto's Computer Shop - Mandaluyong,2decaccb-2870-570f-a027-0d9f42947502,28ac47f7-f1ce-5fc3-966a-5dcdd795fc26,"567 Commonwealth Ave, Brgy. Pinyahan",Mandaluyong,Metro Manila,14.523093,121.016397,tier1_urban,active,2026-05-29
1dc44f1a-55d6-5e25-b5ed-116f65034929,Erlinda Convenience - Malabon,73522e82-2c7b-5897-9dfa-f2b4a468c282,a87e363d-04c2-5fe0-abdc-8924fa7bf1a1,"868 Provincial Road, Brgy. Bambang",Malabon,Metro Manila,14.562839,120.931551,tier2_suburban,active,2024-12-11
427f9d9f-f780-5eff-a8b5-43091838f0f7,Sangla ni Jose - Cebu City,965f3821-d76c-5972-b7a5-21f7c69a5b47,dd92fc02-23e6-54d1-8ade-4dc72b56055b,"8 Commonwealth Ave, Brgy. Poblacion",Cebu City,Cebu,10.765393,123.918746,tier2_suburban,active,2026-08-01
8142324f-d48d-5bdb-8f98-c69443f549f2,Mang Gloria's Tindahan - General Santos,d745997c-ef04-517d-992f-d46228c9fb4c,be3107b0-7566-55ce-95b2-c6139ff216c6,"709 EDSA, Brgy. San Jose",General Santos,South Cotabato,6.985853,125.481285,tier2_suburban,active,2025-05-29
d9f66c50-00e3-50ee-aba1-3b4fbff20621,Ernesto's Mini Mart - Meycauayan,c0bbf57e-fb7c-5d96-8c3a-4ed0176ac616,df62ff79-4b9c-5a75-8bd4-eb2c86e9c598,"961 Commonwealth Ave, Brgy. Bambang",Meycauayan,Bulacan,15.284171,120.678882,tier2_suburban,at_risk,2026-04-25
7a6dd826-3bbe-5069-88f6-a5c8a8e58300,Tindahan ni Teresa - Manila,57950df6-c45d-5b36-b292-30a207e2b4a9,28ac47f7-f1ce-5fc3-966a-5dcdd795fc26,"643 España Blvd, Brgy. Bagong Silang",Manila,Metro Manila,14.575636,121.011542,tier1_urban,active,2024-09-13
94dbc777-5f73-54ae-a008-26026528a42a,Elena Lending - Navotas,4dca96f6-04e4-585a-bb48-9989c3af8745,a87e363d-04c2-5fe0-abdc-8924fa7bf1a1,"98 National Highway, Brgy. Bagong Silang",Navotas,Metro Manila,14.708819,121.097356,tier3_rural,active,2024-12-19
9cbcbf81-121b-5b0c-903c-99b4791db0b4,Aling Nelia's Store - Iloilo City,98a6990f-77b3-52e7-a1c2-6d4167f7d841,dd92fc02-23e6-54d1-8ade-4dc72b56055b,"789 Provincial Road, Brgy. San Jose",Iloilo City,Iloilo,10.421141,123.838744,tier1_urban,at_risk,2025-10-15
ea87ee94-68c2-55ee-8557-984c85c321d5,Nelia Pisong Net - General Santos,bf4c591c-9e0b-528f-a21d-52b1eb692ffd,be3107b0-7566-55ce-95b2-c6139ff216c6,"510 Commonwealth Ave, Brgy. Santo Niño",General Santos,South Cotabato,7.302086,125.412935,tier2_suburban,active,2025-03-17
439a175d-5bda-5628-b38b-616bbe987f8b,Danilo Padala Center - Meycauayan,c7318f32-055f-5d17-ab4e-20c631cb4c8a,df62ff79-4b9c-5a75-8bd4-eb2c86e9c598,"446 Aurora Blvd, Brgy. Bagong Silang",Meycauayan,Bulacan,15.231774,120.767024,tier2_suburban,active,2025-06-28
da1b9899-2b18-55df-8363-bdcc9fd96f87,Ramon Pisong Net - Manila,49da2e15-ed3a-528e-86d4-e9af5c7b1041,28ac47f7-f1ce-5fc3-966a-5dcdd795fc26,"759 Bonifacio Avenue, Brgy. Ugong",Manila,Metro Manila,14.502766,121.057098,tier2_suburban,inactive,2026-06-09
5ebc4ac0-b6fd-5394-a3fa-32214fb0d1ed,Sangla ni Juan - Las Piñas,ee07c280-7f2c-5566-bee5-5b7def3b5e4d,a87e363d-04c2-5fe0-abdc-8924fa7bf1a1,"73 Katipunan Ave, Brgy. Pinyahan",Las Piñas,Metro Manila,14.627812,120.965194,tier1_urban,churned,2025-07-09
d8a8c25a-83f4-553e-85da-eeb06bc631d5,Luz Drug Store - Tacloban,467d3400-fb3e-52f3-80e6-83af006cc6a9,dd92fc02-23e6-54d1-8ade-4dc72b56055b,"920 Taft Avenue, Brgy. San Jose",Tacloban,Leyte,10.82318,123.865226,tier1_urban,active,2025-05-13
56ef6120-c26a-5fa3-bb79-d25bb308fffc,Tindahan ni Maria - General Santos,2648e9ed-52de-539b-b5f6-dad97288749c,be3107b0-7566-55ce-95b2-c6139ff216c6,"891 Marcos Highway, Brgy. Kamuning",General Santos,South Cotabato,7.434819,125.422059,tier3_rural,active,2025-07-05
e26e2f93-108c-5aa6-8747-5e6f662730ac,Ernesto's Sari-Sari - Angeles,3d650931-ed3a-5a40-839f-5e32af0b5958,df62ff79-4b9c-5a75-8bd4-eb2c86e9c598,"912 Colon Street, Brgy. Santo Niño",Angeles,Pampanga,14.951316,120.68283,tier1_urban,active,2025-09-16
242e361d-cdf2-546c-a27c-61a39044493c,Ramon's Sari-Sari - Mandaluyong,682ae381-911d-5546-9a0b-af8a45f4d269,28ac47f7-f1ce-5fc3-966a-5dcdd795fc26,"140 Fuente Osmena, Brgy. San Jose",Mandaluyong,Metro Manila,14.639606,121.095111,tier1_urban,active,2025-03-25
abd2d874-8c3d-55b3-b4ab-abad8c49918f,Tindahan ni Gloria - Muntinlupa,a8220584-6d07-583c-93d4-97cbb3aebe4e,a87e363d-04c2-5fe0-abdc-8924fa7bf1a1,"33 Purok 1 Street, Brgy. Bambang",Muntinlupa,Metro Manila,14.467896,120.9273,tier2_suburban,active,2025-01-31
658a0dac-8301-5979-8a2d-e6706358d4ec,Tindahan ni Carmen - Iloilo City,26b8a67d-393b-5a7f-881a-4e0bb3953f86,dd92fc02-23e6-54d1-8ade-4dc72b56055b,"176 Taft Avenue, Brgy. San Jose",Iloilo City,Iloilo,10.909127,123.920727,tier3_rural,active,2025-11-04
ce7b97f5-df91-5236-a502-770b786b89e8,Tindahan ni Erlinda - Cagayan de Oro,52a8d9ee-cb08-52bc-a0c2-c3e4aa5d00e7,be3107b0-7566-55ce-95b2-c6139ff216c6,"89 Colon Street, Brgy. Ugong",Cagayan de Oro,Misamis Oriental,7.193528,125.698699,tier3_rural,active,2025-03-17
e870a468-733a-59a7-9f6a-e997737766e3,Teresa's Sari-Sari - Imus,07a16421-a2c8-5370-8b38-df901ea031a9,df62ff79-4b9c-5a75-8bd4-eb2c86e9c598,"286 Rizal Street, Brgy. Kamuning",Imus,Cavite,15.315325,120.573996,tier2_suburban,active,2026-05-19
e83864e6-07f4-5211-a4b3-2521570d7ea4,Tindahan ni Nelia - Pasig,f6321a97-df6a-5832-91fa-e0689fe0365b,28ac47f7-f1ce-5fc3-966a-5dcdd795fc26,"914 Gov. Drive, Brgy. Santo Niño",Pasig,Metro Manila,14.724126,121.07965,tier2_suburban,active,2026-07-07
998f4b20-a2cd-5811-b852-680e154e3370,Fernando Padala Center - Las Piñas,6c58c730-44a2-548f-99f8-37c7e3939ef0,a87e363d-04c2-5fe0-abdc-8924fa7bf1a1,"482 MacArthur Highway, Brgy. San Antonio",Las Piñas,Metro Manila,14.577709,120.978864,tier1_urban,active,2025-08-13
9650ad8e-ef6a-5f37-a5e4-f6691a8324fb,Mang Rolando's Tindahan - Iloilo City,85509236-a071-58a8-be76-98526f104a93,dd92fc02-23e6-54d1-8ade-4dc72b56055b,"247 Mabini Street, Brgy. Ugong",Iloilo City,Iloilo,10.802463,123.938632,tier2_suburban,active,2026-06-01
03958e6b-9d1f-5ee2-ad79-05cb551f2f8b,Ricardo's Sari-Sari - Cagayan de Oro,70815ff6-99c9-5575-92f7-6855a865fd8f,be3107b0-7566-55ce-95b2-c6139ff216c6,"368 España Blvd, Brgy. San Jose",Cagayan de Oro,Misamis Oriental,7.288584,125.427219,tier2_suburban,at_risk,2026-04-15
76da179c-4d8c-522f-99fc-aa130e0c2abc,Fernando's Computer Shop - Malolos,5f513119-9849-59d8-b34a-2756848e3a7c,df62ff79-4b9c-5a75-8bd4-eb2c86e9c598,"166 Purok 1 Street, Brgy. Pinyahan",Malolos,Bulacan,15.400545,120.724186,tier1_urban,active,2024-10-04
3c825b3e-c310-59a5-acd2-7a5d9230cf79,Maria Drug Store - Parañaque,1530c981-74ca-557e-98a2-4662505355e1,28ac47f7-f1ce-5fc3-966a-5dcdd795fc26,"791 EDSA, Brgy. Kamuning",Parañaque,Metro Manila,14.505484,121.07431,tier2_suburban,churned,2025-11-05
b788ae1f-d5be-5ee9-b9cb-a14e4df00051,Erlinda Express - San Juan,8f9185f1-d65f-5083-950a-68d3559da972,a87e363d-04c2-5fe0-abdc-8924fa7bf1a1,"2 Provincial Road, Brgy. Poblacion",San Juan,Metro Manila,14.565464,121.03815,tier3_rural,active,2025-06-18
732c336e-8d4f-502a-bafe-f1a5f1aa1cd0,Ernesto Pisong Net - Lapu-Lapu,1b2288ee-86de-59c2-81f6-80154dfe8e55,dd92fc02-23e6-54d1-8ade-4dc72b56055b,"437 Aurora Blvd, Brgy. Bambang",Lapu-Lapu,Cebu,10.633948,123.958896,tier1_urban,at_risk,2026-04-14
8371403f-f987-56ac-973a-2b21e4d9d0cd,Lorna Padala Center - Zamboanga City,7b1840b9-bdd5-5ce6-b939-745fcf909bf7,be3107b0-7566-55ce-95b2-c6139ff216c6,"754 Bonifacio Avenue, Brgy. Ugong",Zamboanga City,Zamboanga del Sur,7.467193,125.602396,tier1_urban,active,2026-01-06
b55982ed-6be9-50e1-a716-216dc3b80a85,Tindahan ni Corazon - Bacoor,ea1d7394-bee2-5f76-b9b3-6e00e146b614,df62ff79-4b9c-5a75-8bd4-eb2c86e9c598,"375 Fuente Osmena, Brgy. Bambang",Bacoor,Cavite,14.828612,120.60993,tier3_rural,churned,2025-12-05
cf28a9f3-761a-5467-972a-6b74f4c284f4,Miguel's Computer Shop - Manila,a69e8a84-068f-5301-a6a8-667557e0c3a5,28ac47f7-f1ce-5fc3-966a-5dcdd795fc26,"575 Purok 1 Street, Brgy. San Jose",Manila,Metro Manila,14.491522,120.966986,tier3_rural,active,2026-06-08
efc30d35-191c-5323-9f6e-85fb10804386,Aling Carmen's Store - San Juan,314d870c-8c10-5b0d-bd0c-eba0b5f9aa15,a87e363d-04c2-5fe0-abdc-8924fa7bf1a1,"490 Gov. Drive, Brgy. San Jose",San Juan,Metro Manila,14.675952,121.052177,tier2_suburban,active,2025-03-24
dfd8191b-b887-5fbd-82b6-28453104ddd5,Luz's Mini Mart - Lapu-Lapu,b209d63f-6ab2-5f64-87dd-4019360789d1,dd92fc02-23e6-54d1-8ade-4dc72b56055b,"516 Barangay Road, Brgy. Kamuning",Lapu-Lapu,Cebu,10.421716,123.812674,tier2_suburban,active,2025-11-18
