id,outlet_id,product_id,status,activated_date
d9807fe1-9923-5ba9-b9d3-ce3b969b212a,64375d9c-4b5c-56d7-afec-88a80e128c44,0b4a6e3b-d5cd-5d10-87c4-ab6fda0aa831,active,2026-06-12
293290fd-4229-5087-abe6-bfc9c23d0ec6,64375d9c-4b5c-56d7-afec-88a80e128c44,018fefc2-38fb-5f92-8391-2fe032547753,active,2026-05-18
e09b2bad-786e-5d93-8233-db8b3b309fa3,64375d9c-4b5c-56d7-afec-88a80e128c44,4b343160-5928-5bdb-83ef-2c0f9faba1dd,inactive,2026-04-15
d1e6a12b-56c7-5280-b5b3-c49f5d4f1e17,ebf3f030-639e-5ef4-8c63-5a827b9d67f8,0b4a6e3b-d5cd-5d10-87c4-ab6fda0aa831,active,2026-04-06
a38a5276-a845-5f63-9367-ae570164dcb1,ebf3f030-639e-5ef4-8c63-5a827b9d67f8,018fefc2-38fb-5f92-8391-2fe032547753,active,2025-10-16
7ce03fcc-beb2-5ac6-a5ef-5a61bd96ef95,ebf3f030-639e-5ef4-8c63-5a827b9d67f8,a9db23aa-1685-5f58-8beb-3c1c13702b6a,pending,2026-08-19
289f852b-1b7f-57a6-8794-33c153d9c308,ebf3f030-639e-5ef4-8c63-5a827b9d67f8,868b1dbf-370d-5142-be8c-5a80dfad818d,active,2025-12-05
dce7f9ab-25c4-55d0-b814-46eaf16ccb4e,ebf3f030-639e-5ef4-8c63-5a827b9d67f8,4b343160-5928-5bdb-83ef-2c0f9faba1dd,active,2026-02-27
810f43e3-39e2-5685-af38-8babe4fe2bdb,ebf3f030-639e-5ef4-8c63-5a827b9d67f8,f080ca1b-6cb2-5242-98ed-4612ac098b94,pending,2026-05-03
8688fa2c-25c7-5bb1-8c8b-08da244cbf47,ebf3f030-639e-5ef4-8c63-5a827b9d67f8,fc407d89-26e4-55ce-a2dc-fdae931500f1,pending,2026-08-20
c5dd483a-8181-5ab8-97af-352007e4073c,ebf3f030-639e-5ef4-8c63-5a827b9d67f8,69d2e248-598e-501c-a2eb-fb4fb8ccf487,active,2026-05-01
fb1cd297-bc95-5bc6-92a8-0da6620c2462,66d5a328-8eb1-5975-be4b-a35975328fcb,0b4a6e3b-d5cd-5d10-87c4-ab6fda0aa831,pending,2026-05-25
dcbd4bc0-abbc-5362-92b9-355b11a8d829,66d5a328-8eb1-5975-be4b-a35975328fcb,018fefc2-38fb-5f92-8391-2fe032547753,active,2026-06-06
f7411bb4-c274-5246-8f66-4d83324d43fc,66d5a328-8eb1-5975-be4b-a35975328fcb,868b1dbf-370d-5142-be8c-5a80dfad818d,active,2025-10-04
8c28d12d-1b85-58bd-b777-07782d885fdf,66d5a328-8eb1-5975-be4b-a35975328fcb,fc407d89-26e4-55ce-a2dc-fdae931500f1,active,2026-03-05
1f7cb6e0-9605-5a3d-9914-415bce5d5afa,66d5a328-8eb1-5975-be4b-a35975328fcb,4b343160-5928-5bdb-83ef-2c0f9faba1dd,active,2025-09-23
f4271b4f-85c5-58a7-a06e-e93fd9c89eb1,b9dfddd7-6ab6-5fb8-97df-7a83266a2dbf,0b4a6e3b-d5cd-5d10-87c4-ab6fda0aa831,active,2026-01-14
5af87df6-b00d-5645-a40d-ed8ebd4c294f,b9dfddd7-6ab6-5fb8-97df-7a83266a2dbf,018fefc2-38fb-5f92-8391-2fe032547753,active,2026-03-25
52f93b5e-3434-5363-99ea-c0ea7f36ed80,b9dfddd7-6ab6-5fb8-97df-7a83266a2dbf,0a1506ca-ede6-548b-91b8-0730277089b0,active,2026-07-09
9d4681b4-e749-5ee2-b76f-4f0a9411d75c,b9dfddd7-6ab6-5fb8-97df-7a83266a2dbf,69d2e248-598e-501c-a2eb-fb4fb8ccf487,inactive,2025-10-26
fd937d85-6cbf-583b-8279-400f4d08f1ed,b9dfddd7-6ab6-5fb8-97df-7a83266a2dbf,a9db23aa-1685-5f58-8beb-3c1c13702b6a,active,2026-01-16
fecf3206-a1c5-5ff2-9b39-2b23a74f058e,b9dfddd7-6ab6-5fb8-97df-7a83266a2dbf,fc407d89-26e4-55ce-a2dc-fdae931500f1,active,2025-11-12
dd124fc9-40de-5bdf-8b50-5f12639678ac,89af9edf-f3db-5349-bcb3-f9c543399d2f,0b4a6e3b-d5cd-5d10-87c4-ab6fda0aa831,active,2025-09-30
bfadf12c-7a1b-5889-a067-846785906b57,89af9edf-f3db-5349-bcb3-f9c543399d2f,018fefc2-38fb-5f92-8391-2fe032547753,active,2025-10-05
e4b38a79-91db-5f10-8f05-7c879b433c77,89af9edf-f3db-5349-bcb3-f9c543399d2f,f080ca1b-6cb2-5242-98ed-4612ac098b94,active,2025-12-30
617966d8-bfe6-5998-b6a0-944fc13a97d5,89af9edf-f3db-5349-bcb3-f9c543399d2f,69d2e248-598e-501c-a2eb-fb4fb8ccf487,active,2026-07-15
ee400384-2fc9-556a-9066-04af6a2722b8,21c5f5ce-b3d2-5d73-a06e-3d9b872b6ed4,0b4a6e3b-d5cd-5d10-87c4-ab6fda0aa831,active,2026-05-16
10bf7a36-50e9-5a71-b257-0f386529730d,21c5f5ce-b3d2-5d73-a06e-3d9b872b6ed4,018fefc2-38fb-5f92-8391-2fe032547753,active,2026-05-11
e32fc5ea-b1b7-5f29-a71a-7088289fc109,21c5f5ce-b3d2-5d73-a06e-3d9b872b6ed4,4b343160-5928-5bdb-83ef-2c0f9faba1dd,active,2026-01-04
5710dd34-459d-56ae-a5e9-dc8ad2501568,21c5f5ce-b3d2-5d73-a06e-3d9b872b6ed4,fc407d89-26e4-55ce-a2dc-fdae931500f1,active,2026-04-25
88e34c20-999b-5aca-9eba-56e74e146751,d8a14285-5274-5cc4-95ff-7c11b6346a04,0b4a6e3b-d5cd-5d10-87c4-ab6fda0aa831,active,2026-03-06
6cc66a8a-c34b-5a8c-ad63-9868afa4889c,d8a14285-5274-5cc4-95ff-7c11b6346a04,018fefc2-38fb-5f92-8391-2fe032547753,active,2026-06-10
c8408d27-1663-55e6-8212-50dbf43b94a9,d8a14285-5274-5cc4-95ff-7c11b6346a04,4b343160-5928-5bdb-83ef-2c0f9faba1dd,inactive,2026-08-22
a56ae21a-630e-5aaa-96ed-b847abbe406f,d8a14285-5274-5cc4-95ff-7c11b6346a04,9502494a-7b3f-5213-8df6-4e5e5e22101f,active,2025-10-23
c0c38516-8c8a-5db5-acb4-d56e0d387073,d8a14285-5274-5cc4-95ff-7c11b6346a04,f080ca1b-6cb2-5242-98ed-4612ac098b94,active,2026-07-25
8e6c5c44-fc4e-5a93-8fe3-d2ba6f2046b2,d8a14285-5274-5cc4-95ff-7c11b6346a04,69d2e248-598e-501c-a2eb-fb4fb8ccf487,active,2026-03-19
4d1b00ca-dd9a-52e1-a318-e220ddb42e7d,d8a14285-5274-5cc4-95ff-7c11b6346a04,fc407d89-26e4-55ce-a2dc-fdae931500f1,active,2026-07-06
52a938da-6bf5-539a-ace3-8fab6fe39de7,d8a14285-5274-5cc4-95ff-7c11b6346a04,a9db23aa-1685-5f58-8beb-3c1c13702b6a,active,2025-09-24
d7fa750a-a09e-5c19-a553-b0f5ca701ecb,c374b78a-8385-5dbd-ab1e-726563b1014c,0b4a6e3b-d5cd-5d10-87c4-ab6fda0aa831,active,2026-01-20
ec3d0701-8951-5ad2-851b-53900d0d9aea,c374b78a-8385-5dbd-ab1e-726563b1014c,018fefc2-38fb-5f92-8391-2fe032547753,active,2026-04-14
62536118-5f48-53f7-a30e-092fac2a1ca0,c374b78a-8385-5dbd-ab1e-726563b1014c,4b343160-5928-5bdb-83ef-2c0f9faba1dd,active,2026-08-21
e053a46f-a81e-5cf8-a10d-651fa8bcdf6d,c374b78a-8385-5dbd-ab1e-726563b1014c,0a1506ca-ede6-548b-91b8-0730277089b0,active,2026-04-16
99139f42-dcca-5d81-92c4-09e2cc2dff4a,c374b78a-8385-5dbd-ab1e-726563b1014c,f080ca1b-6cb2-5242-98ed-4612ac098b94,active,2026-08-03
999f99d5-10c9-53fd-891c-301b16fb3680,c374b78a-8385-5dbd-ab1e-726563b1014c,69d2e248-598e-501c-a2eb-fb4fb8ccf487,active,2026-03-27
86aa6ff2-1b96-5cca-b42e-c77a8699c3b5,c374b78a-8385-5dbd-ab1e-726563b1014c,fc407d89-26e4-55ce-a2dc-fdae931500f1,active,2026-06-29
78eff5e0-5b98-5cac-8e87-80473ed5e596,c374b78a-8385-5dbd-ab1e-726563b1014c,a9db23aa-1685-5f58-8beb-3c1c13702b6a,inactive,2026-05-16
adddf771-4c88-5b76-89b1-1eb79d923580,9cf0258b-b196-5323-8d6c-3eccbf473c3f,0b4a6e3b-d5cd-5d10-87c4-ab6fda0aa831,active,2026-07-24
f8ae4f61-9b4b-544f-af56-980cee028c68,9cf0258b-b196-5323-8d6c-3eccbf473c3f,018fefc2-38fb-5f92-8391-2fe032547753,active,2026-05-03
5f338e75-b34d-5001-afad-74867f14ccb8,9cf0258b-b196-5323-8d6c-3eccbf473c3f,9502494a-7b3f-5213-8df6-4e5e5e22101f,active,2025-11-29
2b8322d9-8721-5d92-8cb8-164fca0cf413,9cf0258b-b196-5323-8d6c-3eccbf473c3f,f080ca1b-6cb2-5242-98ed-4612ac098b94,active,2026-02-28
d99c35b9-ca36-56ec-aed2-2ff3a190f855,9cf0258b-b196-5323-8d6c-3eccbf473c3f,4b343160-5928-5bdb-83ef-2c0f9faba1dd,active,2026-02-04
1a974535-e421-56cd-8a8c-ebc1c70d63af,9cf0258b-b196-5323-8d6c-3eccbf473c3f,69d2e248-598e-501c-a2eb-fb4fb8ccf487,active,2025-09-28
83003b60-d045-5305-ab0d-7b84c2e99380,9cf0258b-b196-5323-8d6c-3eccbf473c3f,a9db23aa-1685-5f58-8beb-3c1c13702b6a,active,2026-07-02
a84a7bea-e077-521f-a597-202c0017160d,9cf0258b-b196-5323-8d6c-3eccbf473c3f,fc407d89-26e4-55ce-a2dc-fdae931500f1,active,2026-01-22
a64fa451-af57-54bb-8c83-88f25d245e0f,b2ee80b3-73ea-5139-805e-52812d1d5c0b,0b4a6e3b-d5cd-5d10-87c4-ab6fda0aa831,active,2025-10-08
d1be4499-96a0-59a6-9a2e-6ba38ecf18a4,b2ee80b3-73ea-5139-805e-52812d1d5c0b,018fefc2-38fb-5f92-8391-2fe032547753,active,2026-01-18
6d849f7c-2392-5f88-a662-610e84bd9186,b2ee80b3-73ea-5139-805e-52812d1d5c0b,868b1dbf-370d-5142-be8c-5a80dfad818d,pending,2025-11-28
e8c31e20-89d1-5262-953d-4d9be14671d1,b2ee80b3-73ea-5139-805e-52812d1d5c0b,69d2e248-598e-501c-a2eb-fb4fb8ccf487,active,2025-09-20
7c051c33-79d5-5180-9e32-a54bde730e6d,b2ee80b3-73ea-5139-805e-52812d1d5c0b,fc407d89-26e4-55ce-a2dc-fdae931500f1,active,2025-09-18
889af63f-6ae7-5fd8-bdde-7ccc151285f1,b2ee80b3-73ea-5139-805e-52812d1d5c0b,f080ca1b-6cb2-5242-98ed-4612ac098b94,active,2025-12-05
a8259725-899d-5e55-a6c7-a5f84241da37,b2ee80b3-73ea-5139-805e-52812d1d5c0b,9502494a-7b3f-5213-8df6-4e5e5e22101f,active,2026-08-11
d8bf59ab-f329-591f-831a-25656491ed9f,b2ee80b3-73ea-5139-805e-52812d1d5c0b,a9db23aa-1685-5f58-8beb-3c1c13702b6a,active,2026-04-24
0629db56-fc83-54ae-9743-884ff878425d,b9f302ee-4c36-582b-92c9-ed71368ecdc4,0b4a6e3b-d5cd-5d10-87c4-ab6fda0aa831,inactive,2026-08-02
0553144e-f7b5-58a8-bbc0-ad18f6a17529,b9f302ee-4c36-582b-92c9-ed71368ecdc4,018fefc2-38fb-5f92-8391-2fe032547753,active,2026-03-12
1870f641-baa6-5820-808b-6781ed30a1a8,b9f302ee-4c36-582b-92c9-ed71368ecdc4,f080ca1b-6cb2-5242-98ed-4612ac098b94,active,2025-10-27
ba122e7a-407d-54ff-9f8e-0c00f99c8791,43053a5a-68ac-562d-8179-906560683723,0b4a6e3b-d5cd-5d10-87c4-ab6fda0aa831,active,2026-05-14
e851a0d0-ec01-5366-96c4-2efe1492f6ff,43053a5a-68ac-562d-8179-906560683723,018fefc2-38fb-5f92-8391-2fe032547753,active,2025-09-06
4b9852d0-d958-5e5c-9845-0e7f0d3fd8a6,43053a5a-68ac-562d-8179-906560683723,69d2e248-598e-501c-a2eb-fb4fb8ccf487,active,2026-03-22
df454c0c-a32e-5f6a-9f50-b1715d263697,43053a5a-68ac-562d-8179-906560683723,f080ca1b-6cb2-5242-98ed-4612ac098b94,active,2025-10-22
35f27224-c506-5610-a450-79f3df8514c9,43053a5a-68ac-562d-8179-906560683723,4b343160-5928-5bdb-83ef-2c0f9faba1dd,active,2025-12-25
bd068fad-0dc8-5fa6-a6b5-b81d029e88fd,43053a5a-68ac-562d-8179-906560683723,9502494a-7b3f-5213-8df6-4e5e5e22101f,active,2026-03-08
0a6c5adb-5a45-584f-9534-5d45767ba371,43053a5a-68ac-562d-8179-906560683723,a9db23aa-1685-5f58-8beb-3c1c13702b6a,inactive,2025-12-17
7cd042ed-238b-507e-a99a-7584676c7fc4,2845093a-3515-532c-90da-051c95e9baf8,0b4a6e3b-d5cd-5d10-87c4-ab6fda0aa831,active,2026-07-12
e379aa3c-7c9b-5c7b-9a40-05eb1b0f102e,2845093a-3515-532c-90da-051c95e9baf8,018fefc2-38fb-5f92-8391-2fe032547753,inactive,2025-12-01
8955b63a-d41e-5871-ad81-aebe45726c6c,2845093a-3515-532c-90da-051c95e9baf8,9502494a-7b3f-5213-8df6-4e5e5e22101f,inactive,2026-02-13
0b0fb62d-7f09-5340-baa1-9025aede9117,d59e6887-1c3d-5cb0-b4ad-0752bfdc39fc,0b4a6e3b-d5cd-5d10-87c4-ab6fda0aa831,active,2026-03-26
66d3ee46-3e63-5b90-bfc2-d14d40a2214f,d59e6887-1c3d-5cb0-b4ad-0752bfdc39fc,018fefc2-38fb-5f92-8391-2fe032547753,active,2026-05-02
0f8fad2d-8003-569c-a039-88d10b8fb307,d59e6887-1c3d-5cb0-b4ad-0752bfdc39fc,9502494a-7b3f-5213-8df6-4e5e5e22101f,active,2026-06-26
097c8f4a-a024-5355-a3f6-ee3611473a6f,d59e6887-1c3d-5cb0-b4ad-0752bfdc39fc,a9db23aa-1685-5f58-8beb-3c1c13702b6a,active,2026-02-20
9b730b52-22a5-5dc3-bbf9-5cb332205dad,d59e6887-1c3d-5cb0-b4ad-0752bfdc39fc,868b1dbf-370d-5142-be8c-5a80dfad818d,active,2026-06-29
2743748c-3297-5749-bd19-f7fcc72196d6,5cb5f68d-dbf0-5c90-9e6c-e13a3464fb8f,0b4a6e3b-d5cd-5d10-87c4-ab6fda0aa831,active,2026-04-14
94a31af6-76fb-5a40-9174-25e2782cff4e,5cb5f68d-dbf0-5c90-9e6c-e13a3464fb8f,018fefc2-38fb-5f92-8391-2fe032547753,pending,2026-03-04
231d5d7e-92fa-5f3e-8af0-f7073dbd7fcd,5cb5f68d-dbf0-5c90-9e6c-e13a3464fb8f,69d2e248-598e-501c-a2eb-fb4fb8ccf487,active,2025-10-20
9347283a-91cf-5e6e-97b8-e0483306e1df,5cb5f68d-dbf0-5c90-9e6c-e13a3464fb8f,9502494a-7b3f-5213-8df6-4e5e5e22101f,active,2025-09-24
c5532f5c-4b74-54f4-aea1-94dd89a9b2de,5cb5f68d-dbf0-5c90-9e6c-e13a3464fb8f,fc407d89-26e4-55ce-a2dc-fdae931500f1,active,2025-11-06
f55a93e5-7d3c-5fc7-9af4-dbac2816034a,7f62d1a5-59cf-5ac5-b66e-24f5660b9686,0b4a6e3b-d5cd-5d10-87c4-ab6fda0aa831,active,2025-10-30
e7791e9b-2653-572d-bf42-13ba2419d977,7f62d1a5-59cf-5ac5-b66e-24f5660b9686,018fefc2-38fb-5f92-8391-2fe032547753,active,2026-02-03
a52ce6bd-faf7-5433-9501-cefca460dbef,7f62d1a5-59cf-5ac5-b66e-24f5660b9686,4b343160-5928-5bdb-83ef-2c0f9faba1dd,active,2026-05-30
738d8c09-3c91-5ec4-99c8-95325736199c,7f62d1a5-59cf-5ac5-b66e-24f5660b9686,868b1dbf-370d-5142-be8c-5a80dfad818d,pending,2025-12-03
5a18a332-a718-54ee-a74f-3d79370edd7d,7f62d1a5-59cf-5ac5-b66e-24f5660b9686,9502494a-7b3f-5213-8df6-4e5e5e22101f,inactive,2025-12-31
c5397ae7-6abc-5d52-bada-1bf9ac08f66e,7f62d1a5-59cf-5ac5-b66e-24f5660b9686,f080ca1b-6cb2-5242-98ed-4612ac098b94,pending,2026-05-04
33c06a4c-3b81-582b-91e3-3cf582996ab8,59e64bea-9720-5d74-82b3-275489371706,0b4a6e3b-d5cd-5d10-87c4-ab6fda0aa831,pending,2026-05-19
8a49ccc4-0cde-5c41-aaea-005277b29a96,59e64bea-9720-5d74-82b3-275489371706,018fefc2-38fb-5f92-8391-2fe032547753,active,2025-09-22
2218d70b-6247-5f85-a1f6-1e13296d5fe2,59e64bea-9720-5d74-82b3-275489371706,fc407d89-26e4-55ce-a2dc-fdae931500f1,active,2025-11-17
fda3fb2d-9b2f-57b6-a9c5-6f1235e9e176,59e64bea-9720-5d74-82b3-275489371706,f080ca1b-6cb2-5242-98ed-4612ac098b94,pending,2026-04-15
818214ef-6906-5391-8673-40c78a629ac6,59e64bea-9720-5d74-82b3-275489371706,868b1dbf-370d-5142-be8c-5a80dfad818d,active,2026-05-18
0174113c-3a19-50ed-89c2-5310f4fad6f9,0b27d62a-700a-5cb1-bb9d-2236759107cf,0b4a6e3b-d5cd-5d10-87c4-ab6fda0aa831,active,2026-01-15
5fd7d4c0-a98b-5ed0-9e4b-4a680ecb7eaa,0b27d62a-700a-5cb1-bb9d-2236759107cf,018fefc2-38fb-5f92-8391-2fe032547753,inactive,2025-12-02
23c6acfd-faaa-5c53-8756-efc6e2a7433b,0b27d62a-700a-5cb1-bb9d-2236759107cf,4b343160-5928-5bdb-83ef-2c0f9faba1dd,active,2026-01-31
6143b202-bd95-5223-9849-4ba7c1052e9b,0b27d62a-700a-5cb1-bb9d-2236759107cf,868b1dbf-370d-5142-be8c-5a80dfad818d,active,2025-11-04
5f547764-a109-57c3-b7af-beeddd6a1ecc,0b27d62a-700a-5cb1-bb9d-2236759107cf,69d2e248-598e-501c-a2eb-fb4fb8ccf487,active,2026-01-08
bfc69117-7eaa-5c09-92ac-296005fb31ff,9030d083-9e8b-5741-89ea-e73efe284f44,0b4a6e3b-d5cd-5d10-87c4-ab6fda0aa831,active,2026-01-25
83c2242e-b361-5e70-84ea-375b4c2fc908,9030d083-9e8b-5741-89ea-e73efe284f44,018fefc2-38fb-5f92-8391-2fe032547753,active,2026-07-23
a13f5f4a-8037-5ca3-90c0-26ca8f8e4d29,9030d083-9e8b-5741-89ea-e73efe284f44,0a1506ca-ede6-548b-91b8-0730277089b0,inactive,2025-09-25
1ab90e2e-efd3-5a81-bbf5-339208a351e9,a0950ab7-a898-57b4-b91b-7881080f21db,0b4a6e3b-d5cd-5d10-87c4-ab6fda0aa831,active,2026-04-12
8c33f08b-c30e-5215-b20c-5ccf030d426e,a0950ab7-a898-57b4-b91b-7881080f21db,018fefc2-38fb-5f92-8391-2fe032547753,active,2026-07-07
0329cbab-d078-5515-a44f-2d812b2945e0,a0950ab7-a898-57b4-b91b-7881080f21db,a9db23aa-1685-5f58-8beb-3c1c13702b6a,active,2026-01-08
138fa1ab-acb0-5af0-ae89-57f15d739e37,1c24d5fc-99e1-5493-be8a-427bdb5b3396,0b4a6e3b-d5cd-5d10-87c4-ab6fda0aa831,active,2026-02-19
b6de7503-5873-5671-948a-e215fe0169f7,1c24d5fc-99e1-5493-be8a-427bdb5b3396,018fefc2-38fb-5f92-8391-2fe032547753,active,2025-10-27
2bf2697b-c8dc-5f1e-9d2c-8df341175a72,1c24d5fc-99e1-5493-be8a-427bdb5b3396,868b1dbf-370d-5142-be8c-5a80dfad818d,active,2025-12-23
8845aacc-c1a0-5918-b7ef-13109b66bddf,1c24d5fc-99e1-5493-be8a-427bdb5b3396,a9db23aa-1685-5f58-8beb-3c1c13702b6a,active,2026-02-26
049e177c-0bae-59f7-aa77-d5e19a56c0dd,1c24d5fc-99e1-5493-be8a-427bdb5b3396,f080ca1b-6cb2-5242-98ed-4612ac098b94,active,2026-05-20
cd906df2-8cdc-5b5a-99b6-bf90942cb20c,1c24d5fc-99e1-5493-be8a-427bdb5b3396,fc407d89-26e4-55ce-a2dc-fdae931500f1,active,2025-10-06
686b1f97-2cb7-5851-9d83-14da0103ecdd,47622b2b-94cf-5a83-aaaf-ada5db27d918,0b4a6e3b-d5cd-5d10-87c4-ab6fda0aa831,active,2026-04-20
6e682360-6868-5f01-bbfc-1a96dac62e67,47622b2b-94cf-5a83-aaaf-ada5db27d918,018fefc2-38fb-5f92-8391-2fe032547753,active,2026-02-20
4a4e95d5-b065-5cd9-bb58-d182364b5e75,47622b2b-94cf-5a83-aaaf-ada5db27d918,69d2e248-598e-501c-a2eb-fb4fb8ccf487,active,2025-10-02
6d642b52-5171-551c-82a9-c32a10385f19,47622b2b-94cf-5a83-aaaf-ada5db27d918,fc407d89-26e4-55ce-a2dc-fdae931500f1,active,2025-12-19
07c724ef-c76a-55bc-9364-23df70466a4d,1aeb76e0-3ea0-5030-9141-833d646ae88c,0b4a6e3b-d5cd-5d10-87c4-ab6fda0aa831,pending,2026-05-13
cd122258-170a-5f70-a0b5-6ce5ed2dc0f7,1aeb76e0-3ea0-5030-9141-833d646ae88c,018fefc2-38fb-5f92-8391-2fe032547753,active,2025-09-06
1e5db167-b2c3-5eca-8f13-56c1e3bdccf9,1aeb76e0-3ea0-5030-9141-833d646ae88c,69d2e248-598e-501c-a2eb-fb4fb8ccf487,inactive,2026-06-23
7d7cfda4-20c7-5ac2-9a60-4d841d2e75e0,fc7c125d-137b-528f-b061-c94c52ed635a,0b4a6e3b-d5cd-5d10-87c4-ab6fda0aa831,active,2026-04-05
17fc06fd-4e9b-5fa9-be72-7f91684239ad,fc7c125d-137b-528f-b061-c94c52ed635a,018fefc2-38fb-5f92-8391-2fe032547753,active,2026-01-01
75fb4a31-63a7-526b-9fbd-51e2569d136f,fc7c125d-137b-528f-b061-c94c52ed635a,868b1dbf-370d-5142-be8c-5a80dfad818d,active,2026-07-22
82a855ff-59d5-5069-bed4-8957fb8fcf4c,fc7c125d-137b-528f-b061-c94c52ed635a,69d2e248-598e-501c-a2eb-fb4fb8ccf487,inactive,2025-12-24
32481a04-d10e-5764-bd34-576cd90d5d0d,fc7c125d-137b-528f-b061-c94c52ed635a,4b343160-5928-5bdb-83ef-2c0f9faba1dd,active,2026-06-17
44fb5c9b-6e63-5911-94c5-36c267b0c39d,fc7c125d-137b-528f-b061-c94c52ed635a,f080ca1b-6cb2-5242-98ed-4612ac098b94,active,2025-10-29
5a6305be-80b1-548b-862d-fd86beb8affd,e457356b-7004-5bbf-a601-22e251c8ef03,0b4a6e3b-d5cd-5d10-87c4-ab6fda0aa831,active,2026-03-10
5ea426df-41b1-5833-9443-e416770629a6,e457356b-7004-5bbf-a601-22e251c8ef03,018fefc2-38fb-5f92-8391-2fe032547753,pending,2026-02-05
21ed1b10-2745-5e67-becf-95c67e4bbb44,e457356b-7004-5bbf-a601-22e251c8ef03,0a1506ca-ede6-548b-91b8-0730277089b0,active,2025-12-26
e6c32f70-d9cc-5630-869e-d7f3402fef71,e457356b-7004-5bbf-a601-22e251c8ef03,868b1dbf-370d-5142-be8c-5a80dfad818d,active,2026-03-16
4e520fba-5a06-5cd4-a4dc-36cae1379912,a15fd7a2-dad1-5c57-ad76-5079b4ffa2a0,0b4a6e3b-d5cd-5d10-87c4-ab6fda0aa831,pending,2025-12-01
93bd99a4-959b-5fc7-8dc1-5f4723738649,a15fd7a2-dad1-5c57-ad76-5079b4ffa2a0,018fefc2-38fb-5f92-8391-2fe032547753,active,2026-03-23
c091ac26-341e-5eff-9da5-c27e2acb5596,a15fd7a2-dad1-5c57-ad76-5079b4ffa2a0,4b343160-5928-5bdb-83ef-2c0f9faba1dd,active,2025-11-12
69292fe3-bfdb-5c7e-b15c-32b486d2f376,a15fd7a2-dad1-5c57-ad76-5079b4ffa2a0,fc407d89-26e4-55ce-a2dc-fdae931500f1,inactive,2025-10-01
0bb2372f-b922-5667-be30-9c7910437877,a15fd7a2-dad1-5c57-ad76-5079b4ffa2a0,868b1dbf-370d-5142-be8c-5a80dfad818d,active,2026-05-27
67e44157-acbd-5622-9cc4-591afa634837,a15fd7a2-dad1-5c57-ad76-5079b4ffa2a0,f080ca1b-6cb2-5242-98ed-4612ac098b94,active,2026-08-25
88acf777-0847-5d81-a1fe-3a7a25e0e277,a15fd7a2-dad1-5c57-ad76-5079b4ffa2a0,0a1506ca-ede6-548b-91b8-0730277089b0,active,2026-01-11
e7b7843a-6733-5aaf-8450-6bd55decd217,a15fd7a2-dad1-5c57-ad76-5079b4ffa2a0,69d2e248-598e-501c-a2eb-fb4fb8ccf487,active,2026-03-04
c0f3a91f-c47d-5f80-829d-0fd1ce79cd6f,25a51d4a-e1c0-5a85-b455-e9da122a752a,0b4a6e3b-d5cd-5d10-87c4-ab6fda0aa831,active,2025-12-04
8793f82d-a529-5e61-9ca5-3c0efdf30bd1,25a51d4a-e1c0-5a85-b455-e9da122a752a,018fefc2-38fb-5f92-8391-2fe032547753,active,2025-11-03
cb626e22-bbdd-539f-af77-31d18e3d1958,25a51d4a-e1c0-5a85-b455-e9da122a752a,0a1506ca-ede6-548b-91b8-0730277089b0,active,2026-07-09
77f6b0da-5e05-5596-bc1c-c4cac1d60578,25a51d4a-e1c0-5a85-b455-e9da122a752a,4b343160-5928-5bdb-83ef-2c0f9faba1dd,active,2026-02-22
e34161dc-e9e3-5934-b9c6-901e53046036,25a51d4a-e1c0-5a85-b455-e9da122a752a,f080ca1b-6cb2-5242-98ed-4612ac098b94,active,2026-07-28
75fb8699-a557-5b7c-9334-dc837c924690,25a51d4a-e1c0-5a85-b455-e9da122a752a,fc407d89-26e4-55ce-a2dc-fdae931500f1,inactive,2025-10-09
2468aa0d-77fb-55b7-b81d-f40ee0b65213,02f0b9ea-ad84-56aa-9c8c-57305266ecd3,0b4a6e3b-d5cd-5d10-87c4-ab6fda0aa831,active,2026-05-11
4604a1c2-77e2-54e0-a936-c3e6f1749f0b,02f0b9ea-ad84-56aa-9c8c-57305266ecd3,018fefc2-38fb-5f92-8391-2fe032547753,active,2025-12-23
065ce711-29cd-529d-83e6-aa3ddb77b09c,02f0b9ea-ad84-56aa-9c8c-57305266ecd3,9502494a-7b3f-5213-8df6-4e5e5e22101f,inactive,2025-11-20
d46994b1-651a-548b-a7fc-2c1032d56082,02f0b9ea-ad84-56aa-9c8c-57305266ecd3,0a1506ca-ede6-548b-91b8-0730277089b0,active,2026-02-28
95fc8a79-d7c2-540e-a1e3-0780bc40627e,f54ee33a-a490-55e7-bcfe-bbd885822d51,0b4a6e3b-d5cd-5d10-87c4-ab6fda0aa831,active,2026-06-04
1076a307-3aa8-591d-bd3d-ec8e10f24604,f54ee33a-a490-55e7-bcfe-bbd885822d51,018fefc2-38fb-5f92-8391-2fe032547753,inactive,2025-09-29
ad9e44f4-5fb7-551b-8526-139bb1fc28e5,f54ee33a-a490-55e7-bcfe-bbd885822d51,a9db23aa-1685-5f58-8beb-3c1c13702b6a,active,2026-01-03
76f3be46-79ec-5136-9a56-1aaa12361246,f54ee33a-a490-55e7-bcfe-bbd885822d51,0a1506ca-ede6-548b-91b8-0730277089b0,active,2025-10-29
f759c428-37db-55bb-a670-d1403464829e,f54ee33a-a490-55e7-bcfe-bbd885822d51,868b1dbf-370d-5142-be8c-5a80dfad818d,active,2025-10-05
98e41016-acb6-5ef4-ae41-4bdf48e0e5cf,a0295c91-6ad1-5337-945c-ba96a1de75ec,0b4a6e3b-d5cd-5d10-87c4-ab6fda0aa831,active,2025-09-06
d00c8141-a0c0-51ea-b001-be9c7ccc6af3,a0295c91-6ad1-5337-945c-ba96a1de75ec,018fefc2-38fb-5f92-8391-2fe032547753,active,2025-11-24
cc61be0a-cf6c-59da-b4ec-8b9772417495,a0295c91-6ad1-5337-945c-ba96a1de75ec,a9db23aa-1685-5f58-8beb-3c1c13702b6a,active,2026-04-07
48a07666-0e0f-5298-a269-372926465bf1,a0295c91-6ad1-5337-945c-ba96a1de75ec,f080ca1b-6cb2-5242-98ed-4612ac098b94,active,2026-05-25
2165a947-66f6-539e-8f4b-37fcadec0db9,a0295c91-6ad1-5337-945c-ba96a1de75ec,868b1dbf-370d-5142-be8c-5a80dfad818d,active,2025-09-15
f71474ad-77e0-543d-a461-c17a4441735b,1a07a8b5-5569-5ae0-9183-8238c7a3624c,0b4a6e3b-d5cd-5d10-87c4-ab6fda0aa831,active,2026-02-03
fa2c1f6b-956a-589e-beed-bab6b8a66272,1a07a8b5-5569-5ae0-9183-8238c7a3624c,018fefc2-38fb-5f92-8391-2fe032547753,active,2026-07-21
a848789e-0837-5ee1-a65d-f14ebb01d2e6,1a07a8b5-5569-5ae0-9183-8238c7a3624c,f080ca1b-6cb2-5242-98ed-4612ac098b94,active,2025-10-22
c8ab854d-29b1-54ba-9000-1ba684244042,1a07a8b5-5569-5ae0-9183-8238c7a3624c,9502494a-7b3f-5213-8df6-4e5e5e22101f,active,2025-09-16
ee3c1134-0343-587a-a4cd-0827497a48ba,1a07a8b5-5569-5ae0-9183-8238c7a3624c,868b1dbf-370d-5142-be8c-5a80dfad818d,active,2026-03-04
26caeba7-6ca2-5785-9c55-898ce29b3e13,1a07a8b5-5569-5ae0-9183-8238c7a3624c,69d2e248-598e-501c-a2eb-fb4fb8ccf487,active,2026-07-07
8258573c-9cfb-509b-9c3f-41762fa6ec56,1a07a8b5-5569-5ae0-9183-8238c7a3624c,4b343160-5928-5bdb-83ef-2c0f9faba1dd,active,2026-03-19
e79f0419-86ac-51ac-bf6c-555b897ddf44,1a07a8b5-5569-5ae0-9183-8238c7a3624c,0a1506ca-ede6-548b-91b8-0730277089b0,inactive,2026-01-17
ae395e78-13fe-5104-ab4e-d2e1f1716b2c,00ad044e-c101-5f75-83ea-3c17282f2357,0b4a6e3b-d5cd-5d10-87c4-ab6fda0aa831,active,2026-06-25
ab694a8e-3932-505c-a5e5-4a88aaf2ff73,00ad044e-c101-5f75-83ea-3c17282f2357,018fefc2-38fb-5f92-8391-2fe032547753,active,2026-01-27
bc3a1e71-3faf-5595-9b3e-ab523a331a0e,00ad044e-c101-5f75-83ea-3c17282f2357,4b343160-5928-5bdb-83ef-2c0f9faba1dd,active,2026-07-20
3b20650d-f10e-5424-b35f-8ac0253cdf90,6d2ea7cb-0c6c-5a84-bfcb-5400bb49905d,0b4a6e3b-d5cd-5d10-87c4-ab6fda0aa831,active,2026-06-05
f06a22eb-ff73-5548-9421-fc1dd23df37c,6d2ea7cb-0c6c-5a84-bfcb-5400bb49905d,018fefc2-38fb-5f92-8391-2fe032547753,active,2025-09-15
2641db65-dbf6-54ad-9caf-ca9ec5a43d56,6d2ea7cb-0c6c-5a84-bfcb-5400bb49905d,fc407d89-26e4-55ce-a2dc-fdae931500f1,active,2026-01-21
b7169df9-df9a-5d27-9d3d-55ae584d7f4e,6d2ea7cb-0c6c-5a84-bfcb-5400bb49905d,4b343160-5928-5bdb-83ef-2c0f9faba1dd,active,2025-10-30
6fe2dd74-b223-595e-9a65-b94cbfe1b28b,6d2ea7cb-0c6c-5a84-bfcb-5400bb49905d,9502494a-7b3f-5213-8df6-4e5e5e22101f,active,2026-08-17
768c463e-079d-5ee3-94cf-067671355898,0e5d1f56-5d9f-597d-8a6a-a5c2f54f9b49,0b4a6e3b-d5cd-5d10-87c4-ab6fda0aa831,inactive,2026-06-11
be44ba35-a223-5e67-88c1-b7b0a502d9a3,0e5d1f56-5d9f-597d-8a6a-a5c2f54f9b49,018fefc2-38fb-5f92-8391-2fe032547753,inactive,2026-04-15
eb56f10e-b178-5f99-b1b3-cd7f1c137985,0e5d1f56-5d9f-597d-8a6a-a5c2f54f9b49,69d2e248-598e-501c-a2eb-fb4fb8ccf487,active,2025-12-06
67454db1-4b63-5e50-a51d-4e0b3b968aae,0e5d1f56-5d9f-597d-8a6a-a5c2f54f9b49,a9db23aa-1685-5f58-8beb-3c1c13702b6a,active,2026-05-13
2ef5082c-e657-5599-869f-e266ca92f82a,0e5d1f56-5d9f-597d-8a6a-a5c2f54f9b49,4b343160-5928-5bdb-83ef-2c0f9faba1dd,active,2025-10-27
e3e907cb-65f3-5d17-9b17-66b6197e5773,c9d9414c-502d-5ffd-ae22-53dde1ebdd96,0b4a6e3b-d5cd-5d10-87c4-ab6fda0aa831,active,2025-10-02
31523968-d55f-51ff-9ecf-938d3bd74b13,c9d9414c-502d-5ffd-ae22-53dde1ebdd96,018fefc2-38fb-5f92-8391-2fe032547753,inactive,2026-06-28
d679ef97-35d8-5f34-b0f9-457f8be2612b,c9d9414c-502d-5ffd-ae22-53dde1ebdd96,868b1dbf-370d-5142-be8c-5a80dfad818d,inactive,2026-02-03
3757fa73-c4ad-5d34-a02f-0e44320d116b,c9d9414c-502d-5ffd-ae22-53dde1ebdd96,4b343160-5928-5bdb-83ef-2c0f9faba1dd,pending,2025-10-19
395c1a17-88b2-5b06-b562-5d6936390e37,c9d9414c-502d-5ffd-ae22-53dde1ebdd96,fc407d89-26e4-55ce-a2dc-fdae931500f1,active,2025-08-31
4411bcac-a2cd-5606-af99-0f74c1ecd7c8,c9d9414c-502d-5ffd-ae22-53dde1ebdd96,0a1506ca-ede6-548b-91b8-0730277089b0,active,2025-11-04
7b92a808-bd8f-5b47-9cd8-8d37323074d4,db68976b-4fc7-5d61-8863-f55316a21e8d,0b4a6e3b-d5cd-5d10-87c4-ab6fda0aa831,active,2026-03-28
74b537b1-67cb-5861-8599-07d7baf76f95,db68976b-4fc7-5d61-8863-f55316a21e8d,018fefc2-38fb-5f92-8391-2fe032547753,active,2025-11-01
ee261399-2a71-51db-99e4-7e3852986e56,db68976b-4fc7-5d61-8863-f55316a21e8d,f080ca1b-6cb2-5242-98ed-4612ac098b94,active,2026-07-13
b570636a-b8f4-5d6e-87a5-0e067530f1f3,db68976b-4fc7-5d61-8863-f55316a21e8d,4b343160-5928-5bdb-83ef-2c0f9faba1dd,active,2025-11-05
6eb7204f-263a-54a4-b0dd-a9f9a85f1187,db68976b-4fc7-5d61-8863-f55316a21e8d,fc407d89-26e4-55ce-a2dc-fdae931500f1,inactive,2026-05-06
cc4c28c7-96a2-53eb-a265-bc48de25abd8,db68976b-4fc7-5d61-8863-f55316a21e8d,69d2e248-598e-501c-a2eb-fb4fb8ccf487,active,2026-01-14
de5db09b-35a7-5a23-a84a-587689cf499f,db68976b-4fc7-5d61-8863-f55316a21e8d,868b1dbf-370d-5142-be8c-5a80dfad818d,active,2026-03-06
f4b15627-ec7c-53bc-beeb-367980b03ae0,8a74f660-2cf7-5258-8ce1-a062e5ca38a4,0b4a6e3b-d5cd-5d10-87c4-ab6fda0aa831,active,2026-01-05
781e90c3-8516-5b2e-a29c-cf3f0ca4eb69,8a74f660-2cf7-5258-8ce1-a062e5ca38a4,018fefc2-38fb-5f92-8391-2fe032547753,active,2026-07-04
bc511fe0-35df-54a6-a9da-c4db93670649,8a74f660-2cf7-5258-8ce1-a062e5ca38a4,fc407d89-26e4-55ce-a2dc-fdae931500f1,active,2026-04-25
a9636000-499e-5925-9474-4300111ac4a2,8a74f660-2cf7-5258-8ce1-a062e5ca38a4,4b343160-5928-5bdb-83ef-2c0f9faba1dd,active,2025-10-05
a0ecafa5-de75-52ce-b54f-cc80b4856763,8a74f660-2cf7-5258-8ce1-a062e5ca38a4,a9db23aa-1685-5f58-8beb-3c1c13702b6a,active,2026-02-26
b76e7e50-6b47-5347-b263-8f52eaa77912,8a74f660-2cf7-5258-8ce1-a062e5ca38a4,69d2e248-598e-501c-a2eb-fb4fb8ccf487,active,2025-11-15
e53c95de-1d8a-5066-94b6-206ae41cef89,8a74f660-2cf7-5258-8ce1-a062e5ca38a4,9502494a-7b3f-5213-8df6-4e5e5e22101f,active,2026-02-24
a4a7c7e2-2d32-5de1-955e-20efbed7b849,8a74f660-2cf7-5258-8ce1-a062e5ca38a4,0a1506ca-ede6-548b-91b8-0730277089b0,active,2026-08-05
044c84b5-f2ad-5e4a-aedb-21393980ade8,20b23860-295a-571c-8e23-0ea9420de1d1,0b4a6e3b-d5cd-5d10-87c4-ab6fda0aa831,active,2025-09-22
0e830703-196e-55b7-9fa8-9b157a0abc95,20b23860-295a-571c-8e23-0ea9420de1d1,018fefc2-38fb-5f92-8391-2fe032547753,active,2025-09-26
a8112c76-0107-519d-af18-396babb99c37,20b23860-295a-571c-8e23-0ea9420de1d1,f080ca1b-6cb2-5242-98ed-4612ac098b94,active,2026-08-27
92dc5f0f-b8ad-543c-8a27-690915239464,20b23860-295a-571c-8e23-0ea9420de1d1,fc407d89-26e4-55ce-a2dc-fdae931500f1,active,2026-08-09
137cf459-89d8-56d3-85b3-b11cd12c0045,20b23860-295a-571c-8e23-0ea9420de1d1,0a1506ca-ede6-548b-91b8-0730277089b0,inactive,2025-10-31
a636d558-5f29-5f96-b864-a6ccf7f35849,22c2b1d8-ee67-54d2-8390-614c8f037084,0b4a6e3b-d5cd-5d10-87c4-ab6fda0aa831,active,2026-01-05
080fe5d3-63ee-54c0-b534-624302d342e2,22c2b1d8-ee67-54d2-8390-614c8f037084,018fefc2-38fb-5f92-8391-2fe032547753,active,2026-05-06
3dd9905d-e646-5e37-bb00-2b986824c2a8,22c2b1d8-ee67-54d2-8390-614c8f037084,868b1dbf-370d-5142-be8c-5a80dfad818d,active,2026-01-14
67a64453-f4e2-5f1c-802d-04ae71843cff,22c2b1d8-ee67-54d2-8390-614c8f037084,f080ca1b-6cb2-5242-98ed-4612ac098b94,active,2026-05-28
633d5fe4-93da-58dd-874d-2a2b7caab0e9,82cbe6bc-80ae-5d0e-8d88-3c70fc17bf98,0b4a6e3b-d5cd-5d10-87c4-ab6fda0aa831,active,2026-02-25
bc7a6c49-bff6-5c2a-8d6f-e70210a81089,82cbe6bc-80ae-5d0e-8d88-3c70fc17bf98,018fefc2-38fb-5f92-8391-2fe032547753,active,2026-01-20
423a11fd-fdc7-580d-90c9-bad9a6a431f5,82cbe6bc-80ae-5d0e-8d88-3c70fc17bf98,0a1506ca-ede6-548b-91b8-0730277089b0,active,2026-08-24
62a432c0-d37a-58f8-b22a-f7f7a79bdb7c,34b0e718-ed93-5127-b156-10001b69be0a,0b4a6e3b-d5cd-5d10-87c4-ab6fda0aa831,active,2026-04-20
05de98f6-01e0-5e03-af6e-89a944759808,34b0e718-ed93-5127-b156-10001b69be0a,018fefc2-38fb-5f92-8391-2fe032547753,inactive,2026-06-09
8662db94-fae3-53dc-8ad1-24016881f737,34b0e718-ed93-5127-b156-10001b69be0a,fc407d89-26e4-55ce-a2dc-fdae931500f1,active,2026-02-09
b9a89cbd-b1fa-5723-b218-5643f910263a,34b0e718-ed93-5127-b156-10001b69be0a,a9db23aa-1685-5f58-8beb-3c1c13702b6a,active,2025-09-26
547b897f-8c51-538e-bd13-8376f24e4db8,34b0e718-ed93-5127-b156-10001b69be0a,868b1dbf-370d-5142-be8c-5a80dfad818d,active,2025-10-13
5815ce8b-2dab-52bd-99c7-5d2c3f297477,34b0e718-ed93-5127-b156-10001b69be0a,0a1506ca-ede6-548b-91b8-0730277089b0,inactive,2026-01-29
df73cb01-9319-5ed9-b05f-208236d8de15,34b0e718-ed93-5127-b156-10001b69be0a,9502494a-7b3f-5213-8df6-4e5e5e22101f,active,2026-02-12
98fd9758-acdc-56f9-941e-e2352afb7cec,65bbc3be-9507-593f-a9ed-ecede0d4e42f,0b4a6e3b-d5cd-5d10-87c4-ab6fda0aa831,active,2025-10-24
8eafee11-7bd3-5005-80ba-ff93fecbcca3,65bbc3be-9507-593f-a9ed-ecede0d4e42f,018fefc2-38fb-5f92-8391-2fe032547753,active,2026-03-23
7c8f6c2d-a37a-50d3-a26e-0554c2755372,65bbc3be-9507-593f-a9ed-ecede0d4e42f,4b343160-5928-5bdb-83ef-2c0f9faba1dd,active,2026-06-17
0b5c465d-edb0-5c77-92f8-221fcd1a1b7f,65bbc3be-9507-593f-a9ed-ecede0d4e42f,0a1506ca-ede6-548b-91b8-0730277089b0,active,2025-10-18
17f8b793-30bf-5f4a-b24e-982898e376da,65bbc3be-9507-593f-a9ed-ecede0d4e42f,9502494a-7b3f-5213-8df6-4e5e5e22101f,pending,2026-02-26
60dc7176-66d5-506c-9ab4-f4b3343a2254,65bbc3be-9507-593f-a9ed-ecede0d4e42f,868b1dbf-370d-5142-be8c-5a80dfad818d,active,2026-06-05
dc5021ca-f0c6-55cc-8cff-7d90d4c53899,65bbc3be-9507-593f-a9ed-ecede0d4e42f,f080ca1b-6cb2-5242-98ed-4612ac098b94,active,2026-01-26
862cafe9-fa7b-5f38-8d5d-76252a603085,9e549f5f-d393-5446-ab70-ab93a217fa40,0b4a6e3b-d5cd-5d10-87c4-ab6fda0aa831,active,2026-06-16
f7623447-dd6d-561e-b277-d07af9844be4,9e549f5f-d393-5446-ab70-ab93a217fa40,018fefc2-38fb-5f92-8391-2fe032547753,active,2026-04-09
29fbc69e-6093-5b5a-9916-a15ff9310747,9e549f5f-d393-5446-ab70-ab93a217fa40,0a1506ca-ede6-548b-91b8-0730277089b0,inactive,2026-07-24
2ccfe235-2538-50d0-aded-89271dd5892b,9e549f5f-d393-5446-ab70-ab93a217fa40,4b343160-5928-5bdb-83ef-2c0f9faba1dd,pending,2026-02-24
f62cb401-27ca-5b3c-8467-cea838ac7ad6,7a33f302-fa11-51fa-856d-1b51059c5adf,0b4a6e3b-d5cd-5d10-87c4-ab6fda0aa831,inactive,2026-06-23
c50c8b73-2d2b-5be5-804f-36927ca78815,7a33f302-fa11-51fa-856d-1b51059c5adf,018fefc2-38fb-5f92-8391-2fe032547753,active,2025-10-12
0b08ef65-a3e1-56a6-92b1-cb86ef386f29,7a33f302-fa11-51fa-856d-1b51059c5adf,f080ca1b-6cb2-5242-98ed-4612ac098b94,active,2026-04-28
9f5ad739-2c74-5266-acd7-4b5f43e9f3e4,7a33f302-fa11-51fa-856d-1b51059c5adf,4b343160-5928-5bdb-83ef-2c0f9faba1dd,inactive,2025-10-29
0feabae4-3976-597a-8d27-f6ab549df172,7a33f302-fa11-51fa-856d-1b51059c5adf,868b1dbf-370d-5142-be8c-5a80dfad818d,pending,2026-06-11
4824321d-46ae-5a20-af7c-d0b220dff8e0,7a33f302-fa11-51fa-856d-1b51059c5adf,9502494a-7b3f-5213-8df6-4e5e5e22101f,active,2026-07-14
c48a45b0-37d5-5907-8502-5f667da7ba09,622e35cf-534c-5472-84c8-30c4c81eeee1,0b4a6e3b-d5cd-5d10-87c4-ab6fda0aa831,active,2026-08-28
0b96abdf-e3db-522b-bc9d-6332255f0f4e,622e35cf-534c-5472-84c8-30c4c81eeee1,018fefc2-38fb-5f92-8391-2fe032547753,active,2025-10-20
fa7c5bae-65d7-5c96-a24b-25b9a2417af3,622e35cf-534c-5472-84c8-30c4c81eeee1,4b343160-5928-5bdb-83ef-2c0f9faba1dd,active,2026-04-27
80a01002-f80a-5352-aca6-1b9c0de1ed90,622e35cf-534c-5472-84c8-30c4c81eeee1,868b1dbf-370d-5142-be8c-5a80dfad818d,active,2025-10-07
957708f2-ba16-51c5-ad9f-18e74370ad01,622e35cf-534c-5472-84c8-30c4c81eeee1,a9db23aa-1685-5f58-8beb-3c1c13702b6a,active,2025-09-14
93ee2fd1-dd4c-59aa-a775-c5c93a16ebfb,90a9b30a-41c2-5330-9846-9c1782ca7533,0b4a6e3b-d5cd-5d10-87c4-ab6fda0aa831,pending,2026-07-13
99230e74-4f55-5557-9e7c-34b9effbeb8b,90a9b30a-41c2-5330-9846-9c1782ca7533,018fefc2-38fb-5f92-8391-2fe032547753,active,2026-03-31
7bc7e406-4a7c-5eed-a3ed-397d41584a82,90a9b30a-41c2-5330-9846-9c1782ca7533,fc407d89-26e4-55ce-a2dc-fdae931500f1,active,2026-02-28
79160c3a-e470-5bf4-be48-7d8d036b7cd7,90a9b30a-41c2-5330-9846-9c1782ca7533,69d2e248-598e-501c-a2eb-fb4fb8ccf487,active,2025-10-24
3b37425c-a344-50cc-8833-a7667cb4ae00,90a9b30a-41c2-5330-9846-9c1782ca7533,4b343160-5928-5bdb-83ef-2c0f9faba1dd,pending,2026-03-20
4267be10-1c5f-5480-aabc-7f3e49695669,90a9b30a-41c2-5330-9846-9c1782ca7533,9502494a-7b3f-5213-8df6-4e5e5e22101f,active,2026-02-28
593629eb-d874-55be-9126-1c3e8477be65,ffb805d1-735a-507b-b330-e0ed0ff00214,0b4a6e3b-d5cd-5d10-87c4-ab6fda0aa831,inactive,2025-09-07
93098d25-5f68-5caa-be0b-eda3b23da4d2,ffb805d1-735a-507b-b330-e0ed0ff00214,018fefc2-38fb-5f92-8391-2fe032547753,active,2026-04-30
5204419d-c16d-53fe-a7e1-9cfce1b812af,ffb805d1-735a-507b-b330-e0ed0ff00214,fc407d89-26e4-55ce-a2dc-fdae931500f1,inactive,2025-12-10
d285814d-a9b9-5e30-967b-fd0077d8d59b,e83975c4-8d1a-59ef-b1c9-8b6f708a57c5,0b4a6e3b-d5cd-5d10-87c4-ab6fda0aa831,inactive,2026-03-04
93f3e3b2-d8b6-51ec-b7b8-58b7b5c568dc,e83975c4-8d1a-59ef-b1c9-8b6f708a57c5,018fefc2-38fb-5f92-8391-2fe032547753,active,2026-08-28
58f99df9-ce3f-5274-b9c5-e8611aba40f7,e83975c4-8d1a-59ef-b1c9-8b6f708a57c5,fc407d89-26e4-55ce-a2dc-fdae931500f1,active,2026-04-12
6eac16ad-598a-5d86-9617-c0bde2d4b8af,e83975c4-8d1a-59ef-b1c9-8b6f708a57c5,f080ca1b-6cb2-5242-98ed-4612ac098b94,active,2026-01-23
19e3ce29-afb6-5871-a33c-e6a24e1b7633,e83975c4-8d1a-59ef-b1c9-8b6f708a57c5,4b343160-5928-5bdb-83ef-2c0f9faba1dd,active,2026-04-02
2b03db57-2e85-55ed-b0a8-51513247ca14,e83975c4-8d1a-59ef-b1c9-8b6f708a57c5,9502494a-7b3f-5213-8df6-4e5e5e22101f,active,2026-01-30
4a4466cc-c872-5758-ad6b-e85207394c49,e83975c4-8d1a-59ef-b1c9-8b6f708a57c5,a9db23aa-1685-5f58-8beb-3c1c13702b6a,active,2025-10-28
d799a6ca-6513-5114-92f7-251041dada56,6389de81-1a65-583d-8aad-1b61cd3d1633,0b4a6e3b-d5cd-5d10-87c4-ab6fda0aa831,active,2026-07-24
677114cb-7ab7-5b2f-9c95-1a99cc167dac,6389de81-1a65-583d-8aad-1b61cd3d1633,018fefc2-38fb-5f92-8391-2fe032547753,active,2026-08-19
c76d569c-b25a-5585-a902-a39182118af2,6389de81-1a65-583d-8aad-1b61cd3d1633,9502494a-7b3f-5213-8df6-4e5e5e22101f,inactive,2025-10-29
5edf01fc-07c8-5146-8d0e-bbeecec9047e,6389de81-1a65-583d-8aad-1b61cd3d1633,f080ca1b-6cb2-5242-98ed-4612ac098b94,active,2026-01-09
3933bcb6-a3ee-5c5f-b274-8059bbb26a27,e57c321f-fc53-5891-b40b-dcf58abda3d0,0b4a6e3b-d5cd-5d10-87c4-ab6fda0aa831,active,2026-01-01
f6ff6b83-942f-54a6-884f-995ffa1b2c23,e57c321f-fc53-5891-b40b-dcf58abda3d0,018fefc2-38fb-5f92-8391-2fe032547753,active,2026-01-15
9b6d37ab-e297-5c58-bd61-f91a34faab8b,e57c321f-fc53-5891-b40b-dcf58abda3d0,f080ca1b-6cb2-5242-98ed-4612ac098b94,active,2026-08-15
151f6bb7-0deb-5e48-9b89-120165fba171,e57c321f-fc53-5891-b40b-dcf58abda3d0,0a1506ca-ede6-548b-91b8-0730277089b0,active,2025-12-23
683df8df-e210-56fd-aa67-7d082c556fca,e57c321f-fc53-5891-b40b-dcf58abda3d0,868b1dbf-370d-5142-be8c-5a80dfad818d,active,2025-11-13
0e4867bf-4df2-5fbe-b78d-d8cb08b725c5,e57c321f-fc53-5891-b40b-dcf58abda3d0,a9db23aa-1685-5f58-8beb-3c1c13702b6a,active,2026-01-14
560d2bbb-e0a3-54f2-8e8b-3ba09e97af7f,e57c321f-fc53-5891-b40b-dcf58abda3d0,4b343160-5928-5bdb-83ef-2c0f9faba1dd,active,2026-01-26
c2661dee-1908-5e9b-9d7f-8f29ddb72141,e57c321f-fc53-5891-b40b-dcf58abda3d0,69d2e248-598e-501c-a2eb-fb4fb8ccf487,active,2026-07-26
bb765f50-dc52-5477-99f1-444f88f32b3d,61ce7965-2288-5ad1-9f5f-360ae913ac36,0b4a6e3b-d5cd-5d10-87c4-ab6fda0aa831,pending,2026-06-16
496ce453-a29e-5ff7-b49f-10d8cf1703a7,61ce7965-2288-5ad1-9f5f-360ae913ac36,018fefc2-38fb-5f92-8391-2fe032547753,active,2025-09-12
400a598b-6fc7-5797-a98b-9658ff9e2cb7,61ce7965-2288-5ad1-9f5f-360ae913ac36,f080ca1b-6cb2-5242-98ed-4612ac098b94,active,2026-05-31
2a12c7d6-f721-5aa4-8b7c-32c4933e067a,61ce7965-2288-5ad1-9f5f-360ae913ac36,fc407d89-26e4-55ce-a2dc-fdae931500f1,active,2026-04-05
677493af-90bf-5753-b500-b8cfd550cbbd,61ce7965-2288-5ad1-9f5f-360ae913ac36,868b1dbf-370d-5142-be8c-5a80dfad818d,active,2025-12-08
a1b11ac1-cae6-5d22-96c0-66267ef94232,61ce7965-2288-5ad1-9f5f-360ae913ac36,0a1506ca-ede6-548b-91b8-0730277089b0,active,2026-05-07
7e245779-bac3-5a3e-a4be-af6d47f81856,61ce7965-2288-5ad1-9f5f-360ae913ac36,69d2e248-598e-501c-a2eb-fb4fb8ccf487,active,2026-07-04
61887eaf-e467-5b7e-b7b5-be1a8c937af6,61ce7965-2288-5ad1-9f5f-360ae913ac36,4b343160-5928-5bdb-83ef-2c0f9faba1dd,active,2026-06-20
b99363b9-21d2-5b19-b0fa-e6ee2b1f9015,65f94da3-6b09-5542-84bf-54c20396615c,0b4a6e3b-d5cd-5d10-87c4-ab6fda0aa831,active,2026-08-07
edcb66fc-b392-591d-bc0b-f21f94a19e28,65f94da3-6b09-5542-84bf-54c20396615c,018fefc2-38fb-5f92-8391-2fe032547753,active,2026-02-19
d015914f-b9fd-5d30-89bb-0749b65e8f57,65f94da3-6b09-5542-84bf-54c20396615c,0a1506ca-ede6-548b-91b8-0730277089b0,active,2025-12-28
f858b9ec-3e62-5b96-8f22-0a5de5c08ab3,65f94da3-6b09-5542-84bf-54c20396615c,69d2e248-598e-501c-a2eb-fb4fb8ccf487,active,2026-01-14
9cde6096-2790-52bb-9791-4cb2dc234a5a,65f94da3-6b09-5542-84bf-54c20396615c,4b343160-5928-5bdb-83ef-2c0f9faba1dd,active,2025-09-17
9d454fe4-b9c4-5f0a-b178-dd8f9ba210b4,65f94da3-6b09-5542-84bf-54c20396615c,868b1dbf-370d-5142-be8c-5a80dfad818d,pending,2026-08-18
a0aa44a9-0b95-5d12-8b37-4057338d7781,65f94da3-6b09-5542-84bf-54c20396615c,9502494a-7b3f-5213-8df6-4e5e5e22101f,active,2026-06-16
71c1e0ad-d4cf-5da5-9215-47a2dd670be8,65f94da3-6b09-5542-84bf-54c20396615c,f080ca1b-6cb2-5242-98ed-4612ac098b94,pending,2025-10-24
836dbbc7-79fa-5b5a-be6b-5c7b2c616e45,fade118e-67de-5731-a2a0-4cf369881c71,0b4a6e3b-d5cd-5d10-87c4-ab6fda0aa831,active,2025-12-08
e15b1743-b29e-586b-8639-eb0df28bac62,fade118e-67de-5731-a2a0-4cf369881c71,018fefc2-38fb-5f92-8391-2fe032547753,active,2025-11-02
9143047e-7015-5394-b33a-7f9b7efd6913,fade118e-67de-5731-a2a0-4cf369881c71,9502494a-7b3f-5213-8df6-4e5e5e22101f,active,2025-10-24
95f40a8b-6134-5f18-b5f6-008dcf13594d,fade118e-67de-5731-a2a0-4cf369881c71,69d2e248-598e-501c-a2eb-fb4fb8ccf487,inactive,2026-01-07
1a5bc31a-f78c-5eb8-993f-ad8563b3ecf4,fade118e-67de-5731-a2a0-4cf369881c71,fc407d89-26e4-55ce-a2dc-fdae931500f1,active,2026-03-10
cf4562c1-92f8-57dd-9646-abafe3cef488,fade118e-67de-5731-a2a0-4cf369881c71,0a1506ca-ede6-548b-91b8-0730277089b0,active,2026-06-01
a7db19a4-a429-5790-8198-d3f391887e21,fade118e-67de-5731-a2a0-4cf369881c71,4b343160-5928-5bdb-83ef-2c0f9faba1dd,active,2026-05-19
27396c97-8969-55b7-869b-fe95c61793ea,fade118e-67de-5731-a2a0-4cf369881c71,f080ca1b-6cb2-5242-98ed-4612ac098b94,active,2026-06-14
f4d630ef-c3fe-57de-8370-fa9f59863492,a210020c-0299-55b2-bb3f-5d321d9c87cb,0b4a6e3b-d5cd-5d10-87c4-ab6fda0aa831,pending,2025-09-19
b41a005d-f57e-5362-9a66-c2bb3b2268b8,a210020c-0299-55b2-bb3f-5d321d9c87cb,018fefc2-38fb-5f92-8391-2fe032547753,active,2026-04-05
34f655a5-9de6-529c-a52f-14c9d081d701,a210020c-0299-55b2-bb3f-5d321d9c87cb,4b343160-5928-5bdb-83ef-2c0f9faba1dd,inactive,2026-04-17
843f8096-a87c-5159-96f6-de8a0a327d06,58766b11-0cfc-518c-86f6-08b0c3f7ec9d,0b4a6e3b-d5cd-5d10-87c4-ab6fda0aa831,inactive,2025-12-31
3dcd4163-efdc-5693-b8d1-71cc14078933,58766b11-0cfc-518c-86f6-08b0c3f7ec9d,018fefc2-38fb-5f92-8391-2fe032547753,active,2025-09-04
4101fd7c-e368-5e7b-95fb-6455cbb3182f,58766b11-0cfc-518c-86f6-08b0c3f7ec9d,a9db23aa-1685-5f58-8beb-3c1c13702b6a,active,2025-10-31
b2531094-f448-54f7-ab91-890200935842,58766b11-0cfc-518c-86f6-08b0c3f7ec9d,4b343160-5928-5bdb-83ef-2c0f9faba1dd,active,2025-12-24
bf34a745-0a4b-5b92-b9b0-54b01e3be1b3,58766b11-0cfc-518c-86f6-08b0c3f7ec9d,69d2e248-598e-501c-a2eb-fb4fb8ccf487,pending,2026-02-25
94c185e0-f035-5da9-9ea8-63d4078150c0,58766b11-0cfc-518c-86f6-08b0c3f7ec9d,0a1506ca-ede6-548b-91b8-0730277089b0,inactive,2025-09-08
ae33899d-9063-5989-810c-7425fe276dce,58766b11-0cfc-518c-86f6-08b0c3f7ec9d,fc407d89-26e4-55ce-a2dc-fdae931500f1,active,2026-02-27
db893218-0c8a-5203-907b-c1b2dac90f64,58766b11-0cfc-518c-86f6-08b0c3f7ec9d,f080ca1b-6cb2-5242-98ed-4612ac098b94,active,2026-03-21
60550225-88be-58a3-a74d-c9720a4c416d,64d98796-d2b6-5548-b268-f5d914bf6c33,0b4a6e3b-d5cd-5d10-87c4-ab6fda0aa831,active,2025-11-07
32a4b5c9-72e9-530f-a8b8-d614dc402b58,64d98796-d2b6-5548-b268-f5d914bf6c33,018fefc2-38fb-5f92-8391-2fe032547753,active,2026-06-23
57049353-76d0-5fc7-b143-712354a58575,64d98796-d2b6-5548-b268-f5d914bf6c33,4b343160-5928-5bdb-83ef-2c0f9faba1dd,active,2026-04-20
4954598c-0e23-52b9-8db3-ce91dc49609f,5e2b5bab-5781-58c8-bbc1-41a61318601e,0b4a6e3b-d5cd-5d10-87c4-ab6fda0aa831,active,2026-05-10
e56e84ad-a146-597d-8b32-96630e09e863,5e2b5bab-5781-58c8-bbc1-41a61318601e,018fefc2-38fb-5f92-8391-2fe032547753,active,2026-08-23
0fba6d9a-9417-5d62-9f8b-bd04f0c85fbc,5e2b5bab-5781-58c8-bbc1-41a61318601e,868b1dbf-370d-5142-be8c-5a80dfad818d,active,2026-03-24
ef8bc392-52f9-597a-9028-41237911dd71,5e2b5bab-5781-58c8-bbc1-41a61318601e,0a1506ca-ede6-548b-91b8-0730277089b0,active,2026-03-18
26d39a6e-7c06-5a93-b1f9-ac7bb9973222,5e2b5bab-5781-58c8-bbc1-41a61318601e,fc407d89-26e4-55ce-a2dc-fdae931500f1,inactive,2025-10-13
fa3342e1-4dac-5df5-b1e4-00e11857cfd3,5e2b5bab-5781-58c8-bbc1-41a61318601e,a9db23aa-1685-5f58-8beb-3c1c13702b6a,inactive,2025-10-03
8367fc50-9f02-5ac0-a44f-49fe162a7925,4a0e0a11-9486-5b78-a239-2e50e69faa3d,0b4a6e3b-d5cd-5d10-87c4-ab6fda0aa831,active,2026-06-15
42d00abb-ea8d-51ff-baa1-5814aed1b1c2,4a0e0a11-9486-5b78-a239-2e50e69faa3d,018fefc2-38fb-5f92-8391-2fe032547753,active,2026-06-24
5ad0fd4e-bf08-579f-8754-72ccf1c30471,4a0e0a11-9486-5b78-a239-2e50e69faa3d,69d2e248-598e-501c-a2eb-fb4fb8ccf487,active,2026-04-25
4a4ca842-e07f-588f-bb63-4107ea95e987,4a0e0a11-9486-5b78-a239-2e50e69faa3d,a9db23aa-1685-5f58-8beb-3c1c13702b6a,active,2026-01-29
c8f25ec0-3f60-5336-96a5-fa0060e90852,26b3c3af-057c-5d11-bc64-b7efa03c7129,0b4a6e3b-d5cd-5d10-87c4-ab6fda0aa831,active,2026-01-15
ff5b7004-6a4f-5927-bf17-716a50e9602b,26b3c3af-057c-5d11-bc64-b7efa03c7129,018fefc2-38fb-5f92-8391-2fe032547753,active,2025-12-09
4bb4823e-d6d0-5e79-ae54-4953e8ede8af,26b3c3af-057c-5d11-bc64-b7efa03c7129,69d2e248-598e-501c-a2eb-fb4fb8ccf487,active,2026-06-30
74c9fa98-de7f-5a90-abe7-3eb0b636e2f5,26b3c3af-057c-5d11-bc64-b7efa03c7129,f080ca1b-6cb2-5242-98ed-4612ac098b94,active,2026-02-12
8bb61b24-2d6e-5d2b-beea-baaf029a21a6,3885243f-13b1-50dc-afeb-8bad2dc43d4a,0b4a6e3b-d5cd-5d10-87c4-ab6fda0aa831,active,2026-08-08
d4c8f93e-f1f3-526d-bfa3-41a1270c0f4b,3885243f-13b1-50dc-afeb-8bad2dc43d4a,018fefc2-38fb-5f92-8391-2fe032547753,inactive,2026-02-11
9e876900-296e-5afe-8bf2-3be645cfc157,3885243f-13b1-50dc-afeb-8bad2dc43d4a,fc407d89-26e4-55ce-a2dc-fdae931500f1,active,2026-08-19
ed68b21b-c888-5b42-9173-c1c3006929d4,3885243f-13b1-50dc-afeb-8bad2dc43d4a,9502494a-7b3f-5213-8df6-4e5e5e22101f,active,2026-03-28
a4c991d4-2569-5d1e-b75e-408fa9400e18,3885243f-13b1-50dc-afeb-8bad2dc43d4a,4b343160-5928-5bdb-83ef-2c0f9faba1dd,active,2025-11-22
7322d3d6-fe45-5eca-8256-6a374496f924,3885243f-13b1-50dc-afeb-8bad2dc43d4a,868b1dbf-370d-5142-be8c-5a80dfad818d,active,2026-04-01
4f9de144-0098-52cb-bacc-5eb5d016366d,3885243f-13b1-50dc-afeb-8bad2dc43d4a,69d2e248-598e-501c-a2eb-fb4fb8ccf487,active,2025-12-16
ac5734de-5b39-5985-8542-a208c942a271,3885243f-13b1-50dc-afeb-8bad2dc43d4a,a9db23aa-1685-5f58-8beb-3c1c13702b6a,active,2025-12-05
40465dae-0a89-5ffc-86b4-a88ff0dd6c72,38e5549e-7e95-5b94-98d2-09edb6eee8c3,0b4a6e3b-d5cd-5d10-87c4-ab6fda0aa831,active,2026-03-30
5893979e-9de5-50e3-aa4f-02db4e2a62c2,38e5549e-7e95-5b94-98d2-09edb6eee8c3,018fefc2-38fb-5f92-8391-2fe032547753,active,2025-12-13
6e4e5106-867c-56fa-a1f7-74ad7f3a94fc,38e5549e-7e95-5b94-98d2-09edb6eee8c3,4b343160-5928-5bdb-83ef-2c0f9faba1dd,active,2025-11-26
325f21ac-b958-54db-b442-ceca9bf8c4ff,38e5549e-7e95-5b94-98d2-09edb6eee8c3,0a1506ca-ede6-548b-91b8-0730277089b0,active,2025-12-10
b51c24f1-a627-5fce-8dac-1bbe4d1c9dc7,38e5549e-7e95-5b94-98d2-09edb6eee8c3,fc407d89-26e4-55ce-a2dc-fdae931500f1,active,2026-08-27
87ef3095-f7f2-5d72-b9f6-0ae5b00554ab,38e5549e-7e95-5b94-98d2-09edb6eee8c3,69d2e248-598e-501c-a2eb-fb4fb8ccf487,active,2026-06-14
6c4bcc3c-32e8-5776-8bcf-27e992a4e19c,38e5549e-7e95-5b94-98d2-09edb6eee8c3,a9db23aa-1685-5f58-8beb-3c1c13702b6a,active,2025-12-13
d84a0cff-d565-5ca1-b89c-b699e1f2f3a9,8c464c73-a955-576d-9730-79fd5da4e450,0b4a6e3b-d5cd-5d10-87c4-ab6fda0aa831,active,2026-07-19
2d496f25-9790-5f13-a28a-08fa96685e6c,8c464c73-a955-576d-9730-79fd5da4e450,018fefc2-38fb-5f92-8391-2fe032547753,active,2026-02-13
8e92202a-b707-531d-bbbb-08b174dd9290,8c464c73-a955-576d-9730-79fd5da4e450,4b343160-5928-5bdb-83ef-2c0f9faba1dd,active,2026-05-05
b4ce6333-e137-55e4-b4cc-314da404618d,2e54dbf3-50dd-5a0a-a1e4-b371635781b3,0b4a6e3b-d5cd-5d10-87c4-ab6fda0aa831,active,2026-06-18
bdae2f6c-5405-5cbd-8037-a88d77285ea3,2e54dbf3-50dd-5a0a-a1e4-b371635781b3,018fefc2-38fb-5f92-8391-2fe032547753,inactive,2026-04-09
6ec6c6f5-55e0-50bd-bbbe-945c7feb7cbc,2e54dbf3-50dd-5a0a-a1e4-b371635781b3,fc407d89-26e4-55ce-a2dc-fdae931500f1,active,2026-07-27
fb8a54cf-44f2-53d2-abac-52987ffb0661,494a57ee-31cb-5e3b-818c-8960bc3f745f,0b4a6e3b-d5cd-5d10-87c4-ab6fda0aa831,active,2025-09-03
c74119d9-8162-50a3-8508-7e401d3d2272,494a57ee-31cb-5e3b-818c-8960bc3f745f,018fefc2-38fb-5f92-8391-2fe032547753,active,2026-04-22
f1da2e20-f012-5560-9d4f-7c5e6c608aaa,494a57ee-31cb-5e3b-818c-8960bc3f745f,4b343160-5928-5bdb-83ef-2c0f9faba1dd,active,2026-07-01
6b65ca91-76a7-53c9-8712-ec7aefca3166,494a57ee-31cb-5e3b-818c-8960bc3f745f,f080ca1b-6cb2-5242-98ed-4612ac098b94,active,2025-11-26
af6a1022-12ca-5e58-9c35-ef1a63fe63cd,494a57ee-31cb-5e3b-818c-8960bc3f745f,0a1506ca-ede6-548b-91b8-0730277089b0,active,2025-12-13
a54bc3b4-fda7-5c60-9423-f4a1c81daae9,494a57ee-31cb-5e3b-818c-8960bc3f745f,868b1dbf-370d-5142-be8c-5a80dfad818d,inactive,2026-06-23
006c9905-8db9-5d65-b8f8-3ddf7581043f,494a57ee-31cb-5e3b-818c-8960bc3f745f,a9db23aa-1685-5f58-8beb-3c1c13702b6a,pending,2026-04-05
56fd81de-4222-5e36-a8a4-e8cafc49c699,e9f20e41-fc45-5d13-afc7-d79f102a27ee,0b4a6e3b-d5cd-5d10-87c4-ab6fda0aa831,active,2026-07-12
1d8f6e4b-8054-5044-931f-8d6f1305784e,e9f20e41-fc45-5d13-afc7-d79f102a27ee,018fefc2-38fb-5f92-8391-2fe032547753,active,2026-06-11
3736e2dd-e349-557a-88e6-e4cb5cacc73e,e9f20e41-fc45-5d13-afc7-d79f102a27ee,f080ca1b-6cb2-5242-98ed-4612ac098b94,active,2026-06-29
4546c6ba-55e3-52f2-823c-7abf84d49569,e9f20e41-fc45-5d13-afc7-d79f102a27ee,69d2e248-598e-501c-a2eb-fb4fb8ccf487,active,2025-12-12
3ba2311a-e8f6-53d7-9ca3-ba75e16922dd,e9f20e41-fc45-5d13-afc7-d79f102a27ee,a9db23aa-1685-5f58-8beb-3c1c13702b6a,active,2025-09-18
8c6f0c6f-7b8f-5bd2-a447-cd2af9e1bc2c,e9f20e41-fc45-5d13-afc7-d79f102a27ee,868b1dbf-370d-5142-be8c-5a80dfad818d,active,2025-10-31
7523ab39-7b1a-5ff4-b0c5-a2b823bde92b,e9f20e41-fc45-5d13-afc7-d79f102a27ee,4b343160-5928-5bdb-83ef-2c0f9faba1dd,active,2026-06-12
0bf8a3a9-f7f6-5a45-91cd-547ad426e921,e9f20e41-fc45-5d13-afc7-d79f102a27ee,0a1506ca-ede6-548b-91b8-0730277089b0,active,2026-01-31
49021aca-59ad-5a35-9b92-67bdb5e525b3,5d75bd0e-343a-5fc7-a2ee-fa9ada2fbfd6,0b4a6e3b-d5cd-5d10-87c4-ab6fda0aa831,active,2026-06-08
29a6b10c-14e9-5dba-aedd-fa599c14b314,5d75bd0e-343a-5fc7-a2ee-fa9ada2fbfd6,018fefc2-38fb-5f92-8391-2fe032547753,active,2025-11-17
6be57fb7-a78e-56f1-b37e-3571f10acdcc,5d75bd0e-343a-5fc7-a2ee-fa9ada2fbfd6,fc407d89-26e4-55ce-a2dc-fdae931500f1,active,2025-10-11
fef65dd6-40e3-5bab-a7f5-603b18ec827b,5d75bd0e-343a-5fc7-a2ee-fa9ada2fbfd6,f080ca1b-6cb2-5242-98ed-4612ac098b94,active,2025-11-14
e26aacfa-66c6-5feb-aff3-69bdc45a3000,5d75bd0e-343a-5fc7-a2ee-fa9ada2fbfd6,9502494a-7b3f-5213-8df6-4e5e5e22101f,active,2025-12-23
6b74c8cd-eb82-54e7-9d07-7356299769e4,5d75bd0e-343a-5fc7-a2ee-fa9ada2fbfd6,868b1dbf-370d-5142-be8c-5a80dfad818d,active,2026-05-21
3849a67d-7f53-55fd-9ec4-f8f93062c44f,5d75bd0e-343a-5fc7-a2ee-fa9ada2fbfd6,69d2e248-598e-501c-a2eb-fb4fb8ccf487,active,2026-04-21
9c668e94-275c-55ca-988c-1f8ace072c79,5d75bd0e-343a-5fc7-a2ee-fa9ada2fbfd6,0a1506ca-ede6-548b-91b8-0730277089b0,active,2026-06-05
b74c45f0-e201-57f7-a785-b9318dcf5f8a,b74b13ca-301b-5f91-9331-c699ee006367,0b4a6e3b-d5cd-5d10-87c4-ab6fda0aa831,pending,2025-09-11
495ce15c-da75-52d6-abf0-856eb48cf8ed,b74b13ca-301b-5f91-9331-c699ee006367,018fefc2-38fb-5f92-8391-2fe032547753,inactive,2025-10-30
c1b98d18-997c-5ed5-9919-187fc2ddb847,b74b13ca-301b-5f91-9331-c699ee006367,a9db23aa-1685-5f58-8beb-3c1c13702b6a,active,2026-06-09
5cab1f5b-f126-58b4-a001-c7bba7240519,c22bb6d9-8afc-597b-b171-1eaf1ecb5cac,0b4a6e3b-d5cd-5d10-87c4-ab6fda0aa831,active,2025-10-03
13975daf-2e51-57d1-be50-b945e58922d6,c22bb6d9-8afc-597b-b171-1eaf1ecb5cac,018fefc2-38fb-5f92-8391-2fe032547753,active,2026-07-12
9f19e63a-db51-50c9-a112-62ae6f097f39,c22bb6d9-8afc-597b-b171-1eaf1ecb5cac,4b343160-5928-5bdb-83ef-2c0f9faba1dd,active,2025-10-22
06b24f6c-aece-5497-bacb-dc68e6d03291,c22bb6d9-8afc-597b-b171-1eaf1ecb5cac,0a1506ca-ede6-548b-91b8-0730277089b0,active,2026-01-22
610049fd-10c9-5f90-ad48-cd9763d5ce93,c22bb6d9-8afc-597b-b171-1eaf1ecb5cac,868b1dbf-370d-5142-be8c-5a80dfad818d,active,2026-04-02
ecc5128b-7eb1-53b4-9a32-33fad2bc8303,c22bb6d9-8afc-597b-b171-1eaf1ecb5cac,fc407d89-26e4-55ce-a2dc-fdae931500f1,active,2025-12-27
5681cc6f-3efb-5f86-90fb-e8934f447330,197ce084-3189-5451-aafa-befe51e6f027,0b4a6e3b-d5cd-5d10-87c4-ab6fda0aa831,active,2026-04-22
c3410d3a-7ad6-50e9-844a-0f60219bdb20,197ce084-3189-5451-aafa-befe51e6f027,018fefc2-38fb-5f92-8391-2fe032547753,pending,2026-01-14
c1428dcd-c5f0-500e-8920-a4934a20f9b9,197ce084-3189-5451-aafa-befe51e6f027,a9db23aa-1685-5f58-8beb-3c1c13702b6a,active,2025-12-08
f703c095-824a-5533-8ea3-b2ff3e2bda05,197ce084-3189-5451-aafa-befe51e6f027,fc407d89-26e4-55ce-a2dc-fdae931500f1,active,2026-03-06
688c5bfd-7825-5ac1-9287-2b912d1934a6,197ce084-3189-5451-aafa-befe51e6f027,69d2e248-598e-501c-a2eb-fb4fb8ccf487,active,2026-05-09
18c78c1b-0c31-5d7e-9b39-d212764a6709,9ccdde10-07fa-5428-809e-ef951a061c25,0b4a6e3b-d5cd-5d10-87c4-ab6fda0aa831,active,2025-10-27
d013dfd2-2ad2-5323-960f-b6d4baddb553,9ccdde10-07fa-5428-809e-ef951a061c25,018fefc2-38fb-5f92-8391-2fe032547753,pending,2025-10-23
b2060614-9ebf-5f75-8a50-42bd5c0d64bc,9ccdde10-07fa-5428-809e-ef951a061c25,0a1506ca-ede6-548b-91b8-0730277089b0,active,2026-05-24
71566796-54a6-5bc6-9723-bc550b4da1d5,9ccdde10-07fa-5428-809e-ef951a061c25,f080ca1b-6cb2-5242-98ed-4612ac098b94,active,2026-04-21
784402cf-f917-5d6e-b638-3d3567c0f9f3,9ccdde10-07fa-5428-809e-ef951a061c25,69d2e248-598e-501c-a2eb-fb4fb8ccf487,active,2025-09-23
45b549ee-269d-5683-9c7f-0fa7775fac78,97453fb9-40fc-5846-ab3a-1680f9e15a22,0b4a6e3b-d5cd-5d10-87c4-ab6fda0aa831,inactive,2025-11-17
22aa75c3-a8f7-5a14-955f-84d3c620d720,97453fb9-40fc-5846-ab3a-1680f9e15a22,018fefc2-38fb-5f92-8391-2fe032547753,active,2026-07-29
4cfc23d2-8e96-5f07-8028-79e26777ea58,97453fb9-40fc-5846-ab3a-1680f9e15a22,9502494a-7b3f-5213-8df6-4e5e5e22101f,active,2026-06-11
35bc94f7-c6e6-5fbe-a18c-8b8ba958cb13,1ceebcaa-0c54-52fd-a620-4697ab1eb0ec,0b4a6e3b-d5cd-5d10-87c4-ab6fda0aa831,inactive,2025-10-01
227b23fb-9029-5ab4-a4b1-a5c8bcb9ce71,1ceebcaa-0c54-52fd-a620-4697ab1eb0ec,018fefc2-38fb-5f92-8391-2fe032547753,pending,2026-05-19
80030986-125f-526d-b8a0-c75e3a3db9ce,1ceebcaa-0c54-52fd-a620-4697ab1eb0ec,0a1506ca-ede6-548b-91b8-0730277089b0,active,2026-03-18
274bbcc1-ca96-5875-827b-79b11623319f,1ceebcaa-0c54-52fd-a620-4697ab1eb0ec,f080ca1b-6cb2-5242-98ed-4612ac098b94,active,2026-04-29
ad108f3b-7851-5950-ae83-0a261bf7c37d,1ceebcaa-0c54-52fd-a620-4697ab1eb0ec,868b1dbf-370d-5142-be8c-5a80dfad818d,active,2025-11-25
61997266-9066-5470-bf82-5a49134ee6af,1ceebcaa-0c54-52fd-a620-4697ab1eb0ec,69d2e248-598e-501c-a2eb-fb4fb8ccf487,inactive,2025-12-31
6c59b898-6f42-5778-a648-0e9efd5dbb0a,7f8ebaa2-73de-5bc3-b462-6ef73f1d60c2,0b4a6e3b-d5cd-5d10-87c4-ab6fda0aa831,pending,2025-11-30
10006d10-1de7-50ac-a7d5-663007bcb5bc,7f8ebaa2-73de-5bc3-b462-6ef73f1d60c2,018fefc2-38fb-5f92-8391-2fe032547753,pending,2026-06-19
35e58779-9d71-568f-8703-bdd1f7ea826c,7f8ebaa2-73de-5bc3-b462-6ef73f1d60c2,9502494a-7b3f-5213-8df6-4e5e5e22101f,active,2026-01-09
86754f94-0792-59fc-8d58-c59b6d3d47ac,7f8ebaa2-73de-5bc3-b462-6ef73f1d60c2,f080ca1b-6cb2-5242-98ed-4612ac098b94,active,2026-06-11
5cc7767e-0bc5-5d96-b211-856fe1b5695e,a05d68b6-a09e-57eb-b93e-75ff6fd97028,0b4a6e3b-d5cd-5d10-87c4-ab6fda0aa831,active,2025-12-08
3eb77713-e075-5b47-9045-00ebc7bcee49,a05d68b6-a09e-57eb-b93e-75ff6fd97028,018fefc2-38fb-5f92-8391-2fe032547753,active,2026-06-17
6483cf74-2c69-55fa-b330-d4814b08022f,a05d68b6-a09e-57eb-b93e-75ff6fd97028,868b1dbf-370d-5142-be8c-5a80dfad818d,active,2026-01-16
75b5b4c0-c2ad-5aec-a6df-6bc65ab3decc,9d371c5a-f129-5f2c-8e70-514c2f6e27fd,0b4a6e3b-d5cd-5d10-87c4-ab6fda0aa831,active,2026-01-23
a41ae486-492f-588d-b410-7beb38951db4,9d371c5a-f129-5f2c-8e70-514c2f6e27fd,018fefc2-38fb-5f92-8391-2fe032547753,active,2026-03-31
34d4fef8-15e8-5133-94c5-03e8eff1134b,9d371c5a-f129-5f2c-8e70-514c2f6e27fd,868b1dbf-370d-5142-be8c-5a80dfad818d,active,2025-10-29
cb3b1000-d239-5cf7-9b42-4e65660a1de5,9d371c5a-f129-5f2c-8e70-514c2f6e27fd,f080ca1b-6cb2-5242-98ed-4612ac098b94,active,2025-12-30
ddc1f6db-f54a-5044-b300-e41596f3bcba,9d371c5a-f129-5f2c-8e70-514c2f6e27fd,fc407d89-26e4-55ce-a2dc-fdae931500f1,active,2026-02-09
16853971-f89b-5534-bfec-7029aa913aee,9d371c5a-f129-5f2c-8e70-514c2f6e27fd,0a1506ca-ede6-548b-91b8-0730277089b0,active,2026-01-02
6ed5859c-a10d-5381-af8e-5c499f134c7a,049b286b-bc98-5072-af5c-7624b16c23a0,0b4a6e3b-d5cd-5d10-87c4-ab6fda0aa831,active,2026-03-17
db3ebc25-7b0c-513a-aed2-10f6780548ec,049b286b-bc98-5072-af5c-7624b16c23a0,018fefc2-38fb-5f92-8391-2fe032547753,active,2026-04-20
ade8bfa1-fcb7-5c0f-9128-310d83990802,049b286b-bc98-5072-af5c-7624b16c23a0,9502494a-7b3f-5213-8df6-4e5e5e22101f,active,2026-07-11
a9f2f2d0-f173-5d8f-ade8-36039391f027,049b286b-bc98-5072-af5c-7624b16c23a0,a9db23aa-1685-5f58-8beb-3c1c13702b6a,active,2026-08-04
33843b82-f406-5437-b071-f5e839614280,517ebd4f-8181-50f8-9114-4309197e07c8,0b4a6e3b-d5cd-5d10-87c4-ab6fda0aa831,active,2026-03-08
8beba8d1-2eff-5baa-a36f-a2eb29a5d745,517ebd4f-8181-50f8-9114-4309197e07c8,018fefc2-38fb-5f92-8391-2fe032547753,active,2026-05-12
f301a192-3aec-5d8b-b30e-66a3e9f42cca,517ebd4f-8181-50f8-9114-4309197e07c8,9502494a-7b3f-5213-8df6-4e5e5e22101f,active,2025-11-02
cb211840-fbee-5c8e-a876-61eefe638830,517ebd4f-8181-50f8-9114-4309197e07c8,0a1506ca-ede6-548b-91b8-0730277089b0,inactive,2026-01-12
28733291-1dfc-5084-bf55-d567f4bdc7ab,517ebd4f-8181-50f8-9114-4309197e07c8,fc407d89-26e4-55ce-a2dc-fdae931500f1,active,2025-11-27
bf208589-ad8d-55d5-a0f4-229a586bd844,517ebd4f-8181-50f8-9114-4309197e07c8,69d2e248-598e-501c-a2eb-fb4fb8ccf487,active,2025-09-12
7a2bc422-daa1-578a-b985-2fba9f8ec728,517ebd4f-8181-50f8-9114-4309197e07c8,868b1dbf-370d-5142-be8c-5a80dfad818d,active,2025-12-01
41e9fcf5-61e7-5bb3-bbe3-7e8d361a212d,517ebd4f-8181-50f8-9114-4309197e07c8,a9db23aa-1685-5f58-8beb-3c1c13702b6a,active,2026-06-09
72861a01-9b9b-53eb-b4fc-0799a0c08977,aeaf83bf-b5f4-51fb-9302-4ab9834b87ec,0b4a6e3b-d5cd-5d10-87c4-ab6fda0aa831,inactive,2026-01-18
47eb25f5-d0ee-53d9-8c0c-a30f24af3570,aeaf83bf-b5f4-51fb-9302-4ab9834b87ec,018fefc2-38fb-5f92-8391-2fe032547753,active,2025-10-07
1aab0a93-9b38-58bb-989d-2be12d43f9ef,aeaf83bf-b5f4-51fb-9302-4ab9834b87ec,9502494a-7b3f-5213-8df6-4e5e5e22101f,active,2025-12-04
36d88001-80e8-58d1-9484-bc73691bf0cd,aeaf83bf-b5f4-51fb-9302-4ab9834b87ec,a9db23aa-1685-5f58-8beb-3c1c13702b6a,active,2026-06-10
6317005e-c448-5ab0-9ac4-b9cca15b9a0f,aeaf83bf-b5f4-51fb-9302-4ab9834b87ec,0a1506ca-ede6-548b-91b8-0730277089b0,inactive,2026-02-07
b7019983-4817-5bb9-b293-055284dd27d1,11eb90aa-c2ce-5140-854e-7e88706cc9c6,0b4a6e3b-d5cd-5d10-87c4-ab6fda0aa831,active,2026-07-11
1124ffd3-56ae-5898-855b-f5ff27718b44,11eb90aa-c2ce-5140-854e-7e88706cc9c6,018fefc2-38fb-5f92-8391-2fe032547753,active,2026-06-08
fe6ffc9d-fdfd-5e09-87a6-cbb8a90d9307,11eb90aa-c2ce-5140-854e-7e88706cc9c6,0a1506ca-ede6-548b-91b8-0730277089b0,active,2026-06-19
b3d2e25e-ce17-5b7a-a76c-17fa11bfca27,11eb90aa-c2ce-5140-854e-7e88706cc9c6,a9db23aa-1685-5f58-8beb-3c1c13702b6a,active,2026-02-22
ba86dcb2-64f8-59ac-9906-e9b0d530f051,6674b5c4-5676-5e15-a60b-247a96538cee,0b4a6e3b-d5cd-5d10-87c4-ab6fda0aa831,active,2025-09-24
c147fe51-9459-5d14-bc92-1f28439972ae,6674b5c4-5676-5e15-a60b-247a96538cee,018fefc2-38fb-5f92-8391-2fe032547753,active,2026-02-26
63e2204a-26a5-59d2-88a5-fc7434333d20,6674b5c4-5676-5e15-a60b-247a96538cee,f080ca1b-6cb2-5242-98ed-4612ac098b94,inactive,2026-07-23
61c03035-1a8a-57de-88f3-fc2f75c1d4fe,6674b5c4-5676-5e15-a60b-247a96538cee,fc407d89-26e4-55ce-a2dc-fdae931500f1,active,2026-02-18
3f4f6348-579a-557f-b45f-db34010ecd92,6674b5c4-5676-5e15-a60b-247a96538cee,9502494a-7b3f-5213-8df6-4e5e5e22101f,active,2026-08-14
e4a40d0e-3dbf-5190-80af-0ee2474799c3,6674b5c4-5676-5e15-a60b-247a96538cee,69d2e248-598e-501c-a2eb-fb4fb8ccf487,active,2026-06-12
ba29cb9f-280e-5c41-a735-0384fe397434,03c210da-6332-53e2-ba4b-a3e540ef0811,0b4a6e3b-d5cd-5d10-87c4-ab6fda0aa831,active,2026-03-28
93c6e2ec-f308-5784-8520-405e773092fb,03c210da-6332-53e2-ba4b-a3e540ef0811,018fefc2-38fb-5f92-8391-2fe032547753,pending,2025-11-13
c141b0e4-2e5d-5031-b21a-96a40d5943f3,03c210da-6332-53e2-ba4b-a3e540ef0811,69d2e248-598e-501c-a2eb-fb4fb8ccf487,active,2025-09-01
a474b5f1-c2cb-5e91-9c11-f96878e6c23f,03c210da-6332-53e2-ba4b-a3e540ef0811,0a1506ca-ede6-548b-91b8-0730277089b0,inactive,2025-09-11
52dfc72d-0eda-51bc-a61f-fbfcc5bde26f,03c210da-6332-53e2-ba4b-a3e540ef0811,f080ca1b-6cb2-5242-98ed-4612ac098b94,active,2026-04-22
6b9679f5-1803-517c-a3f7-1fccffaacdd3,dc40709a-bb2c-5b80-a5fa-36eff78e585c,0b4a6e3b-d5cd-5d10-87c4-ab6fda0aa831,active,2025-12-24
e9da146c-e225-5ab6-aad8-0bb921f4b95d,dc40709a-bb2c-5b80-a5fa-36eff78e585c,018fefc2-38fb-5f92-8391-2fe032547753,active,2026-01-12
cc3fe27a-1788-5b93-8d40-f2b9b187ab48,dc40709a-bb2c-5b80-a5fa-36eff78e585c,9502494a-7b3f-5213-8df6-4e5e5e22101f,active,2026-05-18
db71863a-ccb8-5b1f-8d8a-a8f6e305f18c,86b6bd00-fb39-51c8-a057-02c9ad460a8b,0b4a6e3b-d5cd-5d10-87c4-ab6fda0aa831,active,2026-05-15
3b84c202-7f24-5063-a8fd-571178e4aa83,86b6bd00-fb39-51c8-a057-02c9ad460a8b,018fefc2-38fb-5f92-8391-2fe032547753,active,2026-03-20
d8a39d9d-454d-540d-a19c-39104d37d710,86b6bd00-fb39-51c8-a057-02c9ad460a8b,868b1dbf-370d-5142-be8c-5a80dfad818d,active,2026-03-21
0938d35d-a73a-576d-a16c-73c14c89a145,86b6bd00-fb39-51c8-a057-02c9ad460a8b,f080ca1b-6cb2-5242-98ed-4612ac098b94,inactive,2026-08-27
8a6a7d8e-fffb-5df7-81e2-bf20c0baba82,86b6bd00-fb39-51c8-a057-02c9ad460a8b,9502494a-7b3f-5213-8df6-4e5e5e22101f,active,2026-05-22
ca700680-0da1-5133-bf85-704dcc3cd07f,86b6bd00-fb39-51c8-a057-02c9ad460a8b,4b343160-5928-5bdb-83ef-2c0f9faba1dd,active,2026-03-10
298231f9-5ad6-5070-bc58-ad25c741264a,86b6bd00-fb39-51c8-a057-02c9ad460a8b,69d2e248-598e-501c-a2eb-fb4fb8ccf487,inactive,2026-02-15
441b70a6-9e81-5382-a0af-541560d9c339,86b6bd00-fb39-51c8-a057-02c9ad460a8b,fc407d89-26e4-55ce-a2dc-fdae931500f1,active,2025-12-01
3b2c0382-3556-5374-8383-d1a9ea9c389c,3cd6d4dd-dfe6-57ac-97fa-80b7c17c19ff,0b4a6e3b-d5cd-5d10-87c4-ab6fda0aa831,active,2026-03-17
bc47a02d-77d0-55db-abea-59d1e6b9ffa5,3cd6d4dd-dfe6-57ac-97fa-80b7c17c19ff,018fefc2-38fb-5f92-8391-2fe032547753,inactive,2025-11-13
5577293f-5f31-539b-89da-71ab3b3a875e,3cd6d4dd-dfe6-57ac-97fa-80b7c17c19ff,9502494a-7b3f-5213-8df6-4e5e5e22101f,active,2025-12-19
8cbd7e7d-5321-5c3b-bb88-3e4967db6f9a,3cd6d4dd-dfe6-57ac-97fa-80b7c17c19ff,69d2e248-598e-501c-a2eb-fb4fb8ccf487,active,2026-06-02
2df7393e-8ed0-5825-a39e-a50ac8b53942,3cd6d4dd-dfe6-57ac-97fa-80b7c17c19ff,f080ca1b-6cb2-5242-98ed-4612ac098b94,active,2026-08-16
ad426233-a585-54cc-8ee6-e0c1326b34af,3cd6d4dd-dfe6-57ac-97fa-80b7c17c19ff,0a1506ca-ede6-548b-91b8-0730277089b0,active,2025-10-13
9ed96a72-2586-57f2-8b4a-65d9f4965919,8076fa57-7ade-519b-9286-8f0c1ab37ca0,0b4a6e3b-d5cd-5d10-87c4-ab6fda0aa831,active,2025-11-17
8c5a875f-11df-5740-a73d-ff616076ee6d,8076fa57-7ade-519b-9286-8f0c1ab37ca0,018fefc2-38fb-5f92-8391-2fe032547753,active,2026-08-30
a29d29aa-3ed2-5471-a1d8-b39552f70a2d,8076fa57-7ade-519b-9286-8f0c1ab37ca0,fc407d89-26e4-55ce-a2dc-fdae931500f1,active,2025-11-13
8bef8960-d9b1-5a7d-9153-0eb22afa888f,8076fa57-7ade-519b-9286-8f0c1ab37ca0,9502494a-7b3f-5213-8df6-4e5e5e22101f,active,2026-05-21
44560409-72fd-5faf-a377-541facd556e4,8076fa57-7ade-519b-9286-8f0c1ab37ca0,69d2e248-598e-501c-a2eb-fb4fb8ccf487,active,2025-10-13
ea3859a2-db5a-5e11-a8e2-469e2e5fa791,1fc68ae9-858e-5a2e-ade5-3501459c5fa6,0b4a6e3b-d5cd-5d10-87c4-ab6fda0aa831,active,2026-08-14
b3e4d771-abf0-5ad7-bce2-ed75fec84d7e,1fc68ae9-858e-5a2e-ade5-3501459c5fa6,018fefc2-38fb-5f92-8391-2fe032547753,pending,2026-05-16
1cb348ca-878f-5a15-adaa-a32dd8afccdb,1fc68ae9-858e-5a2e-ade5-3501459c5fa6,4b343160-5928-5bdb-83ef-2c0f9faba1dd,active,2025-11-19
2e4fc9b3-484c-5056-8de9-e3d89c0c678e,1fc68ae9-858e-5a2e-ade5-3501459c5fa6,a9db23aa-1685-5f58-8beb-3c1c13702b6a,active,2026-05-13
27353091-df89-573a-a278-9821f5385a0c,f75db975-de2a-5d3f-bbfc-6a7a25a08c3c,0b4a6e3b-d5cd-5d10-87c4-ab6fda0aa831,active,2025-12-31
20cbb4c0-5c73-59da-ba40-a1f165535aec,f75db975-de2a-5d3f-bbfc-6a7a25a08c3c,018fefc2-38fb-5f92-8391-2fe032547753,active,2026-03-08
a4835824-a540-5a21-bf8b-032a6e719fa7,f75db975-de2a-5d3f-bbfc-6a7a25a08c3c,69d2e248-598e-501c-a2eb-fb4fb8ccf487,active,2026-03-10
8d4868ae-096b-5c93-8f6a-3cc6d0631502,f75db975-de2a-5d3f-bbfc-6a7a25a08c3c,f080ca1b-6cb2-5242-98ed-4612ac098b94,active,2026-07-19
5c15b0c1-60c9-55d1-b45f-fd4ea6c549b3,f75db975-de2a-5d3f-bbfc-6a7a25a08c3c,0a1506ca-ede6-548b-91b8-0730277089b0,active,2026-01-01
bc92cfe3-619d-5273-ad6b-1ddf510a6ef9,f75db975-de2a-5d3f-bbfc-6a7a25a08c3c,4b343160-5928-5bdb-83ef-2c0f9faba1dd,active,2026-05-16
3a58be60-9127-5363-bb5b-3bfe7212fe3d,f75db975-de2a-5d3f-bbfc-6a7a25a08c3c,9502494a-7b3f-5213-8df6-4e5e5e22101f,inactive,2026-08-19
145f6ede-46f0-58af-b480-bd5435312eee,f2a79b45-bbc2-57e4-9db1-cd80bdc8c4dd,0b4a6e3b-d5cd-5d10-87c4-ab6fda0aa831,inactive,2025-10-30
1ac5a1e7-1125-5b67-8433-f09605ccde41,f2a79b45-bbc2-57e4-9db1-cd80bdc8c4dd,018fefc2-38fb-5f92-8391-2fe032547753,inactive,2025-10-19
0ac702ea-f345-586b-b5f3-800d23228f14,f2a79b45-bbc2-57e4-9db1-cd80bdc8c4dd,868b1dbf-370d-5142-be8c-5a80dfad818d,inactive,2025-11-19
521a41bf-8789-5da8-91e4-8c887e1016e4,f2a79b45-bbc2-57e4-9db1-cd80bdc8c4dd,9502494a-7b3f-5213-8df6-4e5e5e22101f,active,2026-03-12
7b5f0347-91f1-500d-b62b-2ed31c243c61,f2a79b45-bbc2-57e4-9db1-cd80bdc8c4dd,69d2e248-598e-501c-a2eb-fb4fb8ccf487,active,2026-05-26
3139f239-2e5b-598d-b3dc-f144948e5bc0,f2a79b45-bbc2-57e4-9db1-cd80bdc8c4dd,f080ca1b-6cb2-5242-98ed-4612ac098b94,active,2025-12-08
a2c3f431-c645-5d98-90e9-75b3e05ee76c,b65b3f48-4ed6-560b-93ee-3d05cf7e7fd9,0b4a6e3b-d5cd-5d10-87c4-ab6fda0aa831,active,2026-02-26
3942d4eb-bdf3-5d2d-bfce-1b7b4d33ac79,b65b3f48-4ed6-560b-93ee-3d05cf7e7fd9,018fefc2-38fb-5f92-8391-2fe032547753,active,2026-08-24
335cb766-8746-58c4-931c-ed027e6ae140,b65b3f48-4ed6-560b-93ee-3d05cf7e7fd9,9502494a-7b3f-5213-8df6-4e5e5e22101f,inactive,2026-02-07
46e87f24-4b8f-577f-a738-04189c2b7f81,b65b3f48-4ed6-560b-93ee-3d05cf7e7fd9,4b343160-5928-5bdb-83ef-2c0f9faba1dd,active,2026-04-29
f414f2c4-0ae2-5b6a-adfe-cb8c90e720a7,b65b3f48-4ed6-560b-93ee-3d05cf7e7fd9,69d2e248-598e-501c-a2eb-fb4fb8ccf487,inactive,2026-05-30
1ec24ee0-6815-52cb-98e1-ed1227d8f4c7,b65b3f48-4ed6-560b-93ee-3d05cf7e7fd9,0a1506ca-ede6-548b-91b8-0730277089b0,active,2026-01-01
26b71312-8a28-509c-8596-4bfb85f73529,5949f644-2314-559f-a1a0-f3b0dcdd81c9,0b4a6e3b-d5cd-5d10-87c4-ab6fda0aa831,active,2026-07-11
16a013b7-9629-5f6a-b8d8-38fd79dc2f08,5949f644-2314-559f-a1a0-f3b0dcdd81c9,018fefc2-38fb-5f92-8391-2fe032547753,inactive,2026-06-17
2cb1290a-2923-5e95-ab63-0358951c97c9,5949f644-2314-559f-a1a0-f3b0dcdd81c9,f080ca1b-6cb2-5242-98ed-4612ac098b94,active,2026-08-18
6b78a82b-d515-5094-a7e1-b2574b5a5cf1,5949f644-2314-559f-a1a0-f3b0dcdd81c9,868b1dbf-370d-5142-be8c-5a80dfad818d,active,2026-08-17
3b3fde1b-9023-5013-af7f-50b8d1b403f4,a6dbc448-70e7-5da2-91ce-e2f6c505fcaa,0b4a6e3b-d5cd-5d10-87c4-ab6fda0aa831,active,2026-05-25
4cf5511d-27cb-5bbe-a6ad-223d661e3986,a6dbc448-70e7-5da2-91ce-e2f6c505fcaa,018fefc2-38fb-5f92-8391-2fe032547753,pending,2026-02-06
aec73cac-9c81-5c38-8970-d25a3e9346ec,a6dbc448-70e7-5da2-91ce-e2f6c505fcaa,69d2e248-598e-501c-a2eb-fb4fb8ccf487,active,2025-10-16
f3e6d0a3-aac6-550c-937e-0d9fdc2b9eb5,a6dbc448-70e7-5da2-91ce-e2f6c505fcaa,868b1dbf-370d-5142-be8c-5a80dfad818d,active,2026-07-01
8f9f04ef-3cee-5d3f-b635-c27eebe4725c,a6dbc448-70e7-5da2-91ce-e2f6c505fcaa,0a1506ca-ede6-548b-91b8-0730277089b0,pending,2025-12-13
12401052-442d-5b09-a9a3-5e230514d920,e397969e-b51f-5445-b386-9d4053ca0e27,0b4a6e3b-d5cd-5d10-87c4-ab6fda0aa831,active,2026-05-27
7286adc4-d38e-5f2f-8c0c-2ab11abde697,e397969e-b51f-5445-b386-9d4053ca0e27,018fefc2-38fb-5f92-8391-2fe032547753,inactive,2026-05-16
d4868ee5-76d0-5cd7-8c4b-c49c53d8a736,e397969e-b51f-5445-b386-9d4053ca0e27,9502494a-7b3f-5213-8df6-4e5e5e22101f,active,2026-04-21
06b59d06-bebc-5ff7-afc9-2a64f33eb522,e397969e-b51f-5445-b386-9d4053ca0e27,f080ca1b-6cb2-5242-98ed-4612ac098b94,active,2026-07-22
3840b968-530b-53b8-8726-11aac3b5700f,e397969e-b51f-5445-b386-9d4053ca0e27,4b343160-5928-5bdb-83ef-2c0f9faba1dd,inactive,2026-03-25
35f02732-4880-5604-ab4a-1bd9cfe27226,e397969e-b51f-5445-b386-9d4053ca0e27,a9db23aa-1685-5f58-8beb-3c1c13702b6a,active,2025-10-02
d7ecdcbd-0ced-5474-810e-77321e910ba7,e397969e-b51f-5445-b386-9d4053ca0e27,868b1dbf-370d-5142-be8c-5a80dfad818d,pending,2026-05-24
09e11c46-d0af-5500-98c7-150f5aeb4af8,11cfc5f5-801d-5aac-bfa3-433c81f8d533,0b4a6e3b-d5cd-5d10-87c4-ab6fda0aa831,active,2026-08-14
4d6648f0-6f08-576f-8925-593847fab9f0,11cfc5f5-801d-5aac-bfa3-433c81f8d533,018fefc2-38fb-5f92-8391-2fe032547753,active,2025-10-09
ae4f770a-e551-56ac-8ff4-43ac68ea9f66,11cfc5f5-801d-5aac-bfa3-433c81f8d533,69d2e248-598e-501c-a2eb-fb4fb8ccf487,active,2025-11-16
523fb4fe-12e5-587d-b1e1-72cbc73eb3d6,32ed98e8-ef2a-5f24-bc15-fd72abe8c1a1,0b4a6e3b-d5cd-5d10-87c4-ab6fda0aa831,active,2026-06-07
61d0d326-2d9d-50d9-8166-6b81eec0736f,32ed98e8-ef2a-5f24-bc15-fd72abe8c1a1,018fefc2-38fb-5f92-8391-2fe032547753,active,2026-08-06
00cc1c46-9e71-5822-8d8a-91018dae8c7a,32ed98e8-ef2a-5f24-bc15-fd72abe8c1a1,f080ca1b-6cb2-5242-98ed-4612ac098b94,active,2026-05-30
29f04ab2-d5c7-5156-a53f-d9127cf11737,32ed98e8-ef2a-5f24-bc15-fd72abe8c1a1,0a1506ca-ede6-548b-91b8-0730277089b0,active,2026-01-29
1f634d6d-db0d-56e8-ad84-20ff07203630,32ed98e8-ef2a-5f24-bc15-fd72abe8c1a1,a9db23aa-1685-5f58-8beb-3c1c13702b6a,active,2026-04-02
a492a30d-c485-5745-bc5a-964cd5431646,32ed98e8-ef2a-5f24-bc15-fd72abe8c1a1,9502494a-7b3f-5213-8df6-4e5e5e22101f,inactive,2026-06-15
3fdb1374-5934-5d22-80c4-cf696a61f19f,32ed98e8-ef2a-5f24-bc15-fd72abe8c1a1,fc407d89-26e4-55ce-a2dc-fdae931500f1,active,2025-11-17
f218e53f-75dd-5f94-8acd-edb337a64111,d4433849-0935-586b-93bd-85a86f99d92c,0b4a6e3b-d5cd-5d10-87c4-ab6fda0aa831,pending,2025-12-05
5f46e587-1cff-51c5-8b55-c89660b45e72,d4433849-0935-586b-93bd-85a86f99d92c,018fefc2-38fb-5f92-8391-2fe032547753,active,2026-02-22
0edb2b03-393e-59b9-956b-74842193aa63,d4433849-0935-586b-93bd-85a86f99d92c,a9db23aa-1685-5f58-8beb-3c1c13702b6a,active,2026-01-25
5b7cd461-83f0-5630-b1ce-e8339ff11059,d4433849-0935-586b-93bd-85a86f99d92c,69d2e248-598e-501c-a2eb-fb4fb8ccf487,active,2026-08-05
ebce3f1b-40fa-5060-9c09-1ef0a6d7f543,d4433849-0935-586b-93bd-85a86f99d92c,fc407d89-26e4-55ce-a2dc-fdae931500f1,active,2026-03-07
f80b9b48-dc53-5fa1-80ac-17f3ba9bba3f,d4433849-0935-586b-93bd-85a86f99d92c,0a1506ca-ede6-548b-91b8-0730277089b0,active,2025-12-13
03d571ad-4cae-5cbe-b1d1-eb73677a3a1c,d4433849-0935-586b-93bd-85a86f99d92c,9502494a-7b3f-5213-8df6-4e5e5e22101f,active,2025-10-16
db63a5c7-9526-5084-8f49-0e84fc256c73,d4433849-0935-586b-93bd-85a86f99d92c,4b343160-5928-5bdb-83ef-2c0f9faba1dd,active,2026-05-09
c1a0b69a-f042-5512-a694-7221dee17dfd,f8ded629-7996-578f-a74a-9a65837b7f7f,0b4a6e3b-d5cd-5d10-87c4-ab6fda0aa831,active,2025-09-19
5e789d07-57ff-583d-b2e1-6ecfd19aaa8b,f8ded629-7996-578f-a74a-9a65837b7f7f,018fefc2-38fb-5f92-8391-2fe032547753,active,2026-06-18
99ca6f26-d74a-5051-99ff-cd17a3d18bea,f8ded629-7996-578f-a74a-9a65837b7f7f,868b1dbf-370d-5142-be8c-5a80dfad818d,active,2025-10-06
c00309df-d9e3-5923-8b29-482b6a412580,f8ded629-7996-578f-a74a-9a65837b7f7f,f080ca1b-6cb2-5242-98ed-4612ac098b94,active,2026-06-18
865696a6-eeff-5dbf-b90f-57ea563c8b03,f8ded629-7996-578f-a74a-9a65837b7f7f,69d2e248-598e-501c-a2eb-fb4fb8ccf487,active,2025-10-15
1cd0c2b1-f4d1-5541-b9d0-148685f14ebc,f8ded629-7996-578f-a74a-9a65837b7f7f,a9db23aa-1685-5f58-8beb-3c1c13702b6a,active,2026-06-04
62a01a49-33d3-5d4b-9bb3-3ede3d6196d8,f8ded629-7996-578f-a74a-9a65837b7f7f,fc407d89-26e4-55ce-a2dc-fdae931500f1,active,2026-04-08
a17c95c9-edf7-5018-bda7-da002b113562,f8ded629-7996-578f-a74a-9a65837b7f7f,4b343160-5928-5bdb-83ef-2c0f9faba1dd,pending,2025-11-20
c422af64-c74c-54c7-953b-87492390541e,4d4de468-cb98-567b-b2ce-4ed1afd3bb0c,0b4a6e3b-d5cd-5d10-87c4-ab6fda0aa831,active,2025-11-12
c32e438c-823f-5371-8cfb-7019fd4cabcb,4d4de468-cb98-567b-b2ce-4ed1afd3bb0c,018fefc2-38fb-5f92-8391-2fe032547753,pending,2026-01-14
97896672-2649-5144-86a8-51f55f93e5d6,4d4de468-cb98-567b-b2ce-4ed1afd3bb0c,a9db23aa-1685-5f58-8beb-3c1c13702b6a,inactive,2026-03-10
79a81021-71f1-553b-b385-332adce7c11c,96bd0205-8de7-5b6e-960c-0ac3e6a47340,0b4a6e3b-d5cd-5d10-87c4-ab6fda0aa831,active,2025-11-18
cd301b3a-c301-593b-b270-309b8f5fb52e,96bd0205-8de7-5b6e-960c-0ac3e6a47340,018fefc2-38fb-5f92-8391-2fe032547753,active,2026-01-24
4d1e606f-0456-5a6f-87f6-996558eb00d4,96bd0205-8de7-5b6e-960c-0ac3e6a47340,fc407d89-26e4-55ce-a2dc-fdae931500f1,active,2026-05-26
715c85f2-f728-5dc5-b003-3eb9b57dbd55,96bd0205-8de7-5b6e-960c-0ac3e6a47340,69d2e248-598e-501c-a2eb-fb4fb8ccf487,active,2025-10-13
859bd0be-5e71-5a6b-a7a4-1d8c3008ca0e,96bd0205-8de7-5b6e-960c-0ac3e6a47340,868b1dbf-370d-5142-be8c-5a80dfad818d,active,2026-04-01
9eaed3ae-773e-5aba-a03f-fbea4fe6078c,96bd0205-8de7-5b6e-960c-0ac3e6a47340,0a1506ca-ede6-548b-91b8-0730277089b0,inactive,2025-12-29
ccebded9-e890-5291-8068-3d8aadb0321f,ac14c3e0-6e9d-5a93-baeb-fede0efa3e80,0b4a6e3b-d5cd-5d10-87c4-ab6fda0aa831,active,2026-01-10
2a2bd90d-ae05-5450-8058-3a64ccf41dca,ac14c3e0-6e9d-5a93-baeb-fede0efa3e80,018fefc2-38fb-5f92-8391-2fe032547753,active,2026-07-09
20fff6ba-7dfd-5347-a89d-008d87827195,ac14c3e0-6e9d-5a93-baeb-fede0efa3e80,4b343160-5928-5bdb-83ef-2c0f9faba1dd,active,2026-04-17
f446ecbd-e222-52a7-b559-43c99c873e74,ac14c3e0-6e9d-5a93-baeb-fede0efa3e80,fc407d89-26e4-55ce-a2dc-fdae931500f1,inactive,2026-07-13
8870f0fe-52e3-561f-91d3-50fa9b344648,ac14c3e0-6e9d-5a93-baeb-fede0efa3e80,69d2e248-598e-501c-a2eb-fb4fb8ccf487,active,2026-04-21
91f9fb7a-e0b6-5d6f-aa67-e3f567c18700,ac14c3e0-6e9d-5a93-baeb-fede0efa3e80,9502494a-7b3f-5213-8df6-4e5e5e22101f,active,2025-10-08
8824cd63-db56-5421-91b8-8bba6c7bdcb3,7340d2cf-294d-5438-b864-87ff6efcd726,0b4a6e3b-d5cd-5d10-87c4-ab6fda0aa831,inactive,2026-05-19
fc5ed98e-46ce-5556-85c4-ffbffaf1aba5,7340d2cf-294d-5438-b864-87ff6efcd726,018fefc2-38fb-5f92-8391-2fe032547753,active,2026-05-15
fb446444-e6f5-5165-8c4a-d2505fc1f7e3,7340d2cf-294d-5438-b864-87ff6efcd726,a9db23aa-1685-5f58-8beb-3c1c13702b6a,active,2026-02-11
dd9259d9-c667-5a8a-a082-ea07652714a8,b8e8100e-6957-5617-88e2-db74634aa46c,0b4a6e3b-d5cd-5d10-87c4-ab6fda0aa831,active,2025-09-16
10e21521-3e8f-5961-bef3-96686f5884fb,b8e8100e-6957-5617-88e2-db74634aa46c,018fefc2-38fb-5f92-8391-2fe032547753,active,2025-12-11
21518168-f1d0-59a1-babf-9060b96a9a3b,b8e8100e-6957-5617-88e2-db74634aa46c,f080ca1b-6cb2-5242-98ed-4612ac098b94,active,2025-11-23
d237c348-78d0-53ba-b463-5b93d656e66f,b8e8100e-6957-5617-88e2-db74634aa46c,0a1506ca-ede6-548b-91b8-0730277089b0,active,2026-06-22
d97b5874-7f38-5a8a-9f1e-583f9062fa26,b8e8100e-6957-5617-88e2-db74634aa46c,868b1dbf-370d-5142-be8c-5a80dfad818d,active,2026-07-18
7bb2b568-21eb-53e2-9906-f88e460f1087,b8e8100e-6957-5617-88e2-db74634aa46c,4b343160-5928-5bdb-83ef-2c0f9faba1dd,active,2026-03-09
a066acce-4d0a-58fb-b68e-00e2a61577ee,b8e8100e-6957-5617-88e2-db74634aa46c,69d2e248-598e-501c-a2eb-fb4fb8ccf487,active,2025-12-19
1709d22b-eae8-51ab-ad44-229a3a94b5ae,8fbb576b-1a4e-5bef-9155-460d2f083b2a,0b4a6e3b-d5cd-5d10-87c4-ab6fda0aa831,active,2026-04-13
065400f5-5fb3-524e-a201-471f75996c8d,8fbb576b-1a4e-5bef-9155-460d2f083b2a,018fefc2-38fb-5f92-8391-2fe032547753,active,2025-09-22
a288312e-1e4e-5a8b-b99d-84a720bc773a,8fbb576b-1a4e-5bef-9155-460d2f083b2a,4b343160-5928-5bdb-83ef-2c0f9faba1dd,inactive,2026-05-17
24f4c780-9544-5d06-9e61-af33fa486077,8fbb576b-1a4e-5bef-9155-460d2f083b2a,0a1506ca-ede6-548b-91b8-0730277089b0,active,2025-10-11
08bed80e-160e-5a46-9570-6a32f0ad1ddc,8fbb576b-1a4e-5bef-9155-460d2f083b2a,a9db23aa-1685-5f58-8beb-3c1c13702b6a,active,2025-09-16
dfd70b3f-5dc9-59f1-80bf-08d4bd53a5ec,898a0e5b-d908-5060-b440-eb62c6d0ca9d,0b4a6e3b-d5cd-5d10-87c4-ab6fda0aa831,active,2026-07-29
b649952b-dd67-5ef8-ba16-5c868b80e4c2,898a0e5b-d908-5060-b440-eb62c6d0ca9d,018fefc2-38fb-5f92-8391-2fe032547753,active,2025-11-09
3f8a688b-266a-534b-ae69-135197678284,898a0e5b-d908-5060-b440-eb62c6d0ca9d,4b343160-5928-5bdb-83ef-2c0f9faba1dd,active,2026-08-02
750c9ab4-8444-5d2d-bbd7-84bae8c5edfe,898a0e5b-d908-5060-b440-eb62c6d0ca9d,0a1506ca-ede6-548b-91b8-0730277089b0,active,2025-09-30
3d770ded-ffa9-5d1d-86fe-1fb5873f90d6,898a0e5b-d908-5060-b440-eb62c6d0ca9d,69d2e248-598e-501c-a2eb-fb4fb8ccf487,active,2026-04-17
78e2ebef-57a3-5df9-b8e7-9ec4a4465335,898a0e5b-d908-5060-b440-eb62c6d0ca9d,f080ca1b-6cb2-5242-98ed-4612ac098b94,active,2026-04-12
8a12b73f-6170-59f7-8c0b-e320f9d1fd2c,898a0e5b-d908-5060-b440-eb62c6d0ca9d,a9db23aa-1685-5f58-8beb-3c1c13702b6a,active,2026-06-21
c719e150-f88e-5f72-8d3a-041ecbf67296,db776e0b-6199-5243-8144-b29b45e62c84,0b4a6e3b-d5cd-5d10-87c4-ab6fda0aa831,active,2026-05-10
22fb89e6-af9d-5fa0-b477-dee0a06abfe1,db776e0b-6199-5243-8144-b29b45e62c84,018fefc2-38fb-5f92-8391-2fe032547753,active,2025-10-30
f19f9393-0e60-5bbe-875c-0a3d977f65a8,db776e0b-6199-5243-8144-b29b45e62c84,f080ca1b-6cb2-5242-98ed-4612ac098b94,active,2026-06-22
8b19750c-a954-53c2-bd36-8adc12569f4f,db776e0b-6199-5243-8144-b29b45e62c84,4b343160-5928-5bdb-83ef-2c0f9faba1dd,active,2026-03-30
20eb4cd1-9767-5786-ae4a-f95511438cbb,0d06dc6f-2b54-5b8b-b8fe-2793f7ab5d61,0b4a6e3b-d5cd-5d10-87c4-ab6fda0aa831,pending,2025-10-13
3325c76d-834d-5b5d-89dd-c10fb3283781,0d06dc6f-2b54-5b8b-b8fe-2793f7ab5d61,018fefc2-38fb-5f92-8391-2fe032547753,active,2026-01-18
b7fb2314-0964-5a81-9858-7c2b04cf1780,0d06dc6f-2b54-5b8b-b8fe-2793f7ab5d61,4b343160-5928-5bdb-83ef-2c0f9faba1dd,active,2025-12-10
f85ac777-de81-5049-a538-c540d4a1f774,0d06dc6f-2b54-5b8b-b8fe-2793f7ab5d61,868b1dbf-370d-5142-be8c-5a80dfad818d,active,2026-08-23
fcbbb315-4fc8-5977-8b64-057556e1073c,0d06dc6f-2b54-5b8b-b8fe-2793f7ab5d61,f080ca1b-6cb2-5242-98ed-4612ac098b94,active,2026-07-03
719700aa-4810-59a5-80a6-92c7ca260697,0d06dc6f-2b54-5b8b-b8fe-2793f7ab5d61,a9db23aa-1685-5f58-8beb-3c1c13702b6a,active,2025-11-08
71a7f63a-fa6e-5fea-8122-c6ee3a86a2d0,75c9c753-3e28-5b1c-b3c8-0bbe0a29a265,0b4a6e3b-d5cd-5d10-87c4-ab6fda0aa831,active,2025-10-08
86d5b70a-8b11-5db1-92d6-3db3b99e06bb,75c9c753-3e28-5b1c-b3c8-0bbe0a29a265,018fefc2-38fb-5f92-8391-2fe032547753,active,2026-06-26
3ba02735-dd48-582d-9ec6-11d65961ebb5,75c9c753-3e28-5b1c-b3c8-0bbe0a29a265,fc407d89-26e4-55ce-a2dc-fdae931500f1,active,2026-08-07
4d1e6f35-963a-5984-910a-e03d60528023,75c9c753-3e28-5b1c-b3c8-0bbe0a29a265,4b343160-5928-5bdb-83ef-2c0f9faba1dd,inactive,2026-03-22
fa886b53-4401-5128-b7b9-c2014858fbc3,75c9c753-3e28-5b1c-b3c8-0bbe0a29a265,0a1506ca-ede6-548b-91b8-0730277089b0,active,2025-11-15
f4d2aaf9-6896-587b-9ccb-a70c5efc085d,17e8c798-6f2b-5bba-92a1-25c607fc24c0,0b4a6e3b-d5cd-5d10-87c4-ab6fda0aa831,active,2026-06-03
02b28eb9-71db-5b41-a450-3d06a513636e,17e8c798-6f2b-5bba-92a1-25c607fc24c0,018fefc2-38fb-5f92-8391-2fe032547753,inactive,2025-09-02
9757f3bd-b7a0-53e8-bd4b-58798d7d910f,17e8c798-6f2b-5bba-92a1-25c607fc24c0,f080ca1b-6cb2-5242-98ed-4612ac098b94,active,2025-10-13
6eeffcb0-373d-547e-868d-4e3f4380f6c2,17e8c798-6f2b-5bba-92a1-25c607fc24c0,69d2e248-598e-501c-a2eb-fb4fb8ccf487,active,2026-06-19
a8bc9c93-e4c7-54af-8cf2-e6dddb8e7c64,17e8c798-6f2b-5bba-92a1-25c607fc24c0,0a1506ca-ede6-548b-91b8-0730277089b0,active,2026-05-12
8b043de1-4fbc-59a6-b9c6-5355c4988067,17e8c798-6f2b-5bba-92a1-25c607fc24c0,a9db23aa-1685-5f58-8beb-3c1c13702b6a,active,2026-03-04
361b1716-c9a9-5c95-b1cf-2ec493e72e38,17e8c798-6f2b-5bba-92a1-25c607fc24c0,fc407d89-26e4-55ce-a2dc-fdae931500f1,active,2026-08-16
fab21f5b-9c30-571c-b134-8b13540955bc,d86636ba-be31-5766-b43b-0687892ff6cd,0b4a6e3b-d5cd-5d10-87c4-ab6fda0aa831,active,2026-02-02
c5c19a54-6c74-5cd3-8f2f-68007b023fee,d86636ba-be31-5766-b43b-0687892ff6cd,018fefc2-38fb-5f92-8391-2fe032547753,active,2026-04-27
b767d299-5409-52b3-aba0-8f183c467b7a,d86636ba-be31-5766-b43b-0687892ff6cd,9502494a-7b3f-5213-8df6-4e5e5e22101f,active,2026-06-25
01ab6a88-fec2-5251-afbe-b7954f307f3f,c68cb08d-2871-5fc3-a244-3ccfff2aba31,0b4a6e3b-d5cd-5d10-87c4-ab6fda0aa831,active,2025-10-04
d989da27-b69f-5341-b8dc-909c955d2ae7,c68cb08d-2871-5fc3-a244-3ccfff2aba31,018fefc2-38fb-5f92-8391-2fe032547753,active,2025-12-26
fc5e6b6d-0e50-5c2a-86c5-5ad75919c457,c68cb08d-2871-5fc3-a244-3ccfff2aba31,f080ca1b-6cb2-5242-98ed-4612ac098b94,active,2026-06-14
da0f885c-6599-5f1a-948f-9d477b2e863a,c68cb08d-2871-5fc3-a244-3ccfff2aba31,868b1dbf-370d-5142-be8c-5a80dfad818d,active,2026-08-24
f260f46e-dbce-5221-9b1b-6d9edf2aaa9a,c68cb08d-2871-5fc3-a244-3ccfff2aba31,69d2e248-598e-501c-a2eb-fb4fb8ccf487,active,2026-05-04
a0754a81-1dfb-51c1-a581-079d6abf4fa4,96472508-05a4-5d4a-873b-67bf7e52702a,0b4a6e3b-d5cd-5d10-87c4-ab6fda0aa831,active,2026-01-19
c504078b-515d-52a2-9494-7d87830b3fc4,96472508-05a4-5d4a-873b-67bf7e52702a,018fefc2-38fb-5f92-8391-2fe032547753,active,2025-09-27
41acd23f-6d6d-5bbd-9757-f7b32ba5f39f,96472508-05a4-5d4a-873b-67bf7e52702a,fc407d89-26e4-55ce-a2dc-fdae931500f1,active,2026-01-05
0d563bab-bab2-5f6d-99df-98db75048cd4,96472508-05a4-5d4a-873b-67bf7e52702a,9502494a-7b3f-5213-8df6-4e5e5e22101f,active,2026-05-12
a5f47c3b-6bab-546c-82f7-15a76ae28b4a,3b3c1920-61c4-5477-a3a7-22e3e7db7971,0b4a6e3b-d5cd-5d10-87c4-ab6fda0aa831,active,2026-07-18
55282c0e-b801-5fb8-bb98-3e121c9e14c3,3b3c1920-61c4-5477-a3a7-22e3e7db7971,018fefc2-38fb-5f92-8391-2fe032547753,active,2025-09-14
c45b42c2-a6b8-5536-97af-4dfea646700d,3b3c1920-61c4-5477-a3a7-22e3e7db7971,fc407d89-26e4-55ce-a2dc-fdae931500f1,active,2025-11-03
f5ea2803-6ad1-5092-9a65-84db248e780d,3b3c1920-61c4-5477-a3a7-22e3e7db7971,9502494a-7b3f-5213-8df6-4e5e5e22101f,active,2026-06-06
8d0cf21c-2f38-530f-8603-91de14be3f2d,3b3c1920-61c4-5477-a3a7-22e3e7db7971,868b1dbf-370d-5142-be8c-5a80dfad818d,active,2026-05-12
f48cfd31-d3f0-5d29-bd37-911ffe140363,3b3c1920-61c4-5477-a3a7-22e3e7db7971,a9db23aa-1685-5f58-8beb-3c1c13702b6a,inactive,2026-08-13
e4f7d943-53c1-53ee-9170-d44e1eeecc2e,3b3c1920-61c4-5477-a3a7-22e3e7db7971,4b343160-5928-5bdb-83ef-2c0f9faba1dd,active,2026-06-01
42d841a3-00d4-56f2-bc6f-46c2da46bb62,98e66a0a-6d0a-5888-84ab-dcd6d48f66fb,0b4a6e3b-d5cd-5d10-87c4-ab6fda0aa831,active,2026-05-28
cc0c42ab-1079-5021-9238-48b43ca61d5a,98e66a0a-6d0a-5888-84ab-dcd6d48f66fb,018fefc2-38fb-5f92-8391-2fe032547753,active,2026-05-10
f47caeb3-32b6-5e13-9984-ff084c7b10de,98e66a0a-6d0a-5888-84ab-dcd6d48f66fb,69d2e248-598e-501c-a2eb-fb4fb8ccf487,inactive,2026-02-04
33c7f78e-3ddb-5142-ab6b-0865236212a5,98e66a0a-6d0a-5888-84ab-dcd6d48f66fb,868b1dbf-370d-5142-be8c-5a80dfad818d,active,2026-01-12
4b44d23c-fd01-52d9-a9f3-2f6d97578e7f,2c198f0c-837a-59d2-83dd-1cf8ddf69b3e,0b4a6e3b-d5cd-5d10-87c4-ab6fda0aa831,active,2026-01-23
c1edbb54-2360-5631-9011-cc0a696322b1,2c198f0c-837a-59d2-83dd-1cf8ddf69b3e,018fefc2-38fb-5f92-8391-2fe032547753,active,2025-11-19
7f8589b6-2810-589e-8c6c-f81a10543105,2c198f0c-837a-59d2-83dd-1cf8ddf69b3e,f080ca1b-6cb2-5242-98ed-4612ac098b94,active,2026-02-24
eceef400-1b53-59e7-8866-8b76d844c23d,2c198f0c-837a-59d2-83dd-1cf8ddf69b3e,69d2e248-598e-501c-a2eb-fb4fb8ccf487,active,2026-07-04
3d41e421-8801-5e36-b096-afbc0be5f7b0,2c198f0c-837a-59d2-83dd-1cf8ddf69b3e,fc407d89-26e4-55ce-a2dc-fdae931500f1,active,2026-01-21
febd4f10-83d1-591d-b503-f527d3153f2f,2c198f0c-837a-59d2-83dd-1cf8ddf69b3e,4b343160-5928-5bdb-83ef-2c0f9faba1dd,active,2026-07-26
89b2d79c-1ec1-5ffa-8396-45120e989bf4,2c198f0c-837a-59d2-83dd-1cf8ddf69b3e,0a1506ca-ede6-548b-91b8-0730277089b0,active,2026-06-15
5c9b9098-0303-51b2-8ab8-922b32eff37c,2c198f0c-837a-59d2-83dd-1cf8ddf69b3e,9502494a-7b3f-5213-8df6-4e5e5e22101f,active,2026-02-15
97ee97cd-7dab-5ff9-8694-33c6308a3ff3,16875ba0-6a25-54e3-a9db-2b70cc51a783,0b4a6e3b-d5cd-5d10-87c4-ab6fda0aa831,active,2026-06-14
a5bd66d2-8e7c-5683-9c38-ce949a031647,16875ba0-6a25-54e3-a9db-2b70cc51a783,018fefc2-38fb-5f92-8391-2fe032547753,inactive,2026-08-09
d4022af1-2049-5493-8b09-5f8689f66563,16875ba0-6a25-54e3-a9db-2b70cc51a783,69d2e248-598e-501c-a2eb-fb4fb8ccf487,active,2025-10-03
4fc053da-4a35-5603-a030-821670711c33,16875ba0-6a25-54e3-a9db-2b70cc51a783,fc407d89-26e4-55ce-a2dc-fdae931500f1,active,2025-11-27
f83b3d15-cc79-5633-ae98-fd76445333f7,16875ba0-6a25-54e3-a9db-2b70cc51a783,f080ca1b-6cb2-5242-98ed-4612ac098b94,active,2026-08-22
7c2f3b3a-2093-5512-86e7-db4d30cb949e,16875ba0-6a25-54e3-a9db-2b70cc51a783,4b343160-5928-5bdb-83ef-2c0f9faba1dd,active,2026-03-11
ebc36ad8-2b5e-5eba-adc3-083000491835,16875ba0-6a25-54e3-a9db-2b70cc51a783,a9db23aa-1685-5f58-8beb-3c1c13702b6a,active,2025-12-05
a30f545a-64e5-5594-af0c-f2adf7935449,16875ba0-6a25-54e3-a9db-2b70cc51a783,0a1506ca-ede6-548b-91b8-0730277089b0,active,2026-06-10
a53f0e98-d4ec-5384-a9a5-4315a3acf23d,8631bfeb-7f17-528f-87b9-346379c9787c,0b4a6e3b-d5cd-5d10-87c4-ab6fda0aa831,active,2026-01-24
b3a982c6-9e47-5db5-a077-dc458de26417,8631bfeb-7f17-528f-87b9-346379c9787c,018fefc2-38fb-5f92-8391-2fe032547753,active,2026-08-12
9c932da4-0780-5aaf-9b6a-34d327d66a34,8631bfeb-7f17-528f-87b9-346379c9787c,0a1506ca-ede6-548b-91b8-0730277089b0,active,2025-12-04
ed6402d5-69c4-5ea8-8021-213b1391a57c,300da2f6-d4f8-5204-9c5a-761aa1569285,0b4a6e3b-d5cd-5d10-87c4-ab6fda0aa831,pending,2026-03-07
841ba828-f98b-5c1a-8341-9c148b3c1d4c,300da2f6-d4f8-5204-9c5a-761aa1569285,018fefc2-38fb-5f92-8391-2fe032547753,inactive,2026-04-04
f510fff3-4314-5e96-aa37-84b12535ff7b,300da2f6-d4f8-5204-9c5a-761aa1569285,868b1dbf-370d-5142-be8c-5a80dfad818d,active,2025-11-27
ce897120-a2c2-579c-abdc-153ce087f446,300da2f6-d4f8-5204-9c5a-761aa1569285,69d2e248-598e-501c-a2eb-fb4fb8ccf487,active,2026-07-13
c4d86292-d868-5a1f-b796-08a1463bc244,300da2f6-d4f8-5204-9c5a-761aa1569285,9502494a-7b3f-5213-8df6-4e5e5e22101f,active,2026-06-15
09c81b34-223a-5f27-9bfc-141677b4ba3b,08f0ac25-f784-5630-80b7-6da94159ddd7,0b4a6e3b-d5cd-5d10-87c4-ab6fda0aa831,active,2025-11-06
bc2182fc-1810-581e-8c98-6a5c12581b9f,08f0ac25-f784-5630-80b7-6da94159ddd7,018fefc2-38fb-5f92-8391-2fe032547753,active,2026-02-25
6b64c672-9c6d-593d-babf-43f622e84154,08f0ac25-f784-5630-80b7-6da94159ddd7,4b343160-5928-5bdb-83ef-2c0f9faba1dd,inactive,2026-06-23
e02c68c4-a495-57dc-834f-f8bdd2f8a7cc,08f0ac25-f784-5630-80b7-6da94159ddd7,fc407d89-26e4-55ce-a2dc-fdae931500f1,pending,2026-08-23
d0d5901d-6d5b-537d-9de4-18d610277628,08f0ac25-f784-5630-80b7-6da94159ddd7,a9db23aa-1685-5f58-8beb-3c1c13702b6a,active,2025-10-22
23fc48d9-6e81-5524-a53d-db86bc7d3576,aa142702-c42a-5872-bb6a-5ca621de8a2a,0b4a6e3b-d5cd-5d10-87c4-ab6fda0aa831,active,2025-11-07
9a8557ef-da56-5def-89e3-d6355ac605dd,aa142702-c42a-5872-bb6a-5ca621de8a2a,018fefc2-38fb-5f92-8391-2fe032547753,inactive,2025-10-09
21d9a910-1320-5f96-a300-10fdb665d637,aa142702-c42a-5872-bb6a-5ca621de8a2a,0a1506ca-ede6-548b-91b8-0730277089b0,active,2026-04-27
03024469-c197-5c32-8a5d-0c63b3022238,aa142702-c42a-5872-bb6a-5ca621de8a2a,69d2e248-598e-501c-a2eb-fb4fb8ccf487,active,2026-07-06
1a196ecd-eca4-5ee0-8f57-2c3324904f27,aa142702-c42a-5872-bb6a-5ca621de8a2a,9502494a-7b3f-5213-8df6-4e5e5e22101f,active,2026-06-21
7959d89e-80fe-57f4-b04b-6b7a0d5dd848,aa142702-c42a-5872-bb6a-5ca621de8a2a,f080ca1b-6cb2-5242-98ed-4612ac098b94,active,2026-06-07
e9d59ee7-7ced-58d1-9148-b2e714dbe0b7,074330af-41e2-5e7f-b322-a53fd1c53daa,0b4a6e3b-d5cd-5d10-87c4-ab6fda0aa831,active,2025-11-24
f13d2b5b-97e1-5cfb-a7ce-0813d7408e85,074330af-41e2-5e7f-b322-a53fd1c53daa,018fefc2-38fb-5f92-8391-2fe032547753,active,2026-01-12
fbd14484-6a67-5e3a-a8fc-7dedca34941b,074330af-41e2-5e7f-b322-a53fd1c53daa,a9db23aa-1685-5f58-8beb-3c1c13702b6a,active,2026-04-10
e12d1057-bb2d-5422-977b-7d3e5c7fadec,074330af-41e2-5e7f-b322-a53fd1c53daa,4b343160-5928-5bdb-83ef-2c0f9faba1dd,active,2026-01-29
d90ec92d-514f-5423-a5e7-66eccc7fb83a,074330af-41e2-5e7f-b322-a53fd1c53daa,868b1dbf-370d-5142-be8c-5a80dfad818d,active,2025-10-09
a38601b4-59a3-5b69-81df-05df9744977d,9d8be696-769b-591e-89be-20b0c5158113,0b4a6e3b-d5cd-5d10-87c4-ab6fda0aa831,active,2026-01-01
4854e6ae-cf76-52f6-9450-0278a0d392d4,9d8be696-769b-591e-89be-20b0c5158113,018fefc2-38fb-5f92-8391-2fe032547753,active,2025-10-24
ceb669f7-7537-5b83-ba68-608c64c0c51f,9d8be696-769b-591e-89be-20b0c5158113,868b1dbf-370d-5142-be8c-5a80dfad818d,active,2025-10-08
7e52ab7d-13dd-5f3a-b394-201669586791,e3cb700e-57bc-504f-817a-82f704e71066,0b4a6e3b-d5cd-5d10-87c4-ab6fda0aa831,active,2025-10-15
fdb97b0b-86bd-53f2-8877-fc437e7834af,e3cb700e-57bc-504f-817a-82f704e71066,018fefc2-38fb-5f92-8391-2fe032547753,active,2026-04-10
42dc6480-9588-582c-9a19-64e32f98412a,e3cb700e-57bc-504f-817a-82f704e71066,a9db23aa-1685-5f58-8beb-3c1c13702b6a,active,2025-10-10
0f0ddc19-90e2-50b1-bc23-85cf2d8e1072,e3cb700e-57bc-504f-817a-82f704e71066,4b343160-5928-5bdb-83ef-2c0f9faba1dd,inactive,2026-02-24
5654eb86-01e2-5b34-96e1-cda24aadd8e4,e3cb700e-57bc-504f-817a-82f704e71066,9502494a-7b3f-5213-8df6-4e5e5e22101f,active,2025-10-24
b7dcea89-65d6-53e4-84f8-084fa5c15d52,21c29f88-ffb4-5483-8f30-f42b412429a7,0b4a6e3b-d5cd-5d10-87c4-ab6fda0aa831,active,2026-05-23
8ba119a7-0fda-5c59-b7e0-e9ed91f551e3,21c29f88-ffb4-5483-8f30-f42b412429a7,018fefc2-38fb-5f92-8391-2fe032547753,active,2026-05-27
371d5934-fe65-5b6b-a3f8-529bdb334814,21c29f88-ffb4-5483-8f30-f42b412429a7,fc407d89-26e4-55ce-a2dc-fdae931500f1,active,2026-02-01
1c613bde-48b9-5337-88e2-525a201e1496,21c29f88-ffb4-5483-8f30-f42b412429a7,a9db23aa-1685-5f58-8beb-3c1c13702b6a,active,2026-07-09
fc8fdd4a-62e1-5377-b30d-b6b11b62b55f,13162149-fc7c-5b4a-9563-600adbd72fa5,0b4a6e3b-d5cd-5d10-87c4-ab6fda0aa831,inactive,2026-02-08
c3cfa378-0f6e-5d5f-ba58-8af4740fbcbd,13162149-fc7c-5b4a-9563-600adbd72fa5,018fefc2-38fb-5f92-8391-2fe032547753,active,2026-08-07
8ef8d7dd-67c7-5c68-8e2a-6b006684b7ec,13162149-fc7c-5b4a-9563-600adbd72fa5,a9db23aa-1685-5f58-8beb-3c1c13702b6a,active,2026-05-01
03b10251-f1be-5b8c-8357-0cc82edfe3aa,13162149-fc7c-5b4a-9563-600adbd72fa5,69d2e248-598e-501c-a2eb-fb4fb8ccf487,active,2025-10-26
1123a351-fc58-575e-ab51-b78a534491ef,89678d5f-48fc-574c-9eab-cdf011b618fe,0b4a6e3b-d5cd-5d10-87c4-ab6fda0aa831,active,2026-03-06
b0031aa0-7abc-5336-9853-1527d021a24d,89678d5f-48fc-574c-9eab-cdf011b618fe,018fefc2-38fb-5f92-8391-2fe032547753,active,2025-12-16
a9f0619d-737b-51ab-938e-fb35152f4321,89678d5f-48fc-574c-9eab-cdf011b618fe,f080ca1b-6cb2-5242-98ed-4612ac098b94,active,2026-08-08
b0b9c1ef-f728-5f09-8e8b-f9705027969c,89678d5f-48fc-574c-9eab-cdf011b618fe,868b1dbf-370d-5142-be8c-5a80dfad818d,active,2026-02-19
92d69df8-f758-51f2-a583-6043fbbc81e7,89678d5f-48fc-574c-9eab-cdf011b618fe,4b343160-5928-5bdb-83ef-2c0f9faba1dd,active,2026-01-11
bacd5384-fe43-572d-b77c-7f8985b11be4,89678d5f-48fc-574c-9eab-cdf011b618fe,9502494a-7b3f-5213-8df6-4e5e5e22101f,active,2026-05-04
09c851cd-1e48-5e7d-b6ac-b2d6bf8a39cb,89678d5f-48fc-574c-9eab-cdf011b618fe,0a1506ca-ede6-548b-91b8-0730277089b0,active,2026-01-15
38651f3d-a439-5f7b-b142-09b224692b06,89678d5f-48fc-574c-9eab-cdf011b618fe,fc407d89-26e4-55ce-a2dc-fdae931500f1,active,2026-06-03
d3a8646a-b22b-5645-812b-21f095e6f693,8b90dfc0-677d-5c4d-be60-e8c712cad697,0b4a6e3b-d5cd-5d10-87c4-ab6fda0aa831,active,2026-05-08
e0d0dea8-8da5-5053-ab8d-2b200f28b2ff,8b90dfc0-677d-5c4d-be60-e8c712cad697,018fefc2-38fb-5f92-8391-2fe032547753,active,2026-04-28
81485272-d5fb-54f6-a66a-8c715c3a5338,8b90dfc0-677d-5c4d-be60-e8c712cad697,4b343160-5928-5bdb-83ef-2c0f9faba1dd,active,2026-08-24
735ec68c-88d7-576f-9d49-e69174ebcff7,8b90dfc0-677d-5c4d-be60-e8c712cad697,a9db23aa-1685-5f58-8beb-3c1c13702b6a,active,2026-01-21
a316508e-8e0e-5b70-b5bd-a9759238d053,8b90dfc0-677d-5c4d-be60-e8c712cad697,0a1506ca-ede6-548b-91b8-0730277089b0,active,2025-11-17
2136c2be-918e-5f3b-bc20-5d12e1898057,8b90dfc0-677d-5c4d-be60-e8c712cad697,9502494a-7b3f-5213-8df6-4e5e5e22101f,active,2026-04-04
e8f83976-0c02-5782-93cf-585357cb86f5,8b90dfc0-677d-5c4d-be60-e8c712cad697,fc407d89-26e4-55ce-a2dc-fdae931500f1,active,2025-10-31
273a0a50-af94-5c4a-b586-6687f41a03e3,333d298a-71af-5e58-a5a9-432703761249,0b4a6e3b-d5cd-5d10-87c4-ab6fda0aa831,pending,2026-01-24
6da6ad12-6249-515f-a98f-8d54750bfe21,333d298a-71af-5e58-a5a9-432703761249,018fefc2-38fb-5f92-8391-2fe032547753,active,2025-11-13
93acf3cd-84aa-5360-ba69-d4f6c0e4f9b1,333d298a-71af-5e58-a5a9-432703761249,9502494a-7b3f-5213-8df6-4e5e5e22101f,active,2025-09-24
6cfafa54-4e4d-5064-957e-12fa82d836c6,333d298a-71af-5e58-a5a9-432703761249,868b1dbf-370d-5142-be8c-5a80dfad818d,inactive,2026-06-05
c819f36a-005f-5213-94f6-6316fd441154,333d298a-71af-5e58-a5a9-432703761249,69d2e248-598e-501c-a2eb-fb4fb8ccf487,active,2026-01-13
bdb839db-28fb-5ab3-8d2e-8f2a6da77841,333d298a-71af-5e58-a5a9-432703761249,4b343160-5928-5bdb-83ef-2c0f9faba1dd,active,2026-01-11
ce5f4bbc-7398-5728-9756-daa9a493ad85,333d298a-71af-5e58-a5a9-432703761249,fc407d89-26e4-55ce-a2dc-fdae931500f1,active,2026-08-21
05405ee9-3bb5-5c03-a96d-12ef19c12387,e6997e74-9b55-51da-92cf-ce4227fbb722,0b4a6e3b-d5cd-5d10-87c4-ab6fda0aa831,active,2025-09-03
0d0bc6a5-9dfe-5605-b3af-fabf40f12aed,e6997e74-9b55-51da-92cf-ce4227fbb722,018fefc2-38fb-5f92-8391-2fe032547753,active,2025-09-14
a96a30ca-2f71-5083-9660-1c3a2300cf18,e6997e74-9b55-51da-92cf-ce4227fbb722,4b343160-5928-5bdb-83ef-2c0f9faba1dd,active,2026-05-05
db2019e3-6f3f-5d12-a584-f4074d29c507,206260d0-62ac-5e96-b71d-661b687cf9f7,0b4a6e3b-d5cd-5d10-87c4-ab6fda0aa831,active,2026-04-26
f1b65706-98e5-5690-a0a6-2bc1ff07b237,206260d0-62ac-5e96-b71d-661b687cf9f7,018fefc2-38fb-5f92-8391-2fe032547753,active,2025-10-01
16c409b8-7988-58e8-8023-21f93a30a4bc,206260d0-62ac-5e96-b71d-661b687cf9f7,a9db23aa-1685-5f58-8beb-3c1c13702b6a,active,2026-01-18
8ab76e0c-b241-50a9-be84-824f89b2f37c,b9fd3e12-e84f-5895-ab5d-2159a6382303,0b4a6e3b-d5cd-5d10-87c4-ab6fda0aa831,active,2026-06-21
9585c49d-3f94-540a-977d-d1d479731c0c,b9fd3e12-e84f-5895-ab5d-2159a6382303,018fefc2-38fb-5f92-8391-2fe032547753,active,2026-08-01
2ef2276a-0a92-57dc-b7cb-17e04ace17ea,b9fd3e12-e84f-5895-ab5d-2159a6382303,fc407d89-26e4-55ce-a2dc-fdae931500f1,active,2026-04-01
e7a3f85a-7668-52f8-802c-0e61b839d81c,b9fd3e12-e84f-5895-ab5d-2159a6382303,0a1506ca-ede6-548b-91b8-0730277089b0,active,2026-04-06
a7a2bacd-0e68-5ea3-8d89-05bfb306b490,b9fd3e12-e84f-5895-ab5d-2159a6382303,4b343160-5928-5bdb-83ef-2c0f9faba1dd,active,2026-05-22
0e4918dd-fe74-5dd6-8c03-9199582e2981,b9fd3e12-e84f-5895-ab5d-2159a6382303,69d2e248-598e-501c-a2eb-fb4fb8ccf487,inactive,2025-11-15
6cd2fb93-2ad1-5b5f-a2a2-fa69160c117f,79480e02-9513-5b1f-8ee8-851a8e95692c,0b4a6e3b-d5cd-5d10-87c4-ab6fda0aa831,inactive,2025-11-04
3fc6bb67-8022-54a1-ae2e-478e436b53b5,79480e02-9513-5b1f-8ee8-851a8e95692c,018fefc2-38fb-5f92-8391-2fe032547753,active,2025-11-15
ddff260b-a7b9-583c-a5e3-3d2c498166ff,79480e02-9513-5b1f-8ee8-851a8e95692c,fc407d89-26e4-55ce-a2dc-fdae931500f1,active,2026-03-25
2b782774-1d56-5f08-aff7-ea97f6ebb095,79480e02-9513-5b1f-8ee8-851a8e95692c,a9db23aa-1685-5f58-8beb-3c1c13702b6a,active,2026-05-07
1ae542bf-30ee-5003-a589-1693d6a21f82,79480e02-9513-5b1f-8ee8-851a8e95692c,0a1506ca-ede6-548b-91b8-0730277089b0,active,2026-07-11
a7ced9e3-5340-53e4-bd95-69812c3f45a3,03d980bc-471c-5142-8650-f24086a96aa6,0b4a6e3b-d5cd-5d10-87c4-ab6fda0aa831,active,2025-10-13
06ec1c71-b581-585b-a651-fd40e5a13d00,03d980bc-471c-5142-8650-f24086a96aa6,018fefc2-38fb-5f92-8391-2fe032547753,inactive,2025-10-24
7bc745d4-132c-5305-9209-074d887ec348,03d980bc-471c-5142-8650-f24086a96aa6,868b1dbf-370d-5142-be8c-5a80dfad818d,active,2025-11-17
12a81999-8a0f-50ab-98fd-137cfcc3ff75,03d980bc-471c-5142-8650-f24086a96aa6,a9db23aa-1685-5f58-8beb-3c1c13702b6a,active,2026-01-27
695baeb6-f23a-5a8d-aac0-22cb223c54a0,03d980bc-471c-5142-8650-f24086a96aa6,9502494a-7b3f-5213-8df6-4e5e5e22101f,active,2025-08-31
f8725634-d1eb-5f01-b2c9-1e083b475ca8,03d980bc-471c-5142-8650-f24086a96aa6,0a1506ca-ede6-548b-91b8-0730277089b0,active,2026-08-16
c118d9c8-7e21-548d-9ca0-a0dcd3ae1739,03d980bc-471c-5142-8650-f24086a96aa6,4b343160-5928-5bdb-83ef-2c0f9faba1dd,active,2026-07-26
e461b5c6-48e1-5119-a680-4965389a2fda,03d980bc-471c-5142-8650-f24086a96aa6,69d2e248-598e-501c-a2eb-fb4fb8ccf487,active,2026-02-16
c0418f7e-122f-5f92-86cb-2103e7c92b08,d9fdc412-aec7-5a86-add5-f0902e6375fa,0b4a6e3b-d5cd-5d10-87c4-ab6fda0aa831,active,2026-03-13
9bf6e1d0-1107-58ff-a36d-2c798d70f426,d9fdc412-aec7-5a86-add5-f0902e6375fa,018fefc2-38fb-5f92-8391-2fe032547753,active,2026-08-08
96270d52-9e7c-5952-9859-befc7daa21c4,d9fdc412-aec7-5a86-add5-f0902e6375fa,fc407d89-26e4-55ce-a2dc-fdae931500f1,active,2026-01-20
687add48-ab28-51bf-8b1f-f20c7dd9260e,d9fdc412-aec7-5a86-add5-f0902e6375fa,f080ca1b-6cb2-5242-98ed-4612ac098b94,active,2025-09-16
7bef2c39-b9dc-5582-96e2-56d4818f8da3,d9fdc412-aec7-5a86-add5-f0902e6375fa,4b343160-5928-5bdb-83ef-2c0f9faba1dd,active,2025-12-22
d4d2d271-c999-53c1-afb9-82cc6ba132ae,a1928872-fa7b-5f96-b738-9aed6955f45b,0b4a6e3b-d5cd-5d10-87c4-ab6fda0aa831,active,2026-04-03
6c418da2-ee97-53c5-926a-044c60bfc021,a1928872-fa7b-5f96-b738-9aed6955f45b,018fefc2-38fb-5f92-8391-2fe032547753,active,2026-03-11
a46c3c70-a240-50ea-be89-dae5a2da2a72,a1928872-fa7b-5f96-b738-9aed6955f45b,f080ca1b-6cb2-5242-98ed-4612ac098b94,inactive,2026-01-09
1dae4ff1-5aeb-5280-9e82-3fad2c0bdba8,a1928872-fa7b-5f96-b738-9aed6955f45b,4b343160-5928-5bdb-83ef-2c0f9faba1dd,active,2025-09-14
f1c9e643-5094-5623-aa5c-7fd25bcf1c26,a1928872-fa7b-5f96-b738-9aed6955f45b,0a1506ca-ede6-548b-91b8-0730277089b0,active,2025-10-18
eb96ce3b-0d7f-52aa-a101-72815720f3f7,a1928872-fa7b-5f96-b738-9aed6955f45b,69d2e248-598e-501c-a2eb-fb4fb8ccf487,active,2026-03-11
03a3ea1c-199f-540b-b5e9-ab2edabd97a2,b9a20119-158b-5370-ad71-3f572943af79,0b4a6e3b-d5cd-5d10-87c4-ab6fda0aa831,active,2026-03-15
e2c041e9-9f39-5e2d-942d-5a49eea6f9db,b9a20119-158b-5370-ad71-3f572943af79,018fefc2-38fb-5f92-8391-2fe032547753,active,2026-04-29
cd8ea9ac-0fa0-5a97-a8a9-1f41ed14e612,b9a20119-158b-5370-ad71-3f572943af79,868b1dbf-370d-5142-be8c-5a80dfad818d,active,2025-12-14
1da125b2-890b-5d62-b385-ed1985683578,be0a5f04-8939-5ab3-a13a-4d517a6f2ebc,0b4a6e3b-d5cd-5d10-87c4-ab6fda0aa831,pending,2025-11-11
82485963-3145-5e6e-bdf1-f5702c7ab75a,be0a5f04-8939-5ab3-a13a-4d517a6f2ebc,018fefc2-38fb-5f92-8391-2fe032547753,inactive,2025-12-15
f7d850cc-8bbc-5a21-8b83-b600854b57cd,be0a5f04-8939-5ab3-a13a-4d517a6f2ebc,9502494a-7b3f-5213-8df6-4e5e5e22101f,active,2026-07-30
4868d257-ef00-587b-83af-3daf7b4019b8,be0a5f04-8939-5ab3-a13a-4d517a6f2ebc,69d2e248-598e-501c-a2eb-fb4fb8ccf487,inactive,2025-11-05
92b3a79e-6942-5c9b-8182-b816f6212ccf,be0a5f04-8939-5ab3-a13a-4d517a6f2ebc,4b343160-5928-5bdb-83ef-2c0f9faba1dd,active,2026-05-06
29bee0f6-3d6f-5d70-bf24-06157c1c6b75,be0a5f04-8939-5ab3-a13a-4d517a6f2ebc,a9db23aa-1685-5f58-8beb-3c1c13702b6a,active,2025-09-26
2f8135ea-bfdb-5539-b5f3-1d7e4d5be27a,be0a5f04-8939-5ab3-a13a-4d517a6f2ebc,f080ca1b-6cb2-5242-98ed-4612ac098b94,active,2025-09-09
2a1f0529-72df-5f5c-a109-038982f6d7d3,b9412644-c39e-5e32-9d99-df26d67e3d37,0b4a6e3b-d5cd-5d10-87c4-ab6fda0aa831,active,2026-03-14
7603c117-4a68-5a0c-a48c-8081efff546f,b9412644-c39e-5e32-9d99-df26d67e3d37,018fefc2-38fb-5f92-8391-2fe032547753,active,2026-01-15
b5e52aba-168d-5b19-aa36-aba968ab2db4,b9412644-c39e-5e32-9d99-df26d67e3d37,fc407d89-26e4-55ce-a2dc-fdae931500f1,active,2026-05-20
e7eca5ac-88ec-543d-84d5-d25e28f904c8,b9412644-c39e-5e32-9d99-df26d67e3d37,0a1506ca-ede6-548b-91b8-0730277089b0,inactive,2025-11-07
5cac0409-a345-590e-8b03-4ae93c309c2a,b9412644-c39e-5e32-9d99-df26d67e3d37,f080ca1b-6cb2-5242-98ed-4612ac098b94,active,2026-08-18
9823ae6b-08be-5066-90e8-1c44dcc51913,b9412644-c39e-5e32-9d99-df26d67e3d37,4b343160-5928-5bdb-83ef-2c0f9faba1dd,active,2025-10-26
b4377e5b-0b53-52f8-aa3d-193054d00b3a,b9412644-c39e-5e32-9d99-df26d67e3d37,a9db23aa-1685-5f58-8beb-3c1c13702b6a,active,2026-06-06
9189d698-59c2-5c22-9f6c-c903aefd6865,8cd8822e-c0bc-5720-a3b9-fd60f890d81f,0b4a6e3b-d5cd-5d10-87c4-ab6fda0aa831,inactive,2025-11-27
9c5e3148-f113-5b22-bf42-1dc13576a442,8cd8822e-c0bc-5720-a3b9-fd60f890d81f,018fefc2-38fb-5f92-8391-2fe032547753,pending,2026-01-16
a946891e-24bb-5ecb-9501-932a2cce227f,8cd8822e-c0bc-5720-a3b9-fd60f890d81f,0a1506ca-ede6-548b-91b8-0730277089b0,active,2026-08-18
0962c9d5-c3e9-5f52-b55f-42151f529a0f,8cd8822e-c0bc-5720-a3b9-fd60f890d81f,f080ca1b-6cb2-5242-98ed-4612ac098b94,active,2026-07-04
6fb0b673-d966-5f34-96f4-22f56bc54be2,8cd8822e-c0bc-5720-a3b9-fd60f890d81f,4b343160-5928-5bdb-83ef-2c0f9faba1dd,inactive,2025-10-26
a6336174-2ef9-53e2-85e9-4d75a050ec60,8cd8822e-c0bc-5720-a3b9-fd60f890d81f,868b1dbf-370d-5142-be8c-5a80dfad818d,active,2025-10-15
275b42b5-0269-5a9f-bf73-0c1e3ece630e,8cd8822e-c0bc-5720-a3b9-fd60f890d81f,fc407d89-26e4-55ce-a2dc-fdae931500f1,active,2025-09-11
f830d3ac-c494-572e-81c5-064a86b92a0d,c59454a2-323f-5844-b174-5f633e24c7cb,0b4a6e3b-d5cd-5d10-87c4-ab6fda0aa831,active,2026-02-14
015dd28c-d2b7-5034-9ab6-a1120869abff,c59454a2-323f-5844-b174-5f633e24c7cb,018fefc2-38fb-5f92-8391-2fe032547753,active,2025-10-31
b2016a6e-bdcf-5850-9a69-3cc12d28d964,c59454a2-323f-5844-b174-5f633e24c7cb,fc407d89-26e4-55ce-a2dc-fdae931500f1,inactive,2026-01-14
90f60e7f-aef6-56dc-b2d9-b56647ed51b4,c59454a2-323f-5844-b174-5f633e24c7cb,9502494a-7b3f-5213-8df6-4e5e5e22101f,inactive,2025-12-28
0daa2b74-d58d-51db-bdbe-dc6e2de32848,c9cd5468-5c6c-5bf3-b662-2c90351581f1,0b4a6e3b-d5cd-5d10-87c4-ab6fda0aa831,pending,2026-04-15
e2969ac4-28a3-5d2a-bc7a-5fda63833db6,c9cd5468-5c6c-5bf3-b662-2c90351581f1,018fefc2-38fb-5f92-8391-2fe032547753,active,2026-03-26
f52371f0-f53e-5fc4-8235-f2da63678f4e,c9cd5468-5c6c-5bf3-b662-2c90351581f1,868b1dbf-370d-5142-be8c-5a80dfad818d,pending,2025-09-11
ee96fd2d-8924-5614-b130-1c6c16fbbbe2,c9cd5468-5c6c-5bf3-b662-2c90351581f1,69d2e248-598e-501c-a2eb-fb4fb8ccf487,active,2026-03-07
2d4d42b5-3bac-57b9-bacf-eeb2f69bb73f,c9cd5468-5c6c-5bf3-b662-2c90351581f1,f080ca1b-6cb2-5242-98ed-4612ac098b94,active,2025-10-15
00321cf7-4092-513e-b04a-59cb9cdc1a00,c9cd5468-5c6c-5bf3-b662-2c90351581f1,0a1506ca-ede6-548b-91b8-0730277089b0,active,2026-02-02
50742782-e1e3-5730-93bb-07ef3556ba1f,c9cd5468-5c6c-5bf3-b662-2c90351581f1,fc407d89-26e4-55ce-a2dc-fdae931500f1,active,2026-03-17
17333c5d-69c1-5ee3-9eaa-f997493d6f57,dbf883b7-96e8-5f48-971f-1cbadca59c68,0b4a6e3b-d5cd-5d10-87c4-ab6fda0aa831,active,2025-09-22
d035735b-cb7d-5479-8275-fb83f2c0643a,dbf883b7-96e8-5f48-971f-1cbadca59c68,018fefc2-38fb-5f92-8391-2fe032547753,active,2025-10-05
71e4e060-cdf6-5e4f-9ddc-a9ab065651f6,dbf883b7-96e8-5f48-971f-1cbadca59c68,4b343160-5928-5bdb-83ef-2c0f9faba1dd,active,2026-01-07
3c83208d-c5d2-536a-8954-8128aa15310a,97a3c21c-6620-5b80-86f4-23b182349bb1,0b4a6e3b-d5cd-5d10-87c4-ab6fda0aa831,active,2025-12-04
7ce03403-c0e4-5f90-8210-01b4c691c91a,97a3c21c-6620-5b80-86f4-23b182349bb1,018fefc2-38fb-5f92-8391-2fe032547753,active,2025-11-25
7baa4804-03cb-5800-afbc-1c4fb4ce31cc,97a3c21c-6620-5b80-86f4-23b182349bb1,868b1dbf-370d-5142-be8c-5a80dfad818d,active,2025-09-27
41d6543f-ff00-5740-b52d-405b5ad7e323,97a3c21c-6620-5b80-86f4-23b182349bb1,f080ca1b-6cb2-5242-98ed-4612ac098b94,active,2025-11-30
b3272b85-f89d-5944-9402-e62fa158c551,732fe5fd-2dd9-5e16-9ff1-20b392cf8dcf,0b4a6e3b-d5cd-5d10-87c4-ab6fda0aa831,active,2025-09-16
d53717f7-95b7-576e-8db3-0908f9d8c6cd,732fe5fd-2dd9-5e16-9ff1-20b392cf8dcf,018fefc2-38fb-5f92-8391-2fe032547753,pending,2025-10-21
e3c6fb26-621a-57b7-82ac-3bab1d56da83,732fe5fd-2dd9-5e16-9ff1-20b392cf8dcf,f080ca1b-6cb2-5242-98ed-4612ac098b94,active,2026-04-07
e409698f-af1c-5550-b91f-64b83ffd97f8,732fe5fd-2dd9-5e16-9ff1-20b392cf8dcf,fc407d89-26e4-55ce-a2dc-fdae931500f1,active,2026-02-04
1e66541b-9390-5158-b042-553399947a42,732fe5fd-2dd9-5e16-9ff1-20b392cf8dcf,9502494a-7b3f-5213-8df6-4e5e5e22101f,active,2025-10-28
9b47b1c2-2503-59e6-840b-5a08cb6a040d,732fe5fd-2dd9-5e16-9ff1-20b392cf8dcf,0a1506ca-ede6-548b-91b8-0730277089b0,pending,2026-04-17
602c6d83-e129-5885-afcc-e37874009090,ca74b86a-f37f-597e-aeee-1808e9b38973,0b4a6e3b-d5cd-5d10-87c4-ab6fda0aa831,active,2026-06-18
ac9dac16-ce60-5cf4-b58b-9ec39ab9adde,ca74b86a-f37f-597e-aeee-1808e9b38973,018fefc2-38fb-5f92-8391-2fe032547753,active,2026-05-11
51bc1302-8b3b-5517-8280-f2ec8f0efbe2,ca74b86a-f37f-597e-aeee-1808e9b38973,fc407d89-26e4-55ce-a2dc-fdae931500f1,active,2025-10-27
23bff125-51e0-5314-85af-2bd113bcf0d0,ca74b86a-f37f-597e-aeee-1808e9b38973,f080ca1b-6cb2-5242-98ed-4612ac098b94,active,2026-05-24
092ae65a-bc54-544f-9d93-8dd17a451df6,ca74b86a-f37f-597e-aeee-1808e9b38973,69d2e248-598e-501c-a2eb-fb4fb8ccf487,active,2026-05-16
c1fad185-5174-588e-8c24-4742027770e1,ca74b86a-f37f-597e-aeee-1808e9b38973,4b343160-5928-5bdb-83ef-2c0f9faba1dd,active,2026-05-10
4a269ec5-b55e-5302-acae-c9c114a918ee,ca74b86a-f37f-597e-aeee-1808e9b38973,0a1506ca-ede6-548b-91b8-0730277089b0,active,2026-08-26
cb31852d-6e91-5c3e-8c6e-5a7cd0459ecf,fec70518-acb6-59cf-be4d-01d45efca0c8,0b4a6e3b-d5cd-5d10-87c4-ab6fda0aa831,active,2026-02-28
5da8c71a-d6ab-5586-ace5-34780be6202a,fec70518-acb6-59cf-be4d-01d45efca0c8,018fefc2-38fb-5f92-8391-2fe032547753,active,2026-02-04
8a178b04-c189-57fa-8ace-0283c8c925f6,fec70518-acb6-59cf-be4d-01d45efca0c8,4b343160-5928-5bdb-83ef-2c0f9faba1dd,active,2026-04-22
9a592b4e-0989-50d5-b5ed-88b88d088748,fec70518-acb6-59cf-be4d-01d45efca0c8,fc407d89-26e4-55ce-a2dc-fdae931500f1,active,2026-03-06
8fb453dc-159d-51cd-bef5-472db53fe32e,48960618-a551-5a8c-bbbb-0249881e9ac3,0b4a6e3b-d5cd-5d10-87c4-ab6fda0aa831,active,2026-05-16
0b94637c-08fb-5c0f-bd16-9f00686527e9,48960618-a551-5a8c-bbbb-0249881e9ac3,018fefc2-38fb-5f92-8391-2fe032547753,active,2026-02-12
ce3dd894-01eb-577c-b8fe-71b9f96433fa,48960618-a551-5a8c-bbbb-0249881e9ac3,a9db23aa-1685-5f58-8beb-3c1c13702b6a,pending,2026-06-20
c105e054-6b91-5dc6-9d13-b40b0e3f391b,48960618-a551-5a8c-bbbb-0249881e9ac3,9502494a-7b3f-5213-8df6-4e5e5e22101f,active,2026-02-12
fd8ac22d-a442-50bf-82ad-e94ab1f879a1,48960618-a551-5a8c-bbbb-0249881e9ac3,fc407d89-26e4-55ce-a2dc-fdae931500f1,active,2025-10-22
9a6f5506-7a78-566a-a74c-20719a083071,48960618-a551-5a8c-bbbb-0249881e9ac3,f080ca1b-6cb2-5242-98ed-4612ac098b94,active,2026-01-28
f77a8362-b853-54f5-856c-63c03d66a6e5,3997a8f5-6016-5810-b435-db8ec38b2c79,0b4a6e3b-d5cd-5d10-87c4-ab6fda0aa831,inactive,2026-03-27
1063f081-fa2d-57c9-a2d0-a072d882b510,3997a8f5-6016-5810-b435-db8ec38b2c79,018fefc2-38fb-5f92-8391-2fe032547753,active,2026-03-12
b12a73a7-e577-58d6-97b5-5e1617a8413b,3997a8f5-6016-5810-b435-db8ec38b2c79,f080ca1b-6cb2-5242-98ed-4612ac098b94,inactive,2026-05-13
b28f0b7f-9f08-5d5d-810b-a26ec1d9b8ec,3997a8f5-6016-5810-b435-db8ec38b2c79,868b1dbf-370d-5142-be8c-5a80dfad818d,active,2026-04-24
515dce54-9a69-5cd1-a38c-a4e8376076c8,3997a8f5-6016-5810-b435-db8ec38b2c79,fc407d89-26e4-55ce-a2dc-fdae931500f1,active,2026-01-29
e6f23949-9c6c-5c57-8754-d9780cbf0f68,3997a8f5-6016-5810-b435-db8ec38b2c79,9502494a-7b3f-5213-8df6-4e5e5e22101f,active,2026-05-19
b983afd8-c511-5c49-ab03-a1608291044f,3997a8f5-6016-5810-b435-db8ec38b2c79,a9db23aa-1685-5f58-8beb-3c1c13702b6a,active,2026-01-22
5fc4da92-02ba-54c3-8393-eeea2306052b,c7053357-4956-5ab3-9efb-df8bd532f001,0b4a6e3b-d5cd-5d10-87c4-ab6fda0aa831,active,2025-11-03
dee244c1-c953-5db6-ad5c-c4361ab7f10e,c7053357-4956-5ab3-9efb-df8bd532f001,018fefc2-38fb-5f92-8391-2fe032547753,inactive,2026-08-27
4077b7ba-aac1-509b-9c4b-ffce6e899df9,c7053357-4956-5ab3-9efb-df8bd532f001,4b343160-5928-5bdb-83ef-2c0f9faba1dd,active,2026-08-25
e0d7cb8c-b2e5-5942-b198-2422e31b0e26,c7053357-4956-5ab3-9efb-df8bd532f001,868b1dbf-370d-5142-be8c-5a80dfad818d,active,2026-05-20
bf2168a8-da9e-5e1e-a615-288a7b03f868,c7053357-4956-5ab3-9efb-df8bd532f001,0a1506ca-ede6-548b-91b8-0730277089b0,active,2025-09-27
7cb080f6-eceb-5fb3-884f-1bc9fa7d9750,c7053357-4956-5ab3-9efb-df8bd532f001,f080ca1b-6cb2-5242-98ed-4612ac098b94,active,2026-06-30
8901c1f6-8146-5f48-830d-69f5275b3aae,c7053357-4956-5ab3-9efb-df8bd532f001,a9db23aa-1685-5f58-8beb-3c1c13702b6a,active,2025-12-01
27ee88ab-e0fa-51d5-b157-25661989c215,c7053357-4956-5ab3-9efb-df8bd532f001,69d2e248-598e-501c-a2eb-fb4fb8ccf487,active,2025-12-05
5e7adfb7-e1e9-5645-a7c3-9c6b5949a23a,ee90274c-9365-597d-b7b7-fe8b8dd298b0,0b4a6e3b-d5cd-5d10-87c4-ab6fda0aa831,pending,2025-10-30
66201061-48cf-539f-ae7d-9208e2b80006,ee90274c-9365-597d-b7b7-fe8b8dd298b0,018fefc2-38fb-5f92-8391-2fe032547753,active,2025-11-14
edc066af-751b-5454-baec-b4b7bdcdaeb2,ee90274c-9365-597d-b7b7-fe8b8dd298b0,fc407d89-26e4-55ce-a2dc-fdae931500f1,active,2026-01-01
2e2be1ec-5e59-5d0a-b312-dfa9d57fb0c9,076c79c3-ac0f-5659-8d69-d8a0ee9abc0b,0b4a6e3b-d5cd-5d10-87c4-ab6fda0aa831,inactive,2025-10-07
4dceaaf7-7fe9-5403-892c-9e4f68c1b899,076c79c3-ac0f-5659-8d69-d8a0ee9abc0b,018fefc2-38fb-5f92-8391-2fe032547753,active,2026-05-11
4e7c11ef-f04d-5677-b9d4-3e5fa488c071,076c79c3-ac0f-5659-8d69-d8a0ee9abc0b,69d2e248-598e-501c-a2eb-fb4fb8ccf487,active,2026-06-13
2dcec248-c424-5488-b7f7-443e883ae426,076c79c3-ac0f-5659-8d69-d8a0ee9abc0b,9502494a-7b3f-5213-8df6-4e5e5e22101f,active,2026-06-08
c03b9535-2d53-5246-834c-c2cc3b02e4c1,ac65e59b-c1b9-5920-a539-cbb4f765265a,0b4a6e3b-d5cd-5d10-87c4-ab6fda0aa831,active,2026-02-22
7241764a-17f5-5626-bbc0-8b0114bb633d,ac65e59b-c1b9-5920-a539-cbb4f765265a,018fefc2-38fb-5f92-8391-2fe032547753,active,2026-01-14
b7cfe982-fe09-5cde-b0ea-a8f6ad8b51f7,ac65e59b-c1b9-5920-a539-cbb4f765265a,69d2e248-598e-501c-a2eb-fb4fb8ccf487,active,2026-08-22
7b2d4b35-3e1d-531c-b183-7cf74e956032,ac65e59b-c1b9-5920-a539-cbb4f765265a,9502494a-7b3f-5213-8df6-4e5e5e22101f,active,2025-10-28
f37f4d13-21c8-5701-8781-152ecfc6fdaa,ac65e59b-c1b9-5920-a539-cbb4f765265a,fc407d89-26e4-55ce-a2dc-fdae931500f1,active,2025-10-27
e6d3c223-590c-59b1-b307-b7381bc35760,83e195c1-ccba-5637-a552-7226c192c71c,0b4a6e3b-d5cd-5d10-87c4-ab6fda0aa831,active,2026-04-16
d2264ea3-3f63-57e2-9723-aa86ddcc11b3,83e195c1-ccba-5637-a552-7226c192c71c,018fefc2-38fb-5f92-8391-2fe032547753,inactive,2025-09-25
a7cd53d8-5418-5308-839c-974b71f500b9,83e195c1-ccba-5637-a552-7226c192c71c,4b343160-5928-5bdb-83ef-2c0f9faba1dd,active,2026-02-17
26d87625-fe74-565a-8510-f6c897c569ef,83e195c1-ccba-5637-a552-7226c192c71c,0a1506ca-ede6-548b-91b8-0730277089b0,active,2025-10-14
3db1695b-f6e4-5e74-a577-183f27cddbd0,83e195c1-ccba-5637-a552-7226c192c71c,9502494a-7b3f-5213-8df6-4e5e5e22101f,pending,2025-11-29
064a6c58-c223-5b3a-8ac5-652eb34d3e09,ac993bd2-ecef-58bc-b1d9-91067cf856f6,0b4a6e3b-d5cd-5d10-87c4-ab6fda0aa831,inactive,2026-02-04
bdac5532-77a5-5638-934e-3b985695bc21,ac993bd2-ecef-58bc-b1d9-91067cf856f6,018fefc2-38fb-5f92-8391-2fe032547753,active,2026-03-06
f088ba66-28b6-5135-9dcc-df21bb1e08a5,ac993bd2-ecef-58bc-b1d9-91067cf856f6,868b1dbf-370d-5142-be8c-5a80dfad818d,active,2026-03-26
9e733842-aeb1-5b45-a3f9-302c4e043aed,ac993bd2-ecef-58bc-b1d9-91067cf856f6,a9db23aa-1685-5f58-8beb-3c1c13702b6a,pending,2025-09-14
1b459b25-faec-5422-bd7f-91136f90380e,ac993bd2-ecef-58bc-b1d9-91067cf856f6,9502494a-7b3f-5213-8df6-4e5e5e22101f,active,2025-09-18
e1f858bd-e905-52fa-a447-62c5945bc825,ac993bd2-ecef-58bc-b1d9-91067cf856f6,69d2e248-598e-501c-a2eb-fb4fb8ccf487,pending,2026-02-22
9cb6cd21-309a-5586-a246-829a26810505,6c43b5de-1a73-52a4-9fa1-e51595e4486f,0b4a6e3b-d5cd-5d10-87c4-ab6fda0aa831,active,2025-09-25
5e6f5776-528b-5b44-8550-deac639e0101,6c43b5de-1a73-52a4-9fa1-e51595e4486f,018fefc2-38fb-5f92-8391-2fe032547753,active,2026-02-08
681f438a-6035-570a-8a74-0b5f3eb30f7d,6c43b5de-1a73-52a4-9fa1-e51595e4486f,0a1506ca-ede6-548b-91b8-0730277089b0,inactive,2026-02-08
a1c563a3-54a5-5817-b952-a0c4f117843e,6c43b5de-1a73-52a4-9fa1-e51595e4486f,f080ca1b-6cb2-5242-98ed-4612ac098b94,active,2025-09-26
d569ad14-556b-53f2-a0b4-6272f3301dd5,beb2c62b-7aba-5ae5-ac57-43cb5a1af36a,0b4a6e3b-d5cd-5d10-87c4-ab6fda0aa831,pending,2026-05-20
3f4fa01e-cc36-5b00-99cb-62e8769ba787,beb2c62b-7aba-5ae5-ac57-43cb5a1af36a,018fefc2-38fb-5f92-8391-2fe032547753,active,2026-07-23
3b2b4713-202d-5dd8-831d-55c7be128f79,beb2c62b-7aba-5ae5-ac57-43cb5a1af36a,69d2e248-598e-501c-a2eb-fb4fb8ccf487,inactive,2026-01-03
22d437ce-c025-5b41-8e80-752348eacaba,9cb189b1-8844-5fd2-9173-42c7d3b4356d,0b4a6e3b-d5cd-5d10-87c4-ab6fda0aa831,inactive,2026-01-07
113c2eae-26e1-5e71-887e-9c013383c734,9cb189b1-8844-5fd2-9173-42c7d3b4356d,018fefc2-38fb-5f92-8391-2fe032547753,active,2026-02-21
da3492df-ff85-583a-a1ea-4985c7b37713,9cb189b1-8844-5fd2-9173-42c7d3b4356d,4b343160-5928-5bdb-83ef-2c0f9faba1dd,active,2026-06-23
d3cef0d2-21c9-585b-89a5-1a3ac8eaf054,2e0b60b9-2f88-5d7d-a78e-a6af6f8de266,0b4a6e3b-d5cd-5d10-87c4-ab6fda0aa831,active,2025-11-10
4874a1ae-57e1-5224-9734-8a68a7450674,2e0b60b9-2f88-5d7d-a78e-a6af6f8de266,018fefc2-38fb-5f92-8391-2fe032547753,pending,2025-12-10
936dd720-21c9-5332-8a01-6e3f28430b03,2e0b60b9-2f88-5d7d-a78e-a6af6f8de266,a9db23aa-1685-5f58-8beb-3c1c13702b6a,active,2025-11-30
8f3148e2-ebba-5f09-8aae-c4fbd41a6ddb,2e0b60b9-2f88-5d7d-a78e-a6af6f8de266,4b343160-5928-5bdb-83ef-2c0f9faba1dd,active,2026-05-01
6540d87e-1a13-5261-a98a-f00b639091c0,2e0b60b9-2f88-5d7d-a78e-a6af6f8de266,0a1506ca-ede6-548b-91b8-0730277089b0,active,2025-09-20
d87e1e4f-3dd5-524b-aafb-6ec9933265af,2e0b60b9-2f88-5d7d-a78e-a6af6f8de266,fc407d89-26e4-55ce-a2dc-fdae931500f1,inactive,2025-11-16
6fd537e1-c5c6-5de2-a391-5471a59d0933,f14294c0-783f-5054-be74-0f7e05c3f337,0b4a6e3b-d5cd-5d10-87c4-ab6fda0aa831,pending,2026-08-08
940d23f5-a7f6-5511-ae76-f94f1e5da817,f14294c0-783f-5054-be74-0f7e05c3f337,018fefc2-38fb-5f92-8391-2fe032547753,inactive,2025-12-29
7f6f87c7-a86a-5e59-b412-ef78802576ce,f14294c0-783f-5054-be74-0f7e05c3f337,fc407d89-26e4-55ce-a2dc-fdae931500f1,active,2026-06-13
f714e242-882c-5f57-8483-c569d1af2475,a39d0783-2b40-5751-bde2-5aebb6de1679,0b4a6e3b-d5cd-5d10-87c4-ab6fda0aa831,active,2026-01-17
d4a6d0c8-3f54-536e-b7cc-a0d98ade26fd,a39d0783-2b40-5751-bde2-5aebb6de1679,018fefc2-38fb-5f92-8391-2fe032547753,inactive,2026-07-12
e0ae32c4-36f8-54aa-aa35-917c1fd66ca1,a39d0783-2b40-5751-bde2-5aebb6de1679,f080ca1b-6cb2-5242-98ed-4612ac098b94,active,2026-01-08
b94d5ccf-ab3a-57e0-ae97-3278bcaefc7d,a39d0783-2b40-5751-bde2-5aebb6de1679,868b1dbf-370d-5142-be8c-5a80dfad818d,active,2026-02-03
ab2383a0-9625-5c15-abb5-98ee5308fb5a,a39d0783-2b40-5751-bde2-5aebb6de1679,0a1506ca-ede6-548b-91b8-0730277089b0,active,2026-04-22
93b721d1-6d83-551b-b3b5-59b8116c489e,a39d0783-2b40-5751-bde2-5aebb6de1679,9502494a-7b3f-5213-8df6-4e5e5e22101f,active,2025-10-01
7ed8c3a9-6de3-5410-b64f-e34c8ee3d35c,26e2623e-c56a-55d8-912f-fab4962ae298,0b4a6e3b-d5cd-5d10-87c4-ab6fda0aa831,active,2025-12-11
04ad2637-7c67-5876-85b0-fafa4f013797,26e2623e-c56a-55d8-912f-fab4962ae298,018fefc2-38fb-5f92-8391-2fe032547753,active,2026-03-21
b421c859-8005-5bc5-90f9-b07b6df0aced,26e2623e-c56a-55d8-912f-fab4962ae298,9502494a-7b3f-5213-8df6-4e5e5e22101f,active,2025-12-31
4c53e3a9-443d-5ec0-956e-ef10bda0ba74,26e2623e-c56a-55d8-912f-fab4962ae298,4b343160-5928-5bdb-83ef-2c0f9faba1dd,active,2026-04-30
841b78c1-ae75-57d9-9e38-94c05bae4f13,140a5be1-ad50-58fb-b835-0b9c63c01116,0b4a6e3b-d5cd-5d10-87c4-ab6fda0aa831,active,2026-01-12
e8c35be9-11bb-5487-8150-57c538628c79,140a5be1-ad50-58fb-b835-0b9c63c01116,018fefc2-38fb-5f92-8391-2fe032547753,active,2025-09-21
42a6fbab-d000-57b7-a122-a3611aacce6c,140a5be1-ad50-58fb-b835-0b9c63c01116,69d2e248-598e-501c-a2eb-fb4fb8ccf487,active,2026-04-12
3059bc03-e28f-510f-813c-a6f61bdacd95,140a5be1-ad50-58fb-b835-0b9c63c01116,868b1dbf-370d-5142-be8c-5a80dfad818d,active,2026-04-04
d82acea0-79b0-53b2-b1e6-7a4c8e80112c,140a5be1-ad50-58fb-b835-0b9c63c01116,f080ca1b-6cb2-5242-98ed-4612ac098b94,active,2025-10-20
9e24e9db-39b6-5ac0-9776-86d8a8ab2897,140a5be1-ad50-58fb-b835-0b9c63c01116,0a1506ca-ede6-548b-91b8-0730277089b0,active,2026-05-01
d5d4716a-f02d-5d28-9850-84c062e111cb,140a5be1-ad50-58fb-b835-0b9c63c01116,a9db23aa-1685-5f58-8beb-3c1c13702b6a,active,2025-12-24
b44d1644-481f-5f37-b5c6-be4ccec826c4,140a5be1-ad50-58fb-b835-0b9c63c01116,4b343160-5928-5bdb-83ef-2c0f9faba1dd,active,2026-05-26
a6a5f787-a1a0-5168-bead-bd5af8427e4b,79188a6f-dd8f-5a32-bcf6-d22190635ce3,0b4a6e3b-d5cd-5d10-87c4-ab6fda0aa831,active,2026-03-13
328dcafa-293c-56fd-8faa-c4071e8d4e3c,79188a6f-dd8f-5a32-bcf6-d22190635ce3,018fefc2-38fb-5f92-8391-2fe032547753,inactive,2026-08-17
77458919-7081-5a11-b09b-3136569555c3,79188a6f-dd8f-5a32-bcf6-d22190635ce3,69d2e248-598e-501c-a2eb-fb4fb8ccf487,active,2026-01-26
f5e0d129-5d21-5ea2-903b-c60b6492bdd2,79188a6f-dd8f-5a32-bcf6-d22190635ce3,a9db23aa-1685-5f58-8beb-3c1c13702b6a,active,2025-08-31
e5b4d8a1-0495-57f0-8532-bb0e24baba24,79188a6f-dd8f-5a32-bcf6-d22190635ce3,868b1dbf-370d-5142-be8c-5a80dfad818d,active,2026-06-27
89c5ce0b-b9a6-57ab-a368-788b4db2826c,79188a6f-dd8f-5a32-bcf6-d22190635ce3,0a1506ca-ede6-548b-91b8-0730277089b0,active,2026-03-02
e191cca5-6aa9-51d7-baa0-7485ef239562,341a3bc3-5c02-5d55-a530-3ea9ba9499b5,0b4a6e3b-d5cd-5d10-87c4-ab6fda0aa831,active,2025-11-27
74db0802-f158-5d8c-9df5-8a7dbdb3ba8f,341a3bc3-5c02-5d55-a530-3ea9ba9499b5,018fefc2-38fb-5f92-8391-2fe032547753,active,2026-01-06
1ab6272f-d56d-5443-a81d-2de76e2b0eb6,341a3bc3-5c02-5d55-a530-3ea9ba9499b5,868b1dbf-370d-5142-be8c-5a80dfad818d,active,2026-04-18
677a0ece-6e8a-5ca3-a9f9-1efcd20200a0,341a3bc3-5c02-5d55-a530-3ea9ba9499b5,4b343160-5928-5bdb-83ef-2c0f9faba1dd,active,2025-10-24
a22d071b-d539-5d9f-88e6-3ff0aea2a5d7,341a3bc3-5c02-5d55-a530-3ea9ba9499b5,0a1506ca-ede6-548b-91b8-0730277089b0,active,2025-09-07
869b4c59-aa6e-51a5-936b-a7022129f384,341a3bc3-5c02-5d55-a530-3ea9ba9499b5,a9db23aa-1685-5f58-8beb-3c1c13702b6a,active,2025-12-20
22b2b277-505e-5797-9149-5ebb1a96ddaf,4b2275bd-ea39-50f7-980c-c5b233b997d3,0b4a6e3b-d5cd-5d10-87c4-ab6fda0aa831,active,2025-09-19
9a517e0d-fa3d-50f2-a52b-4bc5709c7e77,4b2275bd-ea39-50f7-980c-c5b233b997d3,018fefc2-38fb-5f92-8391-2fe032547753,active,2025-09-12
568025a6-41d4-582b-9b7c-4dcdc459c759,4b2275bd-ea39-50f7-980c-c5b233b997d3,fc407d89-26e4-55ce-a2dc-fdae931500f1,active,2026-01-24
c29c4821-d0d1-5bcf-9a11-b1efb0cf74e9,c2b19867-0e0f-5168-989d-6d69067eb606,0b4a6e3b-d5cd-5d10-87c4-ab6fda0aa831,active,2025-09-20
3ad72492-8e6a-5b38-92c0-e0becb0378da,c2b19867-0e0f-5168-989d-6d69067eb606,018fefc2-38fb-5f92-8391-2fe032547753,active,2026-07-08
fd66d790-4297-5938-8065-02d8c110a532,c2b19867-0e0f-5168-989d-6d69067eb606,9502494a-7b3f-5213-8df6-4e5e5e22101f,inactive,2026-07-21
b5f0009a-a120-5566-a590-94909cd953e1,9e145baf-68a9-50c6-b236-0146cc604c4f,0b4a6e3b-d5cd-5d10-87c4-ab6fda0aa831,active,2026-07-30
9c9bdcb5-8980-536c-b134-3eb594fcd3f9,9e145baf-68a9-50c6-b236-0146cc604c4f,018fefc2-38fb-5f92-8391-2fe032547753,active,2026-05-19
25bdc9ec-3720-5891-9a9c-412ddbca236a,9e145baf-68a9-50c6-b236-0146cc604c4f,69d2e248-598e-501c-a2eb-fb4fb8ccf487,pending,2025-12-17
2451c497-fb3c-5c3d-b815-473f684e743b,9e145baf-68a9-50c6-b236-0146cc604c4f,0a1506ca-ede6-548b-91b8-0730277089b0,active,2026-05-25
485352eb-7427-5119-9389-90a5d5285735,872eb0e6-6a9b-5e4e-a521-17bca287ba19,0b4a6e3b-d5cd-5d10-87c4-ab6fda0aa831,active,2026-05-10
66a8fdc0-05b8-5388-b7ab-d740d9f623a3,872eb0e6-6a9b-5e4e-a521-17bca287ba19,018fefc2-38fb-5f92-8391-2fe032547753,active,2026-08-02
942576f0-0760-5ae2-ab22-2ed4e4ab17e5,872eb0e6-6a9b-5e4e-a521-17bca287ba19,9502494a-7b3f-5213-8df6-4e5e5e22101f,active,2026-01-02
ad1d4e90-e515-5d56-9c70-9bf8975725ce,86f7bc46-6959-5a49-bf82-046a41a2dde2,0b4a6e3b-d5cd-5d10-87c4-ab6fda0aa831,active,2026-05-16
86bf204f-8364-5f3d-9900-1ba210a1bc58,86f7bc46-6959-5a49-bf82-046a41a2dde2,018fefc2-38fb-5f92-8391-2fe032547753,active,2026-08-10
22350602-889f-52b4-94a5-b882074ed19a,86f7bc46-6959-5a49-bf82-046a41a2dde2,868b1dbf-370d-5142-be8c-5a80dfad818d,active,2025-09-12
7b0a9606-1777-5596-a486-ae8d1031d57c,86f7bc46-6959-5a49-bf82-046a41a2dde2,a9db23aa-1685-5f58-8beb-3c1c13702b6a,active,2026-05-18
5273cc25-daa4-58a4-a14a-6fc37ce17080,86f7bc46-6959-5a49-bf82-046a41a2dde2,69d2e248-598e-501c-a2eb-fb4fb8ccf487,pending,2025-10-08
242e6074-d98b-5d63-8ff3-38f0af03ff09,86f7bc46-6959-5a49-bf82-046a41a2dde2,fc407d89-26e4-55ce-a2dc-fdae931500f1,active,2025-10-01
83cfcb42-16ba-552c-ab0b-1e9be5b32eb0,86f7bc46-6959-5a49-bf82-046a41a2dde2,4b343160-5928-5bdb-83ef-2c0f9faba1dd,inactive,2026-06-05
814e1c45-0020-52b4-8432-dd6e7b9fc2e4,2887b52d-8879-502a-bd29-4c26c293190f,0b4a6e3b-d5cd-5d10-87c4-ab6fda0aa831,active,2026-02-14
be7fdd43-3dac-5b53-993d-88cd7dc0b415,2887b52d-8879-502a-bd29-4c26c293190f,018fefc2-38fb-5f92-8391-2fe032547753,active,2026-04-15
c7263379-4e12-50a7-af95-5584c0932b24,2887b52d-8879-502a-bd29-4c26c293190f,a9db23aa-1685-5f58-8beb-3c1c13702b6a,pending,2025-12-05
fad3e63d-2f95-56d3-88a9-f7507ff4cd47,ccce5ecc-2159-514f-b08c-bd6242df5381,0b4a6e3b-d5cd-5d10-87c4-ab6fda0aa831,active,2025-12-24
323bb143-6ffa-5ba4-b551-23f81d3b516e,ccce5ecc-2159-514f-b08c-bd6242df5381,018fefc2-38fb-5f92-8391-2fe032547753,active,2026-08-26
0471fc87-74f6-52ca-a8ae-f82ad0ab82d2,ccce5ecc-2159-514f-b08c-bd6242df5381,9502494a-7b3f-5213-8df6-4e5e5e22101f,active,2026-06-20
f5486649-3ce3-5236-a0cf-b8fd937bfcdc,ccce5ecc-2159-514f-b08c-bd6242df5381,fc407d89-26e4-55ce-a2dc-fdae931500f1,inactive,2026-08-13
9dd1cb29-b481-545f-9e1a-479e1adb99ce,ccce5ecc-2159-514f-b08c-bd6242df5381,4b343160-5928-5bdb-83ef-2c0f9faba1dd,inactive,2025-10-30
287a1f0f-f6b2-5e01-9e67-dc929aa3c28f,ccce5ecc-2159-514f-b08c-bd6242df5381,a9db23aa-1685-5f58-8beb-3c1c13702b6a,active,2026-02-08
30e77d94-4190-56b6-bf83-0b30e868d6e4,44d69290-6f3e-524e-9759-ecc66d1e9ceb,0b4a6e3b-d5cd-5d10-87c4-ab6fda0aa831,active,2026-08-29
a9f8d6d8-539c-5f29-b928-d8480834268e,44d69290-6f3e-524e-9759-ecc66d1e9ceb,018fefc2-38fb-5f92-8391-2fe032547753,inactive,2025-09-28
20ff6a00-1cc0-55d4-ad18-3b38b1f8b9b1,44d69290-6f3e-524e-9759-ecc66d1e9ceb,69d2e248-598e-501c-a2eb-fb4fb8ccf487,pending,2026-07-23
ae94cd63-36be-5122-a9a3-81fcab7b3d89,44d69290-6f3e-524e-9759-ecc66d1e9ceb,fc407d89-26e4-55ce-a2dc-fdae931500f1,active,2026-06-02
8bd4352a-f6ea-596e-86f9-b93835b16d13,44d69290-6f3e-524e-9759-ecc66d1e9ceb,868b1dbf-370d-5142-be8c-5a80dfad818d,active,2026-05-19
6a98df44-a99d-515e-bb44-a983e8909487,2c2cc81b-8180-52c0-932a-a54ac0be5347,0b4a6e3b-d5cd-5d10-87c4-ab6fda0aa831,inactive,2026-06-05
2b375f94-fcb4-5874-bf8d-6675ddfec57f,2c2cc81b-8180-52c0-932a-a54ac0be5347,018fefc2-38fb-5f92-8391-2fe032547753,active,2026-05-19
a00fade0-b6b6-5f24-9ce8-964479b9d8b9,2c2cc81b-8180-52c0-932a-a54ac0be5347,868b1dbf-370d-5142-be8c-5a80dfad818d,active,2026-06-29
35f25dd0-fa0c-5aad-a96a-658df4dfa850,2c2cc81b-8180-52c0-932a-a54ac0be5347,fc407d89-26e4-55ce-a2dc-fdae931500f1,active,2026-08-22
b54f78a4-7021-54ac-91d4-eae495d88350,2c2cc81b-8180-52c0-932a-a54ac0be5347,a9db23aa-1685-5f58-8beb-3c1c13702b6a,inactive,2025-09-05
fc1d2dc2-cd9f-541d-8885-9dd609f168b4,2c2cc81b-8180-52c0-932a-a54ac0be5347,9502494a-7b3f-5213-8df6-4e5e5e22101f,active,2026-08-10
e00a2d4e-befa-5d3c-b205-d6d824ddee06,2c2cc81b-8180-52c0-932a-a54ac0be5347,4b343160-5928-5bdb-83ef-2c0f9faba1dd,active,2025-09-12
d3daa1b2-a409-53d1-afbc-0b1755e9e40a,2c2cc81b-8180-52c0-932a-a54ac0be5347,f080ca1b-6cb2-5242-98ed-4612ac098b94,active,2026-04-30
cc7d6e9e-d07f-5d16-970f-e32d2d1b78aa,3c68a561-0296-5b08-be2c-207c76389cf1,0b4a6e3b-d5cd-5d10-87c4-ab6fda0aa831,active,2026-04-07
35901caf-2d1e-52ce-80c2-6831264823d2,3c68a561-0296-5b08-be2c-207c76389cf1,018fefc2-38fb-5f92-8391-2fe032547753,active,2025-10-28
53b9234d-99ab-5a52-a8ac-e881a5fd11b2,3c68a561-0296-5b08-be2c-207c76389cf1,fc407d89-26e4-55ce-a2dc-fdae931500f1,pending,2026-06-13
78beb882-1032-5f01-b3e5-1265b9019a1e,cd01bc68-ff0e-52a1-bd7a-56f6ff49ab44,0b4a6e3b-d5cd-5d10-87c4-ab6fda0aa831,active,2026-04-02
8896af3a-356e-5cc9-af3c-6e34f5cdc8d8,cd01bc68-ff0e-52a1-bd7a-56f6ff49ab44,018fefc2-38fb-5f92-8391-2fe032547753,active,2026-07-18
79828e8a-bbfb-598a-9ef2-8c7b62346aba,cd01bc68-ff0e-52a1-bd7a-56f6ff49ab44,f080ca1b-6cb2-5242-98ed-4612ac098b94,pending,2026-01-28
4abb0e70-1194-518f-a377-42aed3bdb65b,cd01bc68-ff0e-52a1-bd7a-56f6ff49ab44,fc407d89-26e4-55ce-a2dc-fdae931500f1,active,2026-08-05
2382d44c-a84a-5cc5-98f0-5dc6fdb19f10,cd01bc68-ff0e-52a1-bd7a-56f6ff49ab44,868b1dbf-370d-5142-be8c-5a80dfad818d,active,2026-02-03
37054ff6-8f95-5170-8c3e-d6ac9cd5c406,4b3be50a-f305-595c-9a7c-9c6fe6b2122e,0b4a6e3b-d5cd-5d10-87c4-ab6fda0aa831,active,2026-01-25
bc1131c1-a073-55ba-bb98-291256d1a346,4b3be50a-f305-595c-9a7c-9c6fe6b2122e,018fefc2-38fb-5f92-8391-2fe032547753,inactive,2026-01-03
cc20e2b6-fd9f-5464-9463-3253dba04e54,4b3be50a-f305-595c-9a7c-9c6fe6b2122e,69d2e248-598e-501c-a2eb-fb4fb8ccf487,active,2026-05-25
a9fc849d-52e5-58ac-b231-0d8e3272db58,4b3be50a-f305-595c-9a7c-9c6fe6b2122e,9502494a-7b3f-5213-8df6-4e5e5e22101f,active,2026-08-21
0d45b5db-dcc2-545e-adb2-541357268a1b,4b3be50a-f305-595c-9a7c-9c6fe6b2122e,fc407d89-26e4-55ce-a2dc-fdae931500f1,active,2026-04-07
d1559308-ef9c-5abb-8912-b7f40fc3d860,4b3be50a-f305-595c-9a7c-9c6fe6b2122e,f080ca1b-6cb2-5242-98ed-4612ac098b94,active,2026-06-19
548d76a4-ed61-575f-8f7e-4a0559952035,4b3be50a-f305-595c-9a7c-9c6fe6b2122e,4b343160-5928-5bdb-83ef-2c0f9faba1dd,pending,2026-05-29
ab1c0cac-bc15-51ec-8a61-d4356980d842,4b3be50a-f305-595c-9a7c-9c6fe6b2122e,0a1506ca-ede6-548b-91b8-0730277089b0,inactive,2026-07-02
79ed9568-8b62-5d0a-b178-0d730eff39de,050067db-17c3-5f23-ae16-64a16e384958,0b4a6e3b-d5cd-5d10-87c4-ab6fda0aa831,active,2026-05-19
671fec9e-4588-5991-88fd-1ae405c9aa94,050067db-17c3-5f23-ae16-64a16e384958,018fefc2-38fb-5f92-8391-2fe032547753,active,2026-08-15
ffa750a9-9d9b-5acd-a3ce-27967d901b45,050067db-17c3-5f23-ae16-64a16e384958,9502494a-7b3f-5213-8df6-4e5e5e22101f,active,2026-01-03
347459b1-cfc4-5216-80ad-b32610843836,050067db-17c3-5f23-ae16-64a16e384958,0a1506ca-ede6-548b-91b8-0730277089b0,active,2025-12-10
2ef27550-7722-5cba-86b5-e64655be6b92,050067db-17c3-5f23-ae16-64a16e384958,868b1dbf-370d-5142-be8c-5a80dfad818d,pending,2025-12-30
ea577274-c998-51a6-98ac-9b2f82c68ce9,050067db-17c3-5f23-ae16-64a16e384958,69d2e248-598e-501c-a2eb-fb4fb8ccf487,active,2025-12-24
770e9e04-d852-5419-a5fb-57dd212272a1,050067db-17c3-5f23-ae16-64a16e384958,f080ca1b-6cb2-5242-98ed-4612ac098b94,active,2025-11-16
291deb0b-fb05-5dcf-bbe3-333e53704bc3,89e58dd7-8ed1-5fc8-af0c-ff1674e9e8c3,0b4a6e3b-d5cd-5d10-87c4-ab6fda0aa831,active,2026-04-09
357c0966-36cf-5568-bedc-470a3fbd174b,89e58dd7-8ed1-5fc8-af0c-ff1674e9e8c3,018fefc2-38fb-5f92-8391-2fe032547753,active,2026-06-23
51323487-2741-5d16-8ada-eb2d02389c53,89e58dd7-8ed1-5fc8-af0c-ff1674e9e8c3,0a1506ca-ede6-548b-91b8-0730277089b0,active,2026-02-03
760147a3-28dc-5e4b-9e94-413464394f20,89e58dd7-8ed1-5fc8-af0c-ff1674e9e8c3,4b343160-5928-5bdb-83ef-2c0f9faba1dd,active,2026-01-03
91c9990f-0db6-53f7-b809-aa61bbed728e,89e58dd7-8ed1-5fc8-af0c-ff1674e9e8c3,a9db23aa-1685-5f58-8beb-3c1c13702b6a,inactive,2026-08-24
92f25f97-ae8a-5eda-8bd9-686d865ffddc,1de8eb26-658d-5bda-8231-059687db880b,0b4a6e3b-d5cd-5d10-87c4-ab6fda0aa831,active,2026-02-08
7e2a1fbe-df45-5e2b-900a-910edd0b2144,1de8eb26-658d-5bda-8231-059687db880b,018fefc2-38fb-5f92-8391-2fe032547753,active,2026-07-15
b201485b-e7c7-51e3-a466-c5331852168e,1de8eb26-658d-5bda-8231-059687db880b,f080ca1b-6cb2-5242-98ed-4612ac098b94,active,2026-04-01
596c43be-a862-5eff-8ac4-36ae4e47db45,1de8eb26-658d-5bda-8231-059687db880b,4b343160-5928-5bdb-83ef-2c0f9faba1dd,active,2026-01-21
7f1c0cae-01b0-5952-8140-54e58faf3dbf,1de8eb26-658d-5bda-8231-059687db880b,fc407d89-26e4-55ce-a2dc-fdae931500f1,active,2026-08-11
6ce6b577-c123-5176-bbc4-492f7fa04a00,0a909a8c-a930-5b1c-b4ba-b557d1c09ba6,0b4a6e3b-d5cd-5d10-87c4-ab6fda0aa831,active,2026-01-21
738e8100-e33f-511c-bd4b-cdbebb9b443e,0a909a8c-a930-5b1c-b4ba-b557d1c09ba6,018fefc2-38fb-5f92-8391-2fe032547753,active,2025-10-01
71e7cea0-b43d-5b1b-a2f5-5c7f838649f0,0a909a8c-a930-5b1c-b4ba-b557d1c09ba6,f080ca1b-6cb2-5242-98ed-4612ac098b94,inactive,2025-12-05
5256959c-9877-5095-8859-b6c65896ec0c,5c673601-1bdd-5b0a-92c8-2fe43124c690,0b4a6e3b-d5cd-5d10-87c4-ab6fda0aa831,active,2026-06-02
075ac600-cd66-5dbd-8a05-afc6e47a9688,5c673601-1bdd-5b0a-92c8-2fe43124c690,018fefc2-38fb-5f92-8391-2fe032547753,inactive,2026-05-29
fa4a7ad0-d656-5ee8-8254-cf49a44c012f,5c673601-1bdd-5b0a-92c8-2fe43124c690,a9db23aa-1685-5f58-8beb-3c1c13702b6a,active,2026-06-05
b6b1740b-e414-584d-b102-0f2f62a5f842,5c673601-1bdd-5b0a-92c8-2fe43124c690,4b343160-5928-5bdb-83ef-2c0f9faba1dd,active,2025-11-20
eb3f8a60-daa3-522a-beca-277b7bb5b37a,5c673601-1bdd-5b0a-92c8-2fe43124c690,868b1dbf-370d-5142-be8c-5a80dfad818d,inactive,2026-06-29
44e6b9e2-9a44-5981-b352-18490da49a49,1266d63c-a77a-50ae-95b3-aac6f8c10618,0b4a6e3b-d5cd-5d10-87c4-ab6fda0aa831,active,2026-04-26
4cdbff83-c8a9-5147-9272-029869888239,1266d63c-a77a-50ae-95b3-aac6f8c10618,018fefc2-38fb-5f92-8391-2fe032547753,pending,2026-05-14
6a201533-ff4b-50d2-ac4e-0e8781e6cb4d,1266d63c-a77a-50ae-95b3-aac6f8c10618,4b343160-5928-5bdb-83ef-2c0f9faba1dd,active,2025-10-12
29103c25-8f89-5c1a-837f-8a3b1a82efe9,7ac47676-570e-565e-bbc6-3815d0dd5ca3,0b4a6e3b-d5cd-5d10-87c4-ab6fda0aa831,active,2025-10-21
2792d624-7cb3-5eb8-ac4f-7fa8fe25d40b,7ac47676-570e-565e-bbc6-3815d0dd5ca3,018fefc2-38fb-5f92-8391-2fe032547753,active,2026-08-25
3318a428-d748-55b7-bf11-afc11ea15d14,7ac47676-570e-565e-bbc6-3815d0dd5ca3,f080ca1b-6cb2-5242-98ed-4612ac098b94,active,2026-03-17
7bc2efef-0cbc-508e-8bfc-44711b640061,7ac47676-570e-565e-bbc6-3815d0dd5ca3,a9db23aa-1685-5f58-8beb-3c1c13702b6a,pending,2026-06-14
69c85072-e2b1-5d27-8b88-879bd7c5882a,7ac47676-570e-565e-bbc6-3815d0dd5ca3,0a1506ca-ede6-548b-91b8-0730277089b0,active,2026-05-24
a56a650c-451f-5e01-a682-6f78f2915afc,69ea8f42-fdcb-59e8-a9cb-4d1d6d757245,0b4a6e3b-d5cd-5d10-87c4-ab6fda0aa831,active,2026-02-05
5779450c-3b47-5bf4-a68d-0a6a6353d1f9,69ea8f42-fdcb-59e8-a9cb-4d1d6d757245,018fefc2-38fb-5f92-8391-2fe032547753,active,2025-12-08
173a29c1-26d1-5dc3-bfc6-73ad30d0969e,69ea8f42-fdcb-59e8-a9cb-4d1d6d757245,9502494a-7b3f-5213-8df6-4e5e5e22101f,active,2026-06-09
e5a84922-bd0b-5563-aca3-8be8de699672,69ea8f42-fdcb-59e8-a9cb-4d1d6d757245,69d2e248-598e-501c-a2eb-fb4fb8ccf487,active,2025-09-03
749fea77-72eb-58d4-90f4-826d9ddb8cc0,69ea8f42-fdcb-59e8-a9cb-4d1d6d757245,f080ca1b-6cb2-5242-98ed-4612ac098b94,inactive,2026-05-15
04a426c0-635c-5d20-8a6c-63f08427ebbc,69ea8f42-fdcb-59e8-a9cb-4d1d6d757245,4b343160-5928-5bdb-83ef-2c0f9faba1dd,active,2026-03-27
af544547-4996-5785-8257-c63fc9f44f03,dfbdc0b9-f8d6-5c14-b6db-1e6552ad0a26,0b4a6e3b-d5cd-5d10-87c4-ab6fda0aa831,inactive,2025-11-25
30850fa3-8e74-562e-a5ad-13014dd16b78,dfbdc0b9-f8d6-5c14-b6db-1e6552ad0a26,018fefc2-38fb-5f92-8391-2fe032547753,active,2026-08-13
c2ddd551-d945-5504-b0cd-e081c62a142f,dfbdc0b9-f8d6-5c14-b6db-1e6552ad0a26,4b343160-5928-5bdb-83ef-2c0f9faba1dd,inactive,2026-08-26
fac317fd-70e3-5867-9873-d49cfa8e858f,dfbdc0b9-f8d6-5c14-b6db-1e6552ad0a26,a9db23aa-1685-5f58-8beb-3c1c13702b6a,active,2026-06-19
417a52d8-563a-5c48-b757-484d013fbfb9,dfbdc0b9-f8d6-5c14-b6db-1e6552ad0a26,9502494a-7b3f-5213-8df6-4e5e5e22101f,active,2026-01-13
e7f52b50-2a2c-5dd5-bc9f-f935e0a07723,dfbdc0b9-f8d6-5c14-b6db-1e6552ad0a26,fc407d89-26e4-55ce-a2dc-fdae931500f1,active,2025-10-06
ad40e267-a6fd-5fa0-9fdf-4a31e7090220,8b1980a6-c1b2-58e0-97e6-08b23186f905,0b4a6e3b-d5cd-5d10-87c4-ab6fda0aa831,active,2026-04-16
15b8dbbd-51f8-5823-8cb5-320e35b97326,8b1980a6-c1b2-58e0-97e6-08b23186f905,018fefc2-38fb-5f92-8391-2fe032547753,active,2026-01-27
ebf4928e-ef93-50d9-a3ba-df666a817090,8b1980a6-c1b2-58e0-97e6-08b23186f905,f080ca1b-6cb2-5242-98ed-4612ac098b94,active,2026-08-25
a7d9ee6d-3053-5f1a-b915-f9a5273ef77b,8b1980a6-c1b2-58e0-97e6-08b23186f905,868b1dbf-370d-5142-be8c-5a80dfad818d,active,2026-03-21
9e2adf55-bce9-5f5a-8020-17107a759f19,fed7793f-6c46-5130-9b9b-36a3e41cc742,0b4a6e3b-d5cd-5d10-87c4-ab6fda0aa831,active,2025-12-09
6af7abad-7364-5ffb-baba-ed30f76827a8,fed7793f-6c46-5130-9b9b-36a3e41cc742,018fefc2-38fb-5f92-8391-2fe032547753,active,2026-01-19
dd082ab4-2380-5d57-ab0a-f4ca4a3b1032,fed7793f-6c46-5130-9b9b-36a3e41cc742,0a1506ca-ede6-548b-91b8-0730277089b0,active,2026-05-29
17faba1e-ee94-57f8-afa5-aa3746637e9f,1e927583-a58b-5d98-bb4e-df68360b0638,0b4a6e3b-d5cd-5d10-87c4-ab6fda0aa831,inactive,2025-10-14
6f4f5724-4b8b-549f-8398-ecad72678e21,1e927583-a58b-5d98-bb4e-df68360b0638,018fefc2-38fb-5f92-8391-2fe032547753,active,2026-06-28
fd7852a7-8982-5fea-9e77-586900a10f42,1e927583-a58b-5d98-bb4e-df68360b0638,fc407d89-26e4-55ce-a2dc-fdae931500f1,active,2026-04-20
4120603b-3b7f-59e9-91e6-dee801ca00b6,1e927583-a58b-5d98-bb4e-df68360b0638,868b1dbf-370d-5142-be8c-5a80dfad818d,pending,2026-07-25
630cc42a-2cd0-5af7-9881-0507f70972b0,46c6f660-27d0-500e-8750-b3373842e961,0b4a6e3b-d5cd-5d10-87c4-ab6fda0aa831,active,2025-11-29
0cc0aa7d-b450-5a28-92aa-158843bdd00d,46c6f660-27d0-500e-8750-b3373842e961,018fefc2-38fb-5f92-8391-2fe032547753,active,2026-08-20
4ed116e7-ac6b-50bd-a52c-f383bdfb01e2,46c6f660-27d0-500e-8750-b3373842e961,9502494a-7b3f-5213-8df6-4e5e5e22101f,active,2026-04-15
14fdd8a3-4dd8-5a51-81a4-f0de6d4e192c,2569b207-63d9-5d61-acdf-5e2b83e894da,0b4a6e3b-d5cd-5d10-87c4-ab6fda0aa831,active,2026-05-11
69f09aae-0dec-54b3-b7a5-b73d3bc7ccaa,2569b207-63d9-5d61-acdf-5e2b83e894da,018fefc2-38fb-5f92-8391-2fe032547753,active,2026-06-30
7d338f60-5827-5a78-ac86-c4a741f03dd3,2569b207-63d9-5d61-acdf-5e2b83e894da,0a1506ca-ede6-548b-91b8-0730277089b0,active,2025-09-30
9831dd38-0f6b-52ee-91f6-3071eca2183d,2569b207-63d9-5d61-acdf-5e2b83e894da,f080ca1b-6cb2-5242-98ed-4612ac098b94,pending,2025-12-20
1537894d-5ae8-5927-a5c4-62a10df8c96d,2569b207-63d9-5d61-acdf-5e2b83e894da,9502494a-7b3f-5213-8df6-4e5e5e22101f,active,2026-01-03
28facfca-8936-52d2-9da1-4d88c909fa9f,2569b207-63d9-5d61-acdf-5e2b83e894da,69d2e248-598e-501c-a2eb-fb4fb8ccf487,active,2026-05-28
22c05978-5f06-512b-9e78-645ff7e8ef47,2569b207-63d9-5d61-acdf-5e2b83e894da,a9db23aa-1685-5f58-8beb-3c1c13702b6a,active,2025-12-23
bffdb25f-429b-58c5-821e-84534c7b58a5,2569b207-63d9-5d61-acdf-5e2b83e894da,868b1dbf-370d-5142-be8c-5a80dfad818d,active,2026-04-18
420d0455-7f45-56d8-a35d-6819b1af0378,91e43375-fb3f-5dea-84fc-3b6cd033a3ba,0b4a6e3b-d5cd-5d10-87c4-ab6fda0aa831,inactive,2025-10-16
1c1a18b3-3398-5c14-bead-e90db2c047be,91e43375-fb3f-5dea-84fc-3b6cd033a3ba,018fefc2-38fb-5f92-8391-2fe032547753,active,2025-11-29
8eecf825-e478-5d8b-9825-8f8d4f79dbf6,91e43375-fb3f-5dea-84fc-3b6cd033a3ba,a9db23aa-1685-5f58-8beb-3c1c13702b6a,active,2025-10-04
07566944-66fa-5303-864d-c6d7534060a0,91e43375-fb3f-5dea-84fc-3b6cd033a3ba,9502494a-7b3f-5213-8df6-4e5e5e22101f,inactive,2025-10-18
86822ae6-d800-5ad1-ab01-755099f5ffae,91e43375-fb3f-5dea-84fc-3b6cd033a3ba,f080ca1b-6cb2-5242-98ed-4612ac098b94,active,2025-09-15
799b2057-d4ab-52f9-91bd-e7ef6561495e,91e43375-fb3f-5dea-84fc-3b6cd033a3ba,69d2e248-598e-501c-a2eb-fb4fb8ccf487,active,2026-07-23
be9cb0f7-49b5-5463-8bc0-2222a82a118f,91e43375-fb3f-5dea-84fc-3b6cd033a3ba,0a1506ca-ede6-548b-91b8-0730277089b0,active,2026-04-09
f8563f5c-ec4e-5e86-9a6f-501a40c94d97,ed7871c4-9c27-53a6-8539-c9795a6740a3,0b4a6e3b-d5cd-5d10-87c4-ab6fda0aa831,active,2026-07-03
9c7080d3-28d8-54ee-9c45-94aab3c94b5d,ed7871c4-9c27-53a6-8539-c9795a6740a3,018fefc2-38fb-5f92-8391-2fe032547753,active,2026-03-08
8e048d44-1bcb-59da-b80e-f7808e314225,ed7871c4-9c27-53a6-8539-c9795a6740a3,fc407d89-26e4-55ce-a2dc-fdae931500f1,inactive,2025-12-25
d8fc3cdc-8196-5303-95d0-df147553ac04,ed7871c4-9c27-53a6-8539-c9795a6740a3,868b1dbf-370d-5142-be8c-5a80dfad818d,active,2026-01-08
7c684f3c-b777-5655-8c05-693de95a39cd,ed7871c4-9c27-53a6-8539-c9795a6740a3,0a1506ca-ede6-548b-91b8-0730277089b0,active,2025-11-27
8a383feb-313c-5687-8eda-a2c2eefb33dc,ed7871c4-9c27-53a6-8539-c9795a6740a3,9502494a-7b3f-5213-8df6-4e5e5e22101f,inactive,2026-02-21
6baf5e1b-1012-5376-a428-64548bb058a2,0119dc39-1092-5316-b82f-ff32891806f1,0b4a6e3b-d5cd-5d10-87c4-ab6fda0aa831,active,2026-02-09
598a5f5b-887a-56c5-b0bd-74128291a9b8,0119dc39-1092-5316-b82f-ff32891806f1,018fefc2-38fb-5f92-8391-2fe032547753,active,2026-04-13
e5c1e92c-baa9-50ba-b91c-4b4aaa28156b,0119dc39-1092-5316-b82f-ff32891806f1,a9db23aa-1685-5f58-8beb-3c1c13702b6a,active,2025-10-07
ff21aed7-dc9b-58ab-9a3e-9d6c39566222,0119dc39-1092-5316-b82f-ff32891806f1,f080ca1b-6cb2-5242-98ed-4612ac098b94,active,2026-05-19
d98d834e-52f6-55e2-b7e1-ed4f197aca9b,0119dc39-1092-5316-b82f-ff32891806f1,0a1506ca-ede6-548b-91b8-0730277089b0,active,2026-01-21
b21c9c05-df63-5644-95fd-3b5294254a1f,0119dc39-1092-5316-b82f-ff32891806f1,fc407d89-26e4-55ce-a2dc-fdae931500f1,active,2026-03-28
053eeeea-92bb-56d7-b363-e3c3405693ef,0119dc39-1092-5316-b82f-ff32891806f1,9502494a-7b3f-5213-8df6-4e5e5e22101f,active,2026-07-26
b52dbf20-5c1f-526d-9134-f69dc19afb1f,c7de05bb-4ed5-5a9e-b218-b343f9d73166,0b4a6e3b-d5cd-5d10-87c4-ab6fda0aa831,active,2026-04-27
6e8b1e6f-8924-51e3-84ef-4b6e0e8405c8,c7de05bb-4ed5-5a9e-b218-b343f9d73166,018fefc2-38fb-5f92-8391-2fe032547753,active,2025-11-25
98383b7b-4611-5e2a-8cd1-d23d91e88a04,c7de05bb-4ed5-5a9e-b218-b343f9d73166,9502494a-7b3f-5213-8df6-4e5e5e22101f,active,2026-08-29
615fcdf3-f0a6-5551-b2ff-75c3dc29dec6,c7de05bb-4ed5-5a9e-b218-b343f9d73166,0a1506ca-ede6-548b-91b8-0730277089b0,active,2025-12-04
b0dc2172-248f-5a7b-bc9c-a010f734622b,c7de05bb-4ed5-5a9e-b218-b343f9d73166,868b1dbf-370d-5142-be8c-5a80dfad818d,active,2026-07-20
5e550f95-cb24-54da-9f24-cedb32c86e4c,24f6205d-af78-55c4-9ac6-42db10b9b00f,0b4a6e3b-d5cd-5d10-87c4-ab6fda0aa831,active,2026-02-25
47bc9499-fc4f-54c0-8d0a-fa7b46ff0344,24f6205d-af78-55c4-9ac6-42db10b9b00f,018fefc2-38fb-5f92-8391-2fe032547753,inactive,2026-07-09
943d20b9-618a-55cd-8489-468171fbafa8,24f6205d-af78-55c4-9ac6-42db10b9b00f,a9db23aa-1685-5f58-8beb-3c1c13702b6a,active,2025-11-02
0d454108-9da8-5d9b-b35c-6b94f912d3d1,9b091607-c2e8-537a-9942-74c84048a742,0b4a6e3b-d5cd-5d10-87c4-ab6fda0aa831,active,2025-12-23
ed62efb3-5bdd-58e9-af0c-00987780b824,9b091607-c2e8-537a-9942-74c84048a742,018fefc2-38fb-5f92-8391-2fe032547753,active,2026-02-13
cb425f37-00a4-5158-85fd-debfb9b23ddd,9b091607-c2e8-537a-9942-74c84048a742,9502494a-7b3f-5213-8df6-4e5e5e22101f,active,2026-03-06
d97bc768-fe26-5a58-8d92-85e02504cacb,9b091607-c2e8-537a-9942-74c84048a742,4b343160-5928-5bdb-83ef-2c0f9faba1dd,active,2025-12-15
69520d15-e8c2-5385-8a74-46dead289546,9b091607-c2e8-537a-9942-74c84048a742,fc407d89-26e4-55ce-a2dc-fdae931500f1,active,2026-06-26
68bd7746-b25e-5c7a-8d00-6d8cec92ded8,9b091607-c2e8-537a-9942-74c84048a742,868b1dbf-370d-5142-be8c-5a80dfad818d,active,2025-10-20
8497be5c-820b-5601-99ad-cdd9f9f55b48,9b091607-c2e8-537a-9942-74c84048a742,0a1506ca-ede6-548b-91b8-0730277089b0,active,2026-08-06
3533f40e-98af-5f84-a346-701b2ca9f597,9b091607-c2e8-537a-9942-74c84048a742,69d2e248-598e-501c-a2eb-fb4fb8ccf487,active,2025-10-15
94b223d8-edf5-5105-b02b-a7cfb707415f,e56bfd8a-5487-5264-b893-a501b67260ca,0b4a6e3b-d5cd-5d10-87c4-ab6fda0aa831,active,2025-09-15
faf0dd97-86c2-5ca5-a4aa-198521a293fd,e56bfd8a-5487-5264-b893-a501b67260ca,018fefc2-38fb-5f92-8391-2fe032547753,inactive,2026-02-22
a2a2a970-e442-52cb-b839-a417e5773f0d,e56bfd8a-5487-5264-b893-a501b67260ca,9502494a-7b3f-5213-8df6-4e5e5e22101f,active,2026-02-08
cedd8381-636d-5111-b0f2-3c3e185c1303,e56bfd8a-5487-5264-b893-a501b67260ca,4b343160-5928-5bdb-83ef-2c0f9faba1dd,active,2026-02-09
84180140-c5b5-5fe8-b681-26bb8001bd65,e56bfd8a-5487-5264-b893-a501b67260ca,a9db23aa-1685-5f58-8beb-3c1c13702b6a,active,2026-05-12
b256edbe-99f7-535c-934e-d45aae0c1432,e56bfd8a-5487-5264-b893-a501b67260ca,868b1dbf-370d-5142-be8c-5a80dfad818d,active,2026-03-08
28be7ecd-0820-578a-9d51-94f547cf8935,2e0dbc5a-145a-5f98-95d6-887c0928278d,0b4a6e3b-d5cd-5d10-87c4-ab6fda0aa831,active,2026-06-11
2c56ae58-81fb-57a3-939c-e4167a59c7dc,2e0dbc5a-145a-5f98-95d6-887c0928278d,018fefc2-38fb-5f92-8391-2fe032547753,active,2026-06-28
5eebed1a-53ac-5802-b1b8-a638703a543e,2e0dbc5a-145a-5f98-95d6-887c0928278d,0a1506ca-ede6-548b-91b8-0730277089b0,active,2026-05-01
52b8c65a-7fb3-5e75-aed0-b01389c6418e,2e0dbc5a-145a-5f98-95d6-887c0928278d,868b1dbf-370d-5142-be8c-5a80dfad818d,active,2026-06-21
2ed87e30-8b7b-5c6e-aff3-23d433442030,1b89a724-452d-5f73-907e-6d06e9c5e1df,0b4a6e3b-d5cd-5d10-87c4-ab6fda0aa831,active,2025-09-21
784a5876-6c71-5798-b1de-bb30979ccf2b,1b89a724-452d-5f73-907e-6d06e9c5e1df,018fefc2-38fb-5f92-8391-2fe032547753,active,2026-01-09
d50fa853-92bf-53fc-8d49-cbdcfd81bd92,1b89a724-452d-5f73-907e-6d06e9c5e1df,0a1506ca-ede6-548b-91b8-0730277089b0,inactive,2026-04-17
a829e546-2fe7-5e5c-90b2-b07aee71934a,1b89a724-452d-5f73-907e-6d06e9c5e1df,9502494a-7b3f-5213-8df6-4e5e5e22101f,active,2026-02-19
4b9d09d2-5ef7-52e2-ba6a-382fd1736d79,1b89a724-452d-5f73-907e-6d06e9c5e1df,868b1dbf-370d-5142-be8c-5a80dfad818d,active,2026-03-06
f8ee2e06-8086-5e54-b3ba-cd2ee0aec94c,1b89a724-452d-5f73-907e-6d06e9c5e1df,fc407d89-26e4-55ce-a2dc-fdae931500f1,active,2025-10-01
e71ae62a-409b-58e8-888e-92ee7a281685,1b89a724-452d-5f73-907e-6d06e9c5e1df,f080ca1b-6cb2-5242-98ed-4612ac098b94,active,2026-06-22
ec00bdae-8735-5627-824d-cab039fa9a48,1b89a724-452d-5f73-907e-6d06e9c5e1df,4b343160-5928-5bdb-83ef-2c0f9faba1dd,active,2025-10-30
c43fa970-a9b5-5458-9442-af019246cf35,1d4055cc-6c61-53ba-befa-1faccdf53807,0b4a6e3b-d5cd-5d10-87c4-ab6fda0aa831,pending,2025-10-04
02111ae0-761a-5e8d-a08f-c35b8eb43aaf,1d4055cc-6c61-53ba-befa-1faccdf53807,018fefc2-38fb-5f92-8391-2fe032547753,active,2026-07-29
83690b59-56ed-5149-961e-3f3cc7111f08,1d4055cc-6c61-53ba-befa-1faccdf53807,a9db23aa-1685-5f58-8beb-3c1c13702b6a,active,2026-08-07
6678ba33-323e-5138-8df2-4738350a86e6,6bf333db-329e-5379-8a87-612548e94afa,0b4a6e3b-d5cd-5d10-87c4-ab6fda0aa831,pending,2025-09-20
a7c10a63-2451-52dc-a13b-5913951009d0,6bf333db-329e-5379-8a87-612548e94afa,018fefc2-38fb-5f92-8391-2fe032547753,pending,2026-04-19
6d656299-8e12-5230-aea7-93a6da88e7ef,6bf333db-329e-5379-8a87-612548e94afa,f080ca1b-6cb2-5242-98ed-4612ac098b94,active,2025-12-29
d5e50440-dc53-50e6-8a69-cf0f0ec9d0d8,6bf333db-329e-5379-8a87-612548e94afa,a9db23aa-1685-5f58-8beb-3c1c13702b6a,active,2026-03-27
d2f93c35-a477-5d70-a08f-2bf7a37fac29,6bf333db-329e-5379-8a87-612548e94afa,4b343160-5928-5bdb-83ef-2c0f9faba1dd,active,2025-12-20
a05e72c0-7719-5bc8-9071-2cf3bfc92bcf,6bf333db-329e-5379-8a87-612548e94afa,fc407d89-26e4-55ce-a2dc-fdae931500f1,active,2026-07-07
2cbc9f3e-bf67-5429-8564-675f23018dcf,6bf333db-329e-5379-8a87-612548e94afa,868b1dbf-370d-5142-be8c-5a80dfad818d,active,2025-10-05
3cdced68-1dd2-57d9-96fe-ef81bab811be,e069ddab-39fc-5820-b62a-2e0c144713e9,0b4a6e3b-d5cd-5d10-87c4-ab6fda0aa831,inactive,2026-04-04
3e9c17fc-f4b6-534d-9155-43707cd0f287,e069ddab-39fc-5820-b62a-2e0c144713e9,018fefc2-38fb-5f92-8391-2fe032547753,pending,2026-06-16
d16f753a-3b9b-5a5a-81af-b20850414e6f,e069ddab-39fc-5820-b62a-2e0c144713e9,868b1dbf-370d-5142-be8c-5a80dfad818d,active,2026-06-17
7eb6165f-d7c8-5c99-b84c-f39a736e401e,e069ddab-39fc-5820-b62a-2e0c144713e9,fc407d89-26e4-55ce-a2dc-fdae931500f1,pending,2026-04-04
a12ac963-3f5c-5de5-b3d7-318da1879339,e069ddab-39fc-5820-b62a-2e0c144713e9,69d2e248-598e-501c-a2eb-fb4fb8ccf487,active,2025-10-02
b55a1d28-9049-5606-9ea5-a995172f4393,f08a11c8-f9c0-5650-a8c7-d51d9e7f9892,0b4a6e3b-d5cd-5d10-87c4-ab6fda0aa831,inactive,2026-02-15
bcfc5f32-4017-5175-96ba-788b5ee51e76,f08a11c8-f9c0-5650-a8c7-d51d9e7f9892,018fefc2-38fb-5f92-8391-2fe032547753,active,2025-11-02
1c137e68-eecf-55e0-b54f-2e3d5086e71b,f08a11c8-f9c0-5650-a8c7-d51d9e7f9892,fc407d89-26e4-55ce-a2dc-fdae931500f1,active,2025-10-19
777cbd9b-ccf0-5ddd-9433-f68e51014ce1,f08a11c8-f9c0-5650-a8c7-d51d9e7f9892,a9db23aa-1685-5f58-8beb-3c1c13702b6a,active,2026-06-08
29f649d5-dce8-55d2-be6c-127440bf4dde,8a91073c-f678-5bb2-8e9b-1cd31b741b64,0b4a6e3b-d5cd-5d10-87c4-ab6fda0aa831,active,2026-05-06
f4b32fb9-1b18-5505-b7a5-f2d323dccba6,8a91073c-f678-5bb2-8e9b-1cd31b741b64,018fefc2-38fb-5f92-8391-2fe032547753,inactive,2025-10-05
e741e499-a6db-559d-a7ab-ebb7cdc8bc17,8a91073c-f678-5bb2-8e9b-1cd31b741b64,a9db23aa-1685-5f58-8beb-3c1c13702b6a,active,2026-05-25
cf17c96b-6d88-51d5-ace8-5d6880cb7ed3,8a91073c-f678-5bb2-8e9b-1cd31b741b64,9502494a-7b3f-5213-8df6-4e5e5e22101f,active,2025-11-10
ce838fd0-6744-5383-8db3-af33bba4fc82,8a91073c-f678-5bb2-8e9b-1cd31b741b64,69d2e248-598e-501c-a2eb-fb4fb8ccf487,active,2025-10-13
45608694-e34d-5462-bcf2-31f35f1d8c46,8a91073c-f678-5bb2-8e9b-1cd31b741b64,4b343160-5928-5bdb-83ef-2c0f9faba1dd,active,2025-10-29
92596342-7cb0-55e6-a413-49f69a1c54cf,8a91073c-f678-5bb2-8e9b-1cd31b741b64,0a1506ca-ede6-548b-91b8-0730277089b0,active,2026-02-21
f574142f-67de-5191-a5b6-16ec4ae8de3f,aef13d93-2926-5d27-82cc-91eb397e1d5d,0b4a6e3b-d5cd-5d10-87c4-ab6fda0aa831,active,2025-09-27
8ba2ef22-e3c8-5c82-998e-30d9de7372a9,aef13d93-2926-5d27-82cc-91eb397e1d5d,018fefc2-38fb-5f92-8391-2fe032547753,active,2025-10-16
34711e58-0234-5ba0-a72f-3f0e4bf3f557,aef13d93-2926-5d27-82cc-91eb397e1d5d,0a1506ca-ede6-548b-91b8-0730277089b0,active,2026-01-18
6949d1f0-e0b1-5483-9b46-8456e1da0949,aef13d93-2926-5d27-82cc-91eb397e1d5d,fc407d89-26e4-55ce-a2dc-fdae931500f1,active,2026-02-07
976d70c4-444c-53a8-a0d6-bd94410ab678,aef13d93-2926-5d27-82cc-91eb397e1d5d,4b343160-5928-5bdb-83ef-2c0f9faba1dd,active,2026-07-12
d53203ac-1e5f-569d-a585-b56dfe32f661,aef13d93-2926-5d27-82cc-91eb397e1d5d,a9db23aa-1685-5f58-8beb-3c1c13702b6a,active,2026-04-16
819ea0dd-c482-5a1f-92bc-8bca852f5c53,aef13d93-2926-5d27-82cc-91eb397e1d5d,9502494a-7b3f-5213-8df6-4e5e5e22101f,active,2026-05-30
bebdfd82-18d5-554a-a01e-a146e933b3f1,aef13d93-2926-5d27-82cc-91eb397e1d5d,69d2e248-598e-501c-a2eb-fb4fb8ccf487,active,2026-07-04
1c3924e4-22d7-53dd-a2f3-d8509c05d8b1,719962a7-20db-5986-ae72-a3679ddc032c,0b4a6e3b-d5cd-5d10-87c4-ab6fda0aa831,inactive,2025-10-23
d0ae8976-0f0f-57dc-bd93-4f938ee1a7c0,719962a7-20db-5986-ae72-a3679ddc032c,018fefc2-38fb-5f92-8391-2fe032547753,active,2026-03-08
1106d74a-786c-5e5e-82cb-7abf8610f39e,719962a7-20db-5986-ae72-a3679ddc032c,9502494a-7b3f-5213-8df6-4e5e5e22101f,active,2025-09-11
479de7c2-cc58-554d-be0a-7c380c3c6ebf,719962a7-20db-5986-ae72-a3679ddc032c,fc407d89-26e4-55ce-a2dc-fdae931500f1,active,2025-10-25
2dea556b-9a61-53bb-83c4-c0e84e948420,719962a7-20db-5986-ae72-a3679ddc032c,868b1dbf-370d-5142-be8c-5a80dfad818d,active,2025-11-16
e8428e48-5cd7-56c7-8215-c4cf7654ae1f,719962a7-20db-5986-ae72-a3679ddc032c,0a1506ca-ede6-548b-91b8-0730277089b0,active,2026-03-02
ed9915d1-26f4-5f36-954d-4b7345635ed6,dad30c15-97b8-5018-ad17-b718b6e41811,0b4a6e3b-d5cd-5d10-87c4-ab6fda0aa831,active,2026-06-17
123c7981-f35c-58f4-89d9-ae4daab22c09,dad30c15-97b8-5018-ad17-b718b6e41811,018fefc2-38fb-5f92-8391-2fe032547753,active,2025-11-20
2740e6fb-e1ef-5b55-9857-44aec02ab97d,dad30c15-97b8-5018-ad17-b718b6e41811,fc407d89-26e4-55ce-a2dc-fdae931500f1,active,2026-02-26
622ff13a-501c-5700-88ec-79a01a033aef,94f7c637-bf95-5080-befe-fdcf3748a0dc,0b4a6e3b-d5cd-5d10-87c4-ab6fda0aa831,active,2026-02-25
2cb20229-2e28-5396-af3c-acf2128a2a48,94f7c637-bf95-5080-befe-fdcf3748a0dc,018fefc2-38fb-5f92-8391-2fe032547753,active,2025-12-17
770bd635-7c36-51a6-a551-853ef116d988,94f7c637-bf95-5080-befe-fdcf3748a0dc,a9db23aa-1685-5f58-8beb-3c1c13702b6a,active,2025-10-16
8e410651-0924-5f4f-b96e-dce48ee70969,94f7c637-bf95-5080-befe-fdcf3748a0dc,9502494a-7b3f-5213-8df6-4e5e5e22101f,active,2026-06-28
162115ca-330e-5593-b743-fd03c156b0a4,94f7c637-bf95-5080-befe-fdcf3748a0dc,0a1506ca-ede6-548b-91b8-0730277089b0,active,2026-01-15
9ded21cb-d792-5433-bf53-a2b4d44cf62b,94f7c637-bf95-5080-befe-fdcf3748a0dc,f080ca1b-6cb2-5242-98ed-4612ac098b94,pending,2025-09-11
a5861cd8-a308-523d-9cd7-9e56f6fa5db7,3c93a092-47e6-5c14-bdba-7ccdd461340c,0b4a6e3b-d5cd-5d10-87c4-ab6fda0aa831,pending,2025-12-09
0f044c06-b406-5be4-80f1-3e42e460b14f,3c93a092-47e6-5c14-bdba-7ccdd461340c,018fefc2-38fb-5f92-8391-2fe032547753,active,2026-04-03
53cb376c-61df-5df0-a65e-cd75f9189e63,3c93a092-47e6-5c14-bdba-7ccdd461340c,4b343160-5928-5bdb-83ef-2c0f9faba1dd,active,2025-11-05
283bb966-53d1-50b9-b8c0-22cc2474bd15,40f0390b-96f3-537f-a920-2eed11fbbe5b,0b4a6e3b-d5cd-5d10-87c4-ab6fda0aa831,active,2026-08-15
636711da-0e48-53e1-8c02-2c457d8fda5f,40f0390b-96f3-537f-a920-2eed11fbbe5b,018fefc2-38fb-5f92-8391-2fe032547753,active,2026-03-27
d3b97c7c-5418-5929-9421-03ee5c9a2279,40f0390b-96f3-537f-a920-2eed11fbbe5b,0a1506ca-ede6-548b-91b8-0730277089b0,active,2025-11-29
7f8d2fda-2d6d-5758-9beb-e57616b678ef,40f0390b-96f3-537f-a920-2eed11fbbe5b,4b343160-5928-5bdb-83ef-2c0f9faba1dd,active,2026-06-21
e3f51965-65b0-57be-9f55-3d8edc6f4a26,0c74ae9b-9c3d-5ddd-9423-286f953e88fc,0b4a6e3b-d5cd-5d10-87c4-ab6fda0aa831,active,2026-04-15
82cd05ea-a52a-5ac1-8946-3499bccf21fe,0c74ae9b-9c3d-5ddd-9423-286f953e88fc,018fefc2-38fb-5f92-8391-2fe032547753,active,2026-02-02
0b54bc93-a93b-586d-b448-6904488bba0f,0c74ae9b-9c3d-5ddd-9423-286f953e88fc,9502494a-7b3f-5213-8df6-4e5e5e22101f,active,2026-02-20
91fd26c5-9af5-5374-aa6c-1fb2045b7de1,0c74ae9b-9c3d-5ddd-9423-286f953e88fc,fc407d89-26e4-55ce-a2dc-fdae931500f1,active,2026-04-06
ab6cc297-e7d7-5415-9e8c-5806124ce605,0c74ae9b-9c3d-5ddd-9423-286f953e88fc,f080ca1b-6cb2-5242-98ed-4612ac098b94,active,2026-08-25
ee19d268-1f49-5e9f-9b6e-3feb5308d20c,0c74ae9b-9c3d-5ddd-9423-286f953e88fc,a9db23aa-1685-5f58-8beb-3c1c13702b6a,active,2026-02-19
5daee2d0-3180-5fa2-99d2-b34face61cdd,0c74ae9b-9c3d-5ddd-9423-286f953e88fc,4b343160-5928-5bdb-83ef-2c0f9faba1dd,active,2025-09-15
ef8b205d-d2b9-5284-8d0b-d2717949f846,6ba72381-ad6d-5ae2-a069-716db6b02ba9,0b4a6e3b-d5cd-5d10-87c4-ab6fda0aa831,active,2025-12-04
82ab43cf-7078-5a3d-ac4a-0f3b05facf4f,6ba72381-ad6d-5ae2-a069-716db6b02ba9,018fefc2-38fb-5f92-8391-2fe032547753,active,2026-07-06
b7c54d0d-32e5-5815-b7f6-f34dd620ec89,6ba72381-ad6d-5ae2-a069-716db6b02ba9,9502494a-7b3f-5213-8df6-4e5e5e22101f,active,2026-02-14
a3792e7e-27f3-525f-91e9-15f3826f18ab,6ba72381-ad6d-5ae2-a069-716db6b02ba9,69d2e248-598e-501c-a2eb-fb4fb8ccf487,active,2025-12-05
1c6c77ee-2ea9-5362-be8d-58a22085b6b0,9d0fe198-1bbb-51a7-894e-8ea74978b154,0b4a6e3b-d5cd-5d10-87c4-ab6fda0aa831,inactive,2026-05-01
62a10838-10c2-55f7-a37f-afc48f240599,9d0fe198-1bbb-51a7-894e-8ea74978b154,018fefc2-38fb-5f92-8391-2fe032547753,inactive,2025-11-15
d7bc9d38-13f8-57e5-9f9c-e939c605741a,9d0fe198-1bbb-51a7-894e-8ea74978b154,fc407d89-26e4-55ce-a2dc-fdae931500f1,active,2026-07-15
aed10c54-2de1-50a4-b8c5-4b63b75bab02,9d0fe198-1bbb-51a7-894e-8ea74978b154,868b1dbf-370d-5142-be8c-5a80dfad818d,pending,2026-06-22
10dfe459-32a5-56cc-90c9-4eb3f3849c70,9d0fe198-1bbb-51a7-894e-8ea74978b154,69d2e248-598e-501c-a2eb-fb4fb8ccf487,inactive,2026-04-29
45f402ba-2dae-5be7-a975-536e539cfe90,88c4d406-580a-520e-93d1-a9491ae16323,0b4a6e3b-d5cd-5d10-87c4-ab6fda0aa831,active,2026-02-21
10f2cc3f-33cf-57c8-9c3c-8aa4f71c8c64,88c4d406-580a-520e-93d1-a9491ae16323,018fefc2-38fb-5f92-8391-2fe032547753,active,2026-07-17
175e7b84-3df1-549f-95b9-5488b7f2df3f,88c4d406-580a-520e-93d1-a9491ae16323,9502494a-7b3f-5213-8df6-4e5e5e22101f,pending,2026-07-16
f830a598-dcdc-5472-8aac-7e8251465734,221f7ff2-5f5e-5f69-8a56-904dece85bcb,0b4a6e3b-d5cd-5d10-87c4-ab6fda0aa831,active,2026-06-19
e15b8993-33a4-5387-ba3e-562f41e17147,221f7ff2-5f5e-5f69-8a56-904dece85bcb,018fefc2-38fb-5f92-8391-2fe032547753,pending,2025-10-18
67a6e105-33f2-5b88-b70b-df07e43b85ec,221f7ff2-5f5e-5f69-8a56-904dece85bcb,a9db23aa-1685-5f58-8beb-3c1c13702b6a,inactive,2025-11-18
7aceb185-d74b-52c5-8469-a5203e210f83,8e7a61aa-daf6-5080-a843-f322705c0fce,0b4a6e3b-d5cd-5d10-87c4-ab6fda0aa831,pending,2025-12-30
3836608c-425e-5a70-8349-e8d0dcd277f9,8e7a61aa-daf6-5080-a843-f322705c0fce,018fefc2-38fb-5f92-8391-2fe032547753,active,2026-01-27
7b69a3c4-aecd-528c-98dd-6de5a4087697,8e7a61aa-daf6-5080-a843-f322705c0fce,4b343160-5928-5bdb-83ef-2c0f9faba1dd,active,2026-06-23
51b1d3d4-2b71-5a37-a532-efce20ea06ab,8e7a61aa-daf6-5080-a843-f322705c0fce,868b1dbf-370d-5142-be8c-5a80dfad818d,pending,2025-12-27
f9e270ee-28c1-505b-bac5-c0718416220b,8e7a61aa-daf6-5080-a843-f322705c0fce,9502494a-7b3f-5213-8df6-4e5e5e22101f,active,2025-11-25
6aaf7677-ca41-52fd-b10e-10c6d381c5b9,86d8d01d-703e-5df7-8e24-18111f59177a,0b4a6e3b-d5cd-5d10-87c4-ab6fda0aa831,active,2025-10-24
46f10057-03d2-5d0c-8015-3868a9232020,86d8d01d-703e-5df7-8e24-18111f59177a,018fefc2-38fb-5f92-8391-2fe032547753,active,2025-10-06
7550a226-a53e-5251-a198-24b982589b95,86d8d01d-703e-5df7-8e24-18111f59177a,f080ca1b-6cb2-5242-98ed-4612ac098b94,active,2025-12-14
4d980610-3818-5b35-bdf6-ad49413ffe28,86d8d01d-703e-5df7-8e24-18111f59177a,0a1506ca-ede6-548b-91b8-0730277089b0,active,2026-07-05
5fe43437-7056-5e67-82ca-313b9fab562d,86d8d01d-703e-5df7-8e24-18111f59177a,4b343160-5928-5bdb-83ef-2c0f9faba1dd,active,2026-03-05
4181b28f-ff3f-526f-af6b-66eff1f39c6c,86d8d01d-703e-5df7-8e24-18111f59177a,fc407d89-26e4-55ce-a2dc-fdae931500f1,pending,2026-06-20
4531c71f-705b-57d9-b6aa-13563d80ce97,f1aca4b1-7e3d-57d1-9a9d-43efa13d8c8a,0b4a6e3b-d5cd-5d10-87c4-ab6fda0aa831,active,2026-06-30
95a82507-aece-5f1f-9a2f-f0158ddd7c40,f1aca4b1-7e3d-57d1-9a9d-43efa13d8c8a,018fefc2-38fb-5f92-8391-2fe032547753,active,2026-01-10
e4f2d474-ca64-5122-94b8-a85cba1ea24a,f1aca4b1-7e3d-57d1-9a9d-43efa13d8c8a,4b343160-5928-5bdb-83ef-2c0f9faba1dd,active,2026-01-26
00bd8146-d45c-5106-9685-2d303268a9b7,f1aca4b1-7e3d-57d1-9a9d-43efa13d8c8a,a9db23aa-1685-5f58-8beb-3c1c13702b6a,active,2025-09-30
334d88ac-517d-55ee-806c-12f6b9dbca5c,f1aca4b1-7e3d-57d1-9a9d-43efa13d8c8a,69d2e248-598e-501c-a2eb-fb4fb8ccf487,active,2025-11-03
73c9f8af-32ed-57cc-8209-ce600730a830,f1aca4b1-7e3d-57d1-9a9d-43efa13d8c8a,fc407d89-26e4-55ce-a2dc-fdae931500f1,active,2025-10-02
604a236e-cade-5a24-befb-330f39da16ec,431d42db-74a5-53d0-8a57-68d40a8244d9,0b4a6e3b-d5cd-5d10-87c4-ab6fda0aa831,active,2026-02-13
5c1f2852-aabb-5bb6-bd29-aba88a5bc1d0,431d42db-74a5-53d0-8a57-68d40a8244d9,018fefc2-38fb-5f92-8391-2fe032547753,active,2025-10-14
5eee9558-1e7d-5b07-9c16-40514514afef,431d42db-74a5-53d0-8a57-68d40a8244d9,f080ca1b-6cb2-5242-98ed-4612ac098b94,inactive,2025-09-20
52630b9a-02f2-5030-aae7-8d3a348c4d4b,431d42db-74a5-53d0-8a57-68d40a8244d9,9502494a-7b3f-5213-8df6-4e5e5e22101f,active,2026-08-30
a2d9572c-8d24-513c-876a-abc7d105d98b,431d42db-74a5-53d0-8a57-68d40a8244d9,0a1506ca-ede6-548b-91b8-0730277089b0,active,2025-09-23
210e47cb-daf7-514f-9a6e-d2f7a6cf2bbe,431d42db-74a5-53d0-8a57-68d40a8244d9,fc407d89-26e4-55ce-a2dc-fdae931500f1,active,2025-09-18
9ce6097e-8086-573b-9fb0-247629ba8718,431d42db-74a5-53d0-8a57-68d40a8244d9,868b1dbf-370d-5142-be8c-5a80dfad818d,active,2025-09-02
adf40580-4d45-5ada-90a3-c8b93410f2e3,72394c70-a521-5f56-9ce4-31ca745e4ca2,0b4a6e3b-d5cd-5d10-87c4-ab6fda0aa831,active,2026-06-03
93c4dc74-8286-5943-809b-38e3088eb19d,72394c70-a521-5f56-9ce4-31ca745e4ca2,018fefc2-38fb-5f92-8391-2fe032547753,active,2026-08-06
d4566b61-da2e-583f-8301-9b800f72cb05,72394c70-a521-5f56-9ce4-31ca745e4ca2,0a1506ca-ede6-548b-91b8-0730277089b0,active,2026-03-18
231a0e2b-9305-55b9-be56-a4f28c4e0fa8,72394c70-a521-5f56-9ce4-31ca745e4ca2,69d2e248-598e-501c-a2eb-fb4fb8ccf487,pending,2026-02-15
889973bf-02df-5faf-8222-43aa8e5ac426,ddc63cec-f08f-5452-ae9b-e788dec170e9,0b4a6e3b-d5cd-5d10-87c4-ab6fda0aa831,active,2026-06-26
5a04ac5f-4b74-53de-943f-89b7f2f205d8,ddc63cec-f08f-5452-ae9b-e788dec170e9,018fefc2-38fb-5f92-8391-2fe032547753,active,2025-12-12
19376452-ca65-5025-9d93-53f1cb1c7495,ddc63cec-f08f-5452-ae9b-e788dec170e9,a9db23aa-1685-5f58-8beb-3c1c13702b6a,active,2025-09-02
f6740d8d-a4a6-5adf-acee-5c0b79f7452e,ddc63cec-f08f-5452-ae9b-e788dec170e9,69d2e248-598e-501c-a2eb-fb4fb8ccf487,active,2026-07-03
977f8e32-32f0-57a4-bc88-09afb3fe5541,ddc63cec-f08f-5452-ae9b-e788dec170e9,0a1506ca-ede6-548b-91b8-0730277089b0,active,2025-12-24
4e93bb06-3b79-5177-a808-702ab2402282,ddc63cec-f08f-5452-ae9b-e788dec170e9,868b1dbf-370d-5142-be8c-5a80dfad818d,pending,2026-05-25
2094c8f4-1a42-5683-b0cf-c6d82035ff99,ddc63cec-f08f-5452-ae9b-e788dec170e9,9502494a-7b3f-5213-8df6-4e5e5e22101f,active,2026-08-06
b6cf0668-5a3c-5df1-baa3-3914886a3768,19a1cb62-c438-5b8a-835b-381d558aa640,0b4a6e3b-d5cd-5d10-87c4-ab6fda0aa831,active,2026-08-10
ed6af1e2-273b-5a6c-9ce6-d173f3086030,19a1cb62-c438-5b8a-835b-381d558aa640,018fefc2-38fb-5f92-8391-2fe032547753,active,2026-02-07
1f2f050d-5c28-5b45-8743-e8d1ff6a43f6,19a1cb62-c438-5b8a-835b-381d558aa640,fc407d89-26e4-55ce-a2dc-fdae931500f1,active,2026-04-16
7867155c-9250-557a-8b2c-18d369558383,19a1cb62-c438-5b8a-835b-381d558aa640,868b1dbf-370d-5142-be8c-5a80dfad818d,pending,2025-10-20
dc01c73d-ded4-59c6-9a05-6093c04a2aaa,19a1cb62-c438-5b8a-835b-381d558aa640,4b343160-5928-5bdb-83ef-2c0f9faba1dd,inactive,2026-03-06
f0e4bbdf-d4a5-5f97-a97d-99d543aa1fc7,19a1cb62-c438-5b8a-835b-381d558aa640,0a1506ca-ede6-548b-91b8-0730277089b0,inactive,2026-03-10
24678ca2-d2c1-5c0d-8145-453165ad16fa,19a1cb62-c438-5b8a-835b-381d558aa640,f080ca1b-6cb2-5242-98ed-4612ac098b94,active,2026-08-25
2a339a0a-44de-55ea-b62f-dd9b39ea0395,c50ebb3c-5029-50fa-9889-bf2ace164e85,0b4a6e3b-d5cd-5d10-87c4-ab6fda0aa831,pending,2025-11-03
da624a0f-e799-580b-9de0-3c1ee45ae347,c50ebb3c-5029-50fa-9889-bf2ace164e85,018fefc2-38fb-5f92-8391-2fe032547753,active,2026-03-25
0899541c-ab8f-5f82-bd2f-75441a37f5a3,c50ebb3c-5029-50fa-9889-bf2ace164e85,4b343160-5928-5bdb-83ef-2c0f9faba1dd,active,2026-05-28
ba1e6a18-df3d-5659-8644-afb8ab7a11c8,c50ebb3c-5029-50fa-9889-bf2ace164e85,868b1dbf-370d-5142-be8c-5a80dfad818d,active,2026-02-02
9617e61e-5528-5db7-8b97-e08397165406,c50ebb3c-5029-50fa-9889-bf2ace164e85,69d2e248-598e-501c-a2eb-fb4fb8ccf487,active,2025-12-20
a2948f6f-3b5d-5498-a5ad-315fd0e81403,c50ebb3c-5029-50fa-9889-bf2ace164e85,f080ca1b-6cb2-5242-98ed-4612ac098b94,active,2026-01-01
09274ae0-bf33-5859-ba68-1a243b8601c1,c50ebb3c-5029-50fa-9889-bf2ace164e85,9502494a-7b3f-5213-8df6-4e5e5e22101f,active,2026-07-29
19e88c11-3718-5eee-9bc2-9a9bc42f831b,c50ebb3c-5029-50fa-9889-bf2ace164e85,0a1506ca-ede6-548b-91b8-0730277089b0,active,2026-07-18
003813f5-4c7e-53b6-a3b7-b62e7971a964,1e441a01-31ff-5104-af05-d712744abbb8,0b4a6e3b-d5cd-5d10-87c4-ab6fda0aa831,active,2026-01-22
6a260e76-092c-532e-ad04-580fe10fb367,1e441a01-31ff-5104-af05-d712744abbb8,018fefc2-38fb-5f92-8391-2fe032547753,active,2026-05-09
162de6c2-5f51-5ad0-8db6-d810386e6ed9,1e441a01-31ff-5104-af05-d712744abbb8,69d2e248-598e-501c-a2eb-fb4fb8ccf487,active,2025-12-22
5781dc32-d2a2-5b2c-a953-ccdd8da77138,1e441a01-31ff-5104-af05-d712744abbb8,f080ca1b-6cb2-5242-98ed-4612ac098b94,active,2026-03-25
a8b17c06-4a9d-51b1-bd09-2c6453287255,2120de3b-6e89-5446-b10d-84783bca78f8,0b4a6e3b-d5cd-5d10-87c4-ab6fda0aa831,inactive,2025-12-13
19e6ad28-8b2f-5aa9-a382-2f2a8d929c39,2120de3b-6e89-5446-b10d-84783bca78f8,018fefc2-38fb-5f92-8391-2fe032547753,active,2026-05-21
f770960f-e04f-5628-955f-2ff0c961e9f6,2120de3b-6e89-5446-b10d-84783bca78f8,a9db23aa-1685-5f58-8beb-3c1c13702b6a,active,2025-12-24
6d9f54f9-0ecd-5b71-a4ba-8e14051a96e3,2120de3b-6e89-5446-b10d-84783bca78f8,9502494a-7b3f-5213-8df6-4e5e5e22101f,active,2026-04-15
0c299bd8-f055-5065-9f91-0ca056bbeb06,2120de3b-6e89-5446-b10d-84783bca78f8,868b1dbf-370d-5142-be8c-5a80dfad818d,active,2025-11-23
16982588-7f17-5bd2-810e-695046b9ffdb,2120de3b-6e89-5446-b10d-84783bca78f8,fc407d89-26e4-55ce-a2dc-fdae931500f1,active,2025-09-09
0e5abc79-d748-5f0b-9468-0ee63baab71b,e6deb5a2-207b-5e2c-b132-d7d06f52b35a,0b4a6e3b-d5cd-5d10-87c4-ab6fda0aa831,active,2025-12-12
8d874947-2007-548f-b118-3c94205010d2,e6deb5a2-207b-5e2c-b132-d7d06f52b35a,018fefc2-38fb-5f92-8391-2fe032547753,active,2026-01-27
6d77c845-d3d3-5290-b237-a0a67485c30a,e6deb5a2-207b-5e2c-b132-d7d06f52b35a,fc407d89-26e4-55ce-a2dc-fdae931500f1,active,2026-02-21
61798dfd-e99d-57e2-9f0f-7bd8f83043ab,e6deb5a2-207b-5e2c-b132-d7d06f52b35a,9502494a-7b3f-5213-8df6-4e5e5e22101f,active,2025-11-20
2e4d74f4-d070-54c6-a1a0-6239711e0f29,e6deb5a2-207b-5e2c-b132-d7d06f52b35a,69d2e248-598e-501c-a2eb-fb4fb8ccf487,active,2026-07-22
6296da7f-b676-5835-b438-5a920802959c,e6deb5a2-207b-5e2c-b132-d7d06f52b35a,a9db23aa-1685-5f58-8beb-3c1c13702b6a,active,2026-05-08
5c641716-d355-59c3-ace6-0ec5d294e3b6,e6deb5a2-207b-5e2c-b132-d7d06f52b35a,4b343160-5928-5bdb-83ef-2c0f9faba1dd,active,2026-02-11
a89c35fa-7a9f-5ef5-ad5a-9e46fd474a8f,da0cb885-df95-54a9-907a-b809b1ee7b74,0b4a6e3b-d5cd-5d10-87c4-ab6fda0aa831,active,2026-06-11
51a90ced-1072-5427-b251-5fb23875494c,da0cb885-df95-54a9-907a-b809b1ee7b74,018fefc2-38fb-5f92-8391-2fe032547753,pending,2025-12-26
74e756d5-4ef7-5925-b65c-a3f205558eeb,da0cb885-df95-54a9-907a-b809b1ee7b74,69d2e248-598e-501c-a2eb-fb4fb8ccf487,active,2025-12-20
35b98bf5-9355-5253-acf9-04b9eb940396,da0cb885-df95-54a9-907a-b809b1ee7b74,fc407d89-26e4-55ce-a2dc-fdae931500f1,active,2026-05-23
54ce3d82-1fe1-5166-b5df-963c1d359c0a,da0cb885-df95-54a9-907a-b809b1ee7b74,a9db23aa-1685-5f58-8beb-3c1c13702b6a,inactive,2026-05-31
ebb10365-8bee-5ee0-8005-1b48a2af8127,aea226c0-7f74-52fc-aa22-1c3146edcf33,0b4a6e3b-d5cd-5d10-87c4-ab6fda0aa831,active,2026-07-02
84cb0423-ab10-56cd-aa86-d1eb008ad426,aea226c0-7f74-52fc-aa22-1c3146edcf33,018fefc2-38fb-5f92-8391-2fe032547753,active,2026-01-08
13780090-1533-5210-94fb-b3a35c540fd6,aea226c0-7f74-52fc-aa22-1c3146edcf33,f080ca1b-6cb2-5242-98ed-4612ac098b94,active,2025-12-10
6d556e45-ab61-51aa-bac4-5a25e8d26dff,26642037-fe53-501b-99f5-0c21fae5336e,0b4a6e3b-d5cd-5d10-87c4-ab6fda0aa831,active,2025-10-26
16e4258a-ae93-503b-8ac9-7c2ca7d73906,26642037-fe53-501b-99f5-0c21fae5336e,018fefc2-38fb-5f92-8391-2fe032547753,active,2026-03-27
3cba290d-a275-5a77-8aa8-221877896579,26642037-fe53-501b-99f5-0c21fae5336e,868b1dbf-370d-5142-be8c-5a80dfad818d,active,2026-03-13
5ccaac4f-8a1a-5751-92db-f5d14e465de1,26642037-fe53-501b-99f5-0c21fae5336e,9502494a-7b3f-5213-8df6-4e5e5e22101f,active,2026-01-11
4d40a097-f0ce-54a4-a02c-2593bd029714,26642037-fe53-501b-99f5-0c21fae5336e,a9db23aa-1685-5f58-8beb-3c1c13702b6a,active,2026-06-08
a7609a9c-569b-5f75-8dbd-97685c428ced,26642037-fe53-501b-99f5-0c21fae5336e,fc407d89-26e4-55ce-a2dc-fdae931500f1,active,2026-04-29
75e8c043-8e2d-5522-9ed7-3ded80ac7fea,26642037-fe53-501b-99f5-0c21fae5336e,69d2e248-598e-501c-a2eb-fb4fb8ccf487,active,2026-06-06
c910fd75-b842-5940-a5a3-d0d6004d7245,d284eae1-3b58-55e9-aa20-71dc036e9515,0b4a6e3b-d5cd-5d10-87c4-ab6fda0aa831,active,2026-02-14
f74af79a-a7c0-57e9-a2fd-065bc6cef593,d284eae1-3b58-55e9-aa20-71dc036e9515,018fefc2-38fb-5f92-8391-2fe032547753,active,2026-07-05
43875217-e893-5ceb-b2d5-284019b376f3,d284eae1-3b58-55e9-aa20-71dc036e9515,a9db23aa-1685-5f58-8beb-3c1c13702b6a,active,2026-07-25
b5f74081-fc90-5166-bc4c-76d7fdddc29b,d284eae1-3b58-55e9-aa20-71dc036e9515,0a1506ca-ede6-548b-91b8-0730277089b0,inactive,2025-10-11
c7733d89-1379-5277-84d8-cdf963a4b1d0,d284eae1-3b58-55e9-aa20-71dc036e9515,f080ca1b-6cb2-5242-98ed-4612ac098b94,active,2026-06-19
0fc1a55e-f19c-59e0-a917-1a01fb0d4905,d284eae1-3b58-55e9-aa20-71dc036e9515,868b1dbf-370d-5142-be8c-5a80dfad818d,active,2025-11-17
228c549a-702a-517c-8e5d-3f28064a610b,d284eae1-3b58-55e9-aa20-71dc036e9515,69d2e248-598e-501c-a2eb-fb4fb8ccf487,inactive,2026-06-26
b717540d-155a-5aca-92ff-2e0e51ec02ca,d284eae1-3b58-55e9-aa20-71dc036e9515,9502494a-7b3f-5213-8df6-4e5e5e22101f,active,2025-11-06
54a6ea3d-7caa-5693-bb92-25ffd5ff8db8,68fe2048-5e72-5f5d-8554-968c7e45fc11,0b4a6e3b-d5cd-5d10-87c4-ab6fda0aa831,active,2025-12-23
ad7a4595-3ba8-518b-b036-1d1e4c4dce46,68fe2048-5e72-5f5d-8554-968c7e45fc11,018fefc2-38fb-5f92-8391-2fe032547753,pending,2026-05-29
14546dcb-5b1c-5759-ac8f-eaf27228120d,68fe2048-5e72-5f5d-8554-968c7e45fc11,4b343160-5928-5bdb-83ef-2c0f9faba1dd,active,2026-02-08
b60dce03-a400-50fd-a19f-3bf737c9e6f0,68fe2048-5e72-5f5d-8554-968c7e45fc11,868b1dbf-370d-5142-be8c-5a80dfad818d,active,2026-04-24
d64aef61-0433-512b-a3c0-8ce79d3dd0e0,2a97756f-49d6-58f9-be6f-82181c42fed7,0b4a6e3b-d5cd-5d10-87c4-ab6fda0aa831,pending,2025-12-09
f84193fa-9f29-5bba-acc3-ee393292caa0,2a97756f-49d6-58f9-be6f-82181c42fed7,018fefc2-38fb-5f92-8391-2fe032547753,active,2026-05-05
91970d9c-6fe1-52e6-8e39-80cb322f2ab2,2a97756f-49d6-58f9-be6f-82181c42fed7,4b343160-5928-5bdb-83ef-2c0f9faba1dd,active,2026-01-04
e08fd0b1-b9cf-5984-93da-ce3ea0aa8611,2a97756f-49d6-58f9-be6f-82181c42fed7,f080ca1b-6cb2-5242-98ed-4612ac098b94,active,2025-12-12
a3a54bdf-e111-5b4c-b1ae-eb569045f0e7,2a97756f-49d6-58f9-be6f-82181c42fed7,9502494a-7b3f-5213-8df6-4e5e5e22101f,active,2026-04-18
4ed406e2-ea73-5a0c-b07b-05b67357af86,9ff9d504-c856-5bd7-a518-581b72844101,0b4a6e3b-d5cd-5d10-87c4-ab6fda0aa831,inactive,2025-11-06
ae366df0-f22f-5290-9bc3-5b8f47fcd32d,9ff9d504-c856-5bd7-a518-581b72844101,018fefc2-38fb-5f92-8391-2fe032547753,active,2026-06-23
cc1f7c6b-6c2b-53a4-ad58-46282a7d146f,9ff9d504-c856-5bd7-a518-581b72844101,69d2e248-598e-501c-a2eb-fb4fb8ccf487,active,2026-08-26
c6ea4a76-8d58-5f78-8ca1-67d8ccc51184,9ff9d504-c856-5bd7-a518-581b72844101,fc407d89-26e4-55ce-a2dc-fdae931500f1,active,2026-02-05
a07025aa-fa43-51fa-a0e0-1962ed1a790d,22cc08e1-5eef-548c-8831-f5523bacf5da,0b4a6e3b-d5cd-5d10-87c4-ab6fda0aa831,active,2026-07-15
d97752f5-393f-54bc-a5b0-55158e33cd99,22cc08e1-5eef-548c-8831-f5523bacf5da,018fefc2-38fb-5f92-8391-2fe032547753,active,2025-09-08
bfbdb57b-43b8-5b9f-b69f-74bcf9a74752,22cc08e1-5eef-548c-8831-f5523bacf5da,a9db23aa-1685-5f58-8beb-3c1c13702b6a,inactive,2026-01-19
8e039553-8dc3-5120-b41a-d1fe28c01d28,0542378b-c101-5b65-9cc3-78e0505cd512,0b4a6e3b-d5cd-5d10-87c4-ab6fda0aa831,active,2026-07-06
72d7659b-7d5a-5811-999d-8eaf9f80bd45,0542378b-c101-5b65-9cc3-78e0505cd512,018fefc2-38fb-5f92-8391-2fe032547753,active,2026-02-26
2f22374d-6b4c-59a8-9451-8a9b5fe2f126,0542378b-c101-5b65-9cc3-78e0505cd512,fc407d89-26e4-55ce-a2dc-fdae931500f1,active,2026-07-29
c2e0b063-8bf8-5755-ab2e-7f520d3c7866,0542378b-c101-5b65-9cc3-78e0505cd512,4b343160-5928-5bdb-83ef-2c0f9faba1dd,active,2026-04-13
7611be9a-ec09-5b7e-85dd-465c8cac3689,0542378b-c101-5b65-9cc3-78e0505cd512,f080ca1b-6cb2-5242-98ed-4612ac098b94,active,2026-04-18
dad7236e-d14f-53e3-ad2e-a6839f810f70,0de5a8ae-8c43-51a3-8772-fd029e6163f4,0b4a6e3b-d5cd-5d10-87c4-ab6fda0aa831,inactive,2025-09-01
4f2d8069-4710-53aa-8aa4-d1aa9a640e42,0de5a8ae-8c43-51a3-8772-fd029e6163f4,018fefc2-38fb-5f92-8391-2fe032547753,inactive,2025-12-09
48eb80c9-4a87-59d9-9828-cc9aadac0f75,0de5a8ae-8c43-51a3-8772-fd029e6163f4,0a1506ca-ede6-548b-91b8-0730277089b0,active,2026-07-05
e00dfa7c-960c-562f-9279-3550fcb08808,1aff3b3e-90df-587f-b433-fedbb05181dc,0b4a6e3b-d5cd-5d10-87c4-ab6fda0aa831,active,2026-05-07
ed8e01cd-cd9a-5061-b99c-5de96503fca7,1aff3b3e-90df-587f-b433-fedbb05181dc,018fefc2-38fb-5f92-8391-2fe032547753,active,2026-05-07
ee92156d-c176-501c-bf9e-b0384a0c0016,1aff3b3e-90df-587f-b433-fedbb05181dc,9502494a-7b3f-5213-8df6-4e5e5e22101f,active,2025-11-11
dfc55d08-9141-5b49-8c8f-0a0a77a6afe6,1aff3b3e-90df-587f-b433-fedbb05181dc,fc407d89-26e4-55ce-a2dc-fdae931500f1,pending,2025-11-21
d942c39f-daad-5234-8084-1da957803183,1aff3b3e-90df-587f-b433-fedbb05181dc,0a1506ca-ede6-548b-91b8-0730277089b0,inactive,2025-11-27
584338c5-1b66-5eef-b545-b3427b5d015c,1aff3b3e-90df-587f-b433-fedbb05181dc,a9db23aa-1685-5f58-8beb-3c1c13702b6a,inactive,2026-03-01
667bd3d1-6161-55fe-89d2-243f4dc6c8dc,1aff3b3e-90df-587f-b433-fedbb05181dc,f080ca1b-6cb2-5242-98ed-4612ac098b94,active,2025-11-06
d60159f4-845c-55db-9d4e-5f1478330075,eeb546d4-9cc3-5314-a3cf-9fb014d96b68,0b4a6e3b-d5cd-5d10-87c4-ab6fda0aa831,active,2026-08-16
81947843-003c-57ba-9786-29666055db3a,eeb546d4-9cc3-5314-a3cf-9fb014d96b68,018fefc2-38fb-5f92-8391-2fe032547753,active,2026-03-02
89438bdb-91a3-5726-9e28-7185d5353034,eeb546d4-9cc3-5314-a3cf-9fb014d96b68,69d2e248-598e-501c-a2eb-fb4fb8ccf487,active,2026-05-13
9dad69ba-ea00-524d-8993-3bbafb616157,eeb546d4-9cc3-5314-a3cf-9fb014d96b68,f080ca1b-6cb2-5242-98ed-4612ac098b94,active,2026-07-29
19e796e9-bfce-54b3-badc-bf4f3764e519,eeb546d4-9cc3-5314-a3cf-9fb014d96b68,4b343160-5928-5bdb-83ef-2c0f9faba1dd,active,2025-12-09
f9e4664f-220d-585f-8280-435e000a17e0,a33ea889-160a-53fc-b474-ba1b677701a5,0b4a6e3b-d5cd-5d10-87c4-ab6fda0aa831,active,2026-07-01
169430fd-f46c-5cd5-b24c-5defe5a852ab,a33ea889-160a-53fc-b474-ba1b677701a5,018fefc2-38fb-5f92-8391-2fe032547753,active,2025-11-30
a3ba3c3f-3f9a-5227-92ff-b31a56d9c4e6,a33ea889-160a-53fc-b474-ba1b677701a5,fc407d89-26e4-55ce-a2dc-fdae931500f1,inactive,2026-01-15
89cf3dc2-5b7e-5f5a-953b-7afda662103b,a33ea889-160a-53fc-b474-ba1b677701a5,9502494a-7b3f-5213-8df6-4e5e5e22101f,active,2026-06-28
08fa8f9a-58e5-5a62-aa4d-397a0203138d,a33ea889-160a-53fc-b474-ba1b677701a5,0a1506ca-ede6-548b-91b8-0730277089b0,pending,2026-05-09
999bd146-6ce4-55ca-bc24-eb3f6e34c98c,f2938a3e-e2e7-5b26-8a84-d1c3e60f941b,0b4a6e3b-d5cd-5d10-87c4-ab6fda0aa831,active,2026-08-23
29b0820e-61ec-5af1-809b-137c1a6e780b,f2938a3e-e2e7-5b26-8a84-d1c3e60f941b,018fefc2-38fb-5f92-8391-2fe032547753,active,2025-11-11
d848c8ab-805e-5324-9133-692e3c1fbff8,f2938a3e-e2e7-5b26-8a84-d1c3e60f941b,69d2e248-598e-501c-a2eb-fb4fb8ccf487,active,2025-10-28
cde2245e-1a01-5c9f-910d-15280aa4c714,f2938a3e-e2e7-5b26-8a84-d1c3e60f941b,9502494a-7b3f-5213-8df6-4e5e5e22101f,active,2026-06-12
9b8f32b3-b201-56a3-9b29-85fb7b40a45d,f2938a3e-e2e7-5b26-8a84-d1c3e60f941b,868b1dbf-370d-5142-be8c-5a80dfad818d,active,2026-01-27
df60e32c-6900-52eb-8bd1-d04647171d4e,6a5f1922-ebb4-59d7-99fe-b30c0bf7ecce,0b4a6e3b-d5cd-5d10-87c4-ab6fda0aa831,active,2026-03-01
34da00ae-fa6c-5e31-a2ca-c1b5985400bf,6a5f1922-ebb4-59d7-99fe-b30c0bf7ecce,018fefc2-38fb-5f92-8391-2fe032547753,active,2026-01-30
1a02b8d2-212b-5af4-a179-d5f6284784d2,6a5f1922-ebb4-59d7-99fe-b30c0bf7ecce,4b343160-5928-5bdb-83ef-2c0f9faba1dd,inactive,2026-06-22
06b0b548-ff90-54b0-8482-3f68f2d1d0e4,6511e734-1feb-59af-a892-a87374f34ebb,0b4a6e3b-d5cd-5d10-87c4-ab6fda0aa831,active,2026-08-07
7e14cad7-f9f7-5732-b64d-7f1e224f110a,6511e734-1feb-59af-a892-a87374f34ebb,018fefc2-38fb-5f92-8391-2fe032547753,active,2026-08-12
d279d5d9-8bbe-569e-ad64-149dfa959595,6511e734-1feb-59af-a892-a87374f34ebb,a9db23aa-1685-5f58-8beb-3c1c13702b6a,inactive,2025-10-17
83cfa4a1-1592-5ee1-b0a2-ebd8bea32692,6511e734-1feb-59af-a892-a87374f34ebb,69d2e248-598e-501c-a2eb-fb4fb8ccf487,inactive,2026-08-13
90f8b003-78a5-5302-af21-bd1be556e19e,6511e734-1feb-59af-a892-a87374f34ebb,fc407d89-26e4-55ce-a2dc-fdae931500f1,active,2026-04-03
5d209f3f-131e-5f06-b832-a276efd08bea,04fb4d72-367a-58c1-8195-60a6507914d3,0b4a6e3b-d5cd-5d10-87c4-ab6fda0aa831,inactive,2026-05-29
57b49fa1-a829-5fe6-9f76-24de42a2085a,04fb4d72-367a-58c1-8195-60a6507914d3,018fefc2-38fb-5f92-8391-2fe032547753,active,2026-07-23
e8ec9fd4-415c-52be-a734-521521a5b3fa,04fb4d72-367a-58c1-8195-60a6507914d3,a9db23aa-1685-5f58-8beb-3c1c13702b6a,pending,2025-12-20
e720626c-6a62-5929-9489-b24801629d30,04fb4d72-367a-58c1-8195-60a6507914d3,69d2e248-598e-501c-a2eb-fb4fb8ccf487,active,2026-02-18
6e559264-9585-569b-803a-9445fba7c091,04fb4d72-367a-58c1-8195-60a6507914d3,868b1dbf-370d-5142-be8c-5a80dfad818d,active,2026-04-07
5adc101a-e3e6-576e-9659-e7b4ec8a7a49,04fb4d72-367a-58c1-8195-60a6507914d3,f080ca1b-6cb2-5242-98ed-4612ac098b94,active,2026-08-30
6f9718d8-2107-5463-b4f1-d3bf454db479,0c5a8d1c-ccf3-5d8e-ae35-290e69f09907,0b4a6e3b-d5cd-5d10-87c4-ab6fda0aa831,active,2025-11-13
8af0bff5-a8b5-5e1c-a3f6-29ba4fc2d235,0c5a8d1c-ccf3-5d8e-ae35-290e69f09907,018fefc2-38fb-5f92-8391-2fe032547753,active,2026-03-06
5d397eff-9fb4-5637-8db8-62980738866e,0c5a8d1c-ccf3-5d8e-ae35-290e69f09907,a9db23aa-1685-5f58-8beb-3c1c13702b6a,active,2025-12-31
ee7b2d3e-e8a4-5960-861a-30cfefbdc51c,0c5a8d1c-ccf3-5d8e-ae35-290e69f09907,f080ca1b-6cb2-5242-98ed-4612ac098b94,active,2026-08-23
108f7902-686c-5109-a973-99cdab7ab8b0,0c5a8d1c-ccf3-5d8e-ae35-290e69f09907,fc407d89-26e4-55ce-a2dc-fdae931500f1,active,2026-08-03
e0d4eff6-3c6d-5f8e-9b24-d9e88db43ede,0c5a8d1c-ccf3-5d8e-ae35-290e69f09907,69d2e248-598e-501c-a2eb-fb4fb8ccf487,active,2025-09-12
d487b6a2-1d4c-5b8a-9db1-fb4f05fa7c68,0c5a8d1c-ccf3-5d8e-ae35-290e69f09907,9502494a-7b3f-5213-8df6-4e5e5e22101f,pending,2025-09-24
c6b3998e-280d-584b-b873-5130f6951909,0c5a8d1c-ccf3-5d8e-ae35-290e69f09907,0a1506ca-ede6-548b-91b8-0730277089b0,active,2026-07-14
4ad2ffdf-5594-5a53-919c-e12f3bb2e7d0,70dcb470-1f3b-5ff1-9218-2691192ca6e9,0b4a6e3b-d5cd-5d10-87c4-ab6fda0aa831,active,2025-10-12
9fd4e68d-5352-5b41-92e8-2cf2cad356fc,70dcb470-1f3b-5ff1-9218-2691192ca6e9,018fefc2-38fb-5f92-8391-2fe032547753,pending,2026-04-11
8d8d7bbd-1fef-563f-8906-091bdc4bec94,70dcb470-1f3b-5ff1-9218-2691192ca6e9,f080ca1b-6cb2-5242-98ed-4612ac098b94,active,2026-04-08
19bebe30-2eee-5417-b433-6636590352d4,70dcb470-1f3b-5ff1-9218-2691192ca6e9,fc407d89-26e4-55ce-a2dc-fdae931500f1,inactive,2026-01-21
1c7eb39e-2b70-5686-9dc8-338518cae072,70dcb470-1f3b-5ff1-9218-2691192ca6e9,a9db23aa-1685-5f58-8beb-3c1c13702b6a,active,2026-01-22
3a59eca6-b02b-57ae-b4a4-944f47beb2de,70dcb470-1f3b-5ff1-9218-2691192ca6e9,4b343160-5928-5bdb-83ef-2c0f9faba1dd,active,2026-01-08
9f924220-1b69-5935-9ff6-0fa85ae64018,23bbfd8f-47b3-5b12-baf0-55d2adae6a4d,0b4a6e3b-d5cd-5d10-87c4-ab6fda0aa831,active,2026-03-18
b1892254-68b8-5384-a48b-ede1a52aeb5b,23bbfd8f-47b3-5b12-baf0-55d2adae6a4d,018fefc2-38fb-5f92-8391-2fe032547753,pending,2025-08-31
2e165d5d-a23e-53b3-9068-01cc83bd17a8,23bbfd8f-47b3-5b12-baf0-55d2adae6a4d,f080ca1b-6cb2-5242-98ed-4612ac098b94,inactive,2026-05-09
fab92bc5-e684-55c1-81ab-a88e0a38835a,23bbfd8f-47b3-5b12-baf0-55d2adae6a4d,0a1506ca-ede6-548b-91b8-0730277089b0,active,2026-07-10
d0e74b7d-a126-531f-a17c-48685412a910,23bbfd8f-47b3-5b12-baf0-55d2adae6a4d,4b343160-5928-5bdb-83ef-2c0f9faba1dd,active,2026-03-09
3dcbf7e4-d809-5e13-bcaf-666fa93a63d0,23bbfd8f-47b3-5b12-baf0-55d2adae6a4d,a9db23aa-1685-5f58-8beb-3c1c13702b6a,active,2026-05-04
68c517be-0b8f-576c-beb1-7a870f8dc804,23bbfd8f-47b3-5b12-baf0-55d2adae6a4d,868b1dbf-370d-5142-be8c-5a80dfad818d,active,2026-02-19
5bcda8c0-02fb-572c-a567-ba0baf4c58f1,23bbfd8f-47b3-5b12-baf0-55d2adae6a4d,fc407d89-26e4-55ce-a2dc-fdae931500f1,pending,2026-07-21
3387d26f-3f05-52fe-a41f-2d94b702272a,6d99347d-0056-57a2-b40b-1c138af83419,0b4a6e3b-d5cd-5d10-87c4-ab6fda0aa831,active,2026-02-08
8252d84d-c703-5f22-bedb-55a760ab3bda,6d99347d-0056-57a2-b40b-1c138af83419,018fefc2-38fb-5f92-8391-2fe032547753,inactive,2026-07-11
39196cbe-e662-53ea-b7a2-0278ad8e995b,6d99347d-0056-57a2-b40b-1c138af83419,a9db23aa-1685-5f58-8beb-3c1c13702b6a,active,2026-02-22
56a87ebd-0555-5d06-8156-4508e3dcaf66,6d99347d-0056-57a2-b40b-1c138af83419,0a1506ca-ede6-548b-91b8-0730277089b0,active,2026-04-15
630e77c3-50ef-562d-80b1-dcbfe10d6e08,6d99347d-0056-57a2-b40b-1c138af83419,f080ca1b-6cb2-5242-98ed-4612ac098b94,active,2025-10-25
2da40839-954c-5ca8-b813-ceee16958241,6d99347d-0056-57a2-b40b-1c138af83419,4b343160-5928-5bdb-83ef-2c0f9faba1dd,inactive,2026-01-16
a29fa650-ecf7-5785-b3a2-784af5de84f2,98a31b9f-9ad9-5616-9b27-939d6a0c34cb,0b4a6e3b-d5cd-5d10-87c4-ab6fda0aa831,active,2025-11-27
b8dce69e-63b4-5618-9ffc-b536359c1ce7,98a31b9f-9ad9-5616-9b27-939d6a0c34cb,018fefc2-38fb-5f92-8391-2fe032547753,active,2026-02-12
95fef6de-42fb-5d01-94ef-d08a0bbb8755,98a31b9f-9ad9-5616-9b27-939d6a0c34cb,fc407d89-26e4-55ce-a2dc-fdae931500f1,inactive,2026-02-04
ceac4447-3f81-5774-9ad6-0ab638c6fbb6,98a31b9f-9ad9-5616-9b27-939d6a0c34cb,69d2e248-598e-501c-a2eb-fb4fb8ccf487,inactive,2025-12-04
927533c7-7b8d-5aa2-b5e1-7b51aa163961,14484de5-5342-5ef7-bb00-77c5c5b903d2,0b4a6e3b-d5cd-5d10-87c4-ab6fda0aa831,active,2025-11-28
78a0992b-6eca-5e51-ace6-377d43d07a40,14484de5-5342-5ef7-bb00-77c5c5b903d2,018fefc2-38fb-5f92-8391-2fe032547753,active,2026-07-09
b15ca0c1-19e4-5f65-a80d-9454a416948c,14484de5-5342-5ef7-bb00-77c5c5b903d2,fc407d89-26e4-55ce-a2dc-fdae931500f1,pending,2025-09-21
b187481c-3f9b-580d-8216-443045f0ef13,14484de5-5342-5ef7-bb00-77c5c5b903d2,0a1506ca-ede6-548b-91b8-0730277089b0,active,2026-07-28
90af6d38-cefa-54dd-81e8-425487d37691,14484de5-5342-5ef7-bb00-77c5c5b903d2,69d2e248-598e-501c-a2eb-fb4fb8ccf487,active,2026-02-28
740581dc-19f0-5533-9318-7c8f68419e92,14484de5-5342-5ef7-bb00-77c5c5b903d2,868b1dbf-370d-5142-be8c-5a80dfad818d,active,2026-02-27
bec58d91-14fd-5a6a-bbff-86b96d09319e,14484de5-5342-5ef7-bb00-77c5c5b903d2,f080ca1b-6cb2-5242-98ed-4612ac098b94,active,2025-09-17
ceeee375-a84d-5140-9816-6dd0772cf6dd,4ef5faf8-0f6f-57e6-b280-f02415866b1d,0b4a6e3b-d5cd-5d10-87c4-ab6fda0aa831,active,2025-11-26
10aa48e4-3554-5e57-b219-f8215369d0e7,4ef5faf8-0f6f-57e6-b280-f02415866b1d,018fefc2-38fb-5f92-8391-2fe032547753,active,2026-04-30
29ed5faa-6755-531c-a082-db17f197dfc0,4ef5faf8-0f6f-57e6-b280-f02415866b1d,f080ca1b-6cb2-5242-98ed-4612ac098b94,active,2025-12-31
4b5d1032-ce6a-545f-9711-854a54e45f98,4ef5faf8-0f6f-57e6-b280-f02415866b1d,fc407d89-26e4-55ce-a2dc-fdae931500f1,active,2025-09-03
d75692c8-cd40-5a8c-adcc-78e47a463974,4ef5faf8-0f6f-57e6-b280-f02415866b1d,69d2e248-598e-501c-a2eb-fb4fb8ccf487,inactive,2026-03-26
50980b6d-8ffc-5699-9c4f-2334c1c1f495,75b194f1-6323-5e3f-9d74-f06333ef4d67,0b4a6e3b-d5cd-5d10-87c4-ab6fda0aa831,active,2025-09-17
2935e380-ff77-53fc-8437-8ad4ed3b126c,75b194f1-6323-5e3f-9d74-f06333ef4d67,018fefc2-38fb-5f92-8391-2fe032547753,active,2026-03-25
58521a5a-97d0-59fe-a08e-c1638b7a5185,75b194f1-6323-5e3f-9d74-f06333ef4d67,a9db23aa-1685-5f58-8beb-3c1c13702b6a,active,2026-07-07
1841c421-6a8c-5317-9259-bd01656dc145,75b194f1-6323-5e3f-9d74-f06333ef4d67,69d2e248-598e-501c-a2eb-fb4fb8ccf487,active,2026-06-18
388322ea-1a95-5da6-b573-33efbc073f23,75b194f1-6323-5e3f-9d74-f06333ef4d67,4b343160-5928-5bdb-83ef-2c0f9faba1dd,active,2026-07-21
02e13381-3692-5bb4-a9d2-b43e92414dc1,75b194f1-6323-5e3f-9d74-f06333ef4d67,0a1506ca-ede6-548b-91b8-0730277089b0,inactive,2026-02-22
1809ddd5-bff4-5ffc-bce2-f133ec32f6bb,75b194f1-6323-5e3f-9d74-f06333ef4d67,f080ca1b-6cb2-5242-98ed-4612ac098b94,active,2025-11-17
a436d4cc-2d11-5a3d-9b5c-3cb5786db82b,cc7dba39-9fc6-550c-9fc7-cdaff6e74660,0b4a6e3b-d5cd-5d10-87c4-ab6fda0aa831,active,2026-07-20
1aa1a6f0-166c-5b57-92e6-7bd8800fd0db,cc7dba39-9fc6-550c-9fc7-cdaff6e74660,018fefc2-38fb-5f92-8391-2fe032547753,inactive,2026-01-08
5b459afe-cbd3-56be-9bce-3a35dac6f3c5,cc7dba39-9fc6-550c-9fc7-cdaff6e74660,f080ca1b-6cb2-5242-98ed-4612ac098b94,active,2026-05-14
3a5608ee-fc0a-53eb-a724-193c323b416b,cc7dba39-9fc6-550c-9fc7-cdaff6e74660,0a1506ca-ede6-548b-91b8-0730277089b0,active,2026-08-09
07f522fa-b49a-5598-afc6-c0c605cee7ec,a96ae10f-0d82-5156-802a-0b93c66f979c,0b4a6e3b-d5cd-5d10-87c4-ab6fda0aa831,active,2026-04-20
a61f853f-e875-5ec8-84b5-f44dbf84a163,a96ae10f-0d82-5156-802a-0b93c66f979c,018fefc2-38fb-5f92-8391-2fe032547753,active,2026-05-05
d4a62028-f6bb-58c1-aba0-4b2ed6f34f67,a96ae10f-0d82-5156-802a-0b93c66f979c,f080ca1b-6cb2-5242-98ed-4612ac098b94,active,2026-04-24
d4b374e8-d31d-53cd-b58a-4e51344f296a,bc25a51a-f86e-5321-ad07-8446444ea8c3,0b4a6e3b-d5cd-5d10-87c4-ab6fda0aa831,active,2026-05-15
22c7e577-5cc8-51a4-bba2-9527514df38b,bc25a51a-f86e-5321-ad07-8446444ea8c3,018fefc2-38fb-5f92-8391-2fe032547753,pending,2025-10-15
fc033b5d-5e15-5418-a28b-aa42efa05723,bc25a51a-f86e-5321-ad07-8446444ea8c3,fc407d89-26e4-55ce-a2dc-fdae931500f1,active,2026-05-20
14a76860-1f1d-50cc-a3cc-38dca3156502,bc25a51a-f86e-5321-ad07-8446444ea8c3,a9db23aa-1685-5f58-8beb-3c1c13702b6a,active,2025-12-18
b2efe904-1d1e-5d41-b1f0-12f69c2fdb84,bc25a51a-f86e-5321-ad07-8446444ea8c3,f080ca1b-6cb2-5242-98ed-4612ac098b94,active,2026-05-25
0647c4c4-5ea8-5e50-8081-37fe1e7f5260,bc25a51a-f86e-5321-ad07-8446444ea8c3,0a1506ca-ede6-548b-91b8-0730277089b0,active,2025-11-19
51c3526c-5ad5-559a-a3a6-340ab48823f6,acd639d2-0a2a-5b8c-8f9b-a8a9056d9582,0b4a6e3b-d5cd-5d10-87c4-ab6fda0aa831,active,2026-01-08
5710f826-807f-56dc-9484-6e7fde1711a4,acd639d2-0a2a-5b8c-8f9b-a8a9056d9582,018fefc2-38fb-5f92-8391-2fe032547753,pending,2026-05-19
392ddf83-9fed-5c09-9ee8-81f5c72fa29f,acd639d2-0a2a-5b8c-8f9b-a8a9056d9582,4b343160-5928-5bdb-83ef-2c0f9faba1dd,active,2026-08-10
ae4db460-8345-526f-868a-4d4419f05c72,acd639d2-0a2a-5b8c-8f9b-a8a9056d9582,fc407d89-26e4-55ce-a2dc-fdae931500f1,active,2025-11-28
757e78e4-8a32-5e02-8e8e-d9ab4d4fcaaf,acd639d2-0a2a-5b8c-8f9b-a8a9056d9582,f080ca1b-6cb2-5242-98ed-4612ac098b94,active,2026-03-26
1c3f6e1c-073a-5a77-b9df-6aa63e048bbd,acd639d2-0a2a-5b8c-8f9b-a8a9056d9582,9502494a-7b3f-5213-8df6-4e5e5e22101f,active,2026-05-01
786b8599-a2fb-5f8b-9ca0-f5973c582687,acd639d2-0a2a-5b8c-8f9b-a8a9056d9582,868b1dbf-370d-5142-be8c-5a80dfad818d,active,2025-09-26
a5bbc593-4768-5281-ade0-1a332b0d709d,acd639d2-0a2a-5b8c-8f9b-a8a9056d9582,0a1506ca-ede6-548b-91b8-0730277089b0,active,2025-09-02
2e43f242-8e4b-5451-b620-c9d39d2fb638,ef1123b0-4761-5276-bf42-c99cc64e1d86,0b4a6e3b-d5cd-5d10-87c4-ab6fda0aa831,active,2025-09-15
14c8f0bc-f0a8-59cc-b8c2-e0f9b1eb1fe1,ef1123b0-4761-5276-bf42-c99cc64e1d86,018fefc2-38fb-5f92-8391-2fe032547753,pending,2026-06-22
117fc0e3-ea20-5123-9733-8fc27903a513,ef1123b0-4761-5276-bf42-c99cc64e1d86,fc407d89-26e4-55ce-a2dc-fdae931500f1,active,2026-07-05
abef6561-bbec-510b-8999-601a88dd3d89,ef1123b0-4761-5276-bf42-c99cc64e1d86,0a1506ca-ede6-548b-91b8-0730277089b0,pending,2026-06-08
46b75ed6-4750-5f65-ae86-0e468789f09b,ef1123b0-4761-5276-bf42-c99cc64e1d86,f080ca1b-6cb2-5242-98ed-4612ac098b94,pending,2025-12-24
1630d533-c94a-5baf-b213-e20a88e09e1f,ef1123b0-4761-5276-bf42-c99cc64e1d86,a9db23aa-1685-5f58-8beb-3c1c13702b6a,active,2025-09-30
1f44c899-e540-5b7a-a084-8e9762e8c0f0,ef1123b0-4761-5276-bf42-c99cc64e1d86,868b1dbf-370d-5142-be8c-5a80dfad818d,active,2025-11-14
d1119ca6-827c-5d9e-8358-d66e9f26640e,ef1123b0-4761-5276-bf42-c99cc64e1d86,9502494a-7b3f-5213-8df6-4e5e5e22101f,active,2025-09-14
ce0e9ffa-f52a-5cbe-950a-f4814651721d,2e4d4b9c-817f-51b8-9247-862d368d2d37,0b4a6e3b-d5cd-5d10-87c4-ab6fda0aa831,active,2026-04-23
524dcbd4-7f7f-5024-a81b-c75b43a948dc,2e4d4b9c-817f-51b8-9247-862d368d2d37,018fefc2-38fb-5f92-8391-2fe032547753,pending,2026-05-27
35080632-f8f2-5407-a955-33e397ee9756,2e4d4b9c-817f-51b8-9247-862d368d2d37,868b1dbf-370d-5142-be8c-5a80dfad818d,inactive,2025-09-13
efc76e6e-caf9-55a8-b656-85b9bf59086c,2e4d4b9c-817f-51b8-9247-862d368d2d37,fc407d89-26e4-55ce-a2dc-fdae931500f1,active,2026-05-07
7a1bbf04-39fb-5a02-8e1e-18fb5d05f34d,2e4d4b9c-817f-51b8-9247-862d368d2d37,69d2e248-598e-501c-a2eb-fb4fb8ccf487,inactive,2026-02-21
0aebcf40-02e6-5ca8-b6ca-eb0a92b30c95,2e4d4b9c-817f-51b8-9247-862d368d2d37,9502494a-7b3f-5213-8df6-4e5e5e22101f,active,2026-02-13
98f9f550-c531-5bdc-8de2-61ab534716e3,2e4d4b9c-817f-51b8-9247-862d368d2d37,f080ca1b-6cb2-5242-98ed-4612ac098b94,active,2026-01-17
d6df239f-4e35-5227-900a-87269c611241,2e4d4b9c-817f-51b8-9247-862d368d2d37,0a1506ca-ede6-548b-91b8-0730277089b0,active,2026-04-03
3a90a20a-fff1-5625-82cf-a46d7593a167,16515985-00e6-538a-be14-4428d2229892,0b4a6e3b-d5cd-5d10-87c4-ab6fda0aa831,active,2025-12-14
308aa121-540c-5340-a3ee-8cee02931b3a,16515985-00e6-538a-be14-4428d2229892,018fefc2-38fb-5f92-8391-2fe032547753,pending,2026-05-21
b09ee5c9-e7ef-5caa-a576-0b3f77e4d515,16515985-00e6-538a-be14-4428d2229892,fc407d89-26e4-55ce-a2dc-fdae931500f1,active,2026-06-15
4874025b-8f70-5ea6-9bb1-a4ca43c45b02,47dd943b-3a59-5885-831f-5b9a7f3b9396,0b4a6e3b-d5cd-5d10-87c4-ab6fda0aa831,active,2025-11-22
8d643fd2-97cd-5505-874e-ddfdb0ce6ea2,47dd943b-3a59-5885-831f-5b9a7f3b9396,018fefc2-38fb-5f92-8391-2fe032547753,active,2026-06-26
5faedea3-8c7d-5210-843d-3c0b73270ce3,47dd943b-3a59-5885-831f-5b9a7f3b9396,0a1506ca-ede6-548b-91b8-0730277089b0,active,2025-09-12
b390c643-2bf5-52ab-b690-0c4f38f1d272,47dd943b-3a59-5885-831f-5b9a7f3b9396,9502494a-7b3f-5213-8df6-4e5e5e22101f,active,2025-10-18
d1ffa48b-4d8d-5e1b-91f1-3c0b52827cdc,47dd943b-3a59-5885-831f-5b9a7f3b9396,a9db23aa-1685-5f58-8beb-3c1c13702b6a,active,2026-02-09
dc15122a-8dd3-5d27-bf93-6352a6a1111c,4134a576-76a3-5628-80c6-4de326b0626b,0b4a6e3b-d5cd-5d10-87c4-ab6fda0aa831,active,2026-08-27
2209691b-7d59-55f0-8493-85a0397cc08d,4134a576-76a3-5628-80c6-4de326b0626b,018fefc2-38fb-5f92-8391-2fe032547753,active,2026-06-04
50b5d8bf-d29a-54d6-8017-96ff12ac75d6,4134a576-76a3-5628-80c6-4de326b0626b,868b1dbf-370d-5142-be8c-5a80dfad818d,active,2026-08-04
6bdf5399-e47b-5282-8531-75bf45d2b7fd,4134a576-76a3-5628-80c6-4de326b0626b,f080ca1b-6cb2-5242-98ed-4612ac098b94,active,2026-02-15
a0cfd21d-95ba-549f-bef4-b0b3d40e9540,4134a576-76a3-5628-80c6-4de326b0626b,a9db23aa-1685-5f58-8beb-3c1c13702b6a,pending,2026-05-25
eabcb29e-50c5-5cdd-9705-1bce7f083a4c,4134a576-76a3-5628-80c6-4de326b0626b,4b343160-5928-5bdb-83ef-2c0f9faba1dd,active,2026-07-16
7e4c1856-d9d0-5db5-bfb7-7c978b485799,80699c98-bf43-580b-9754-9b2ada607cda,0b4a6e3b-d5cd-5d10-87c4-ab6fda0aa831,active,2026-01-14
049916b9-1826-55cd-89d8-251156996a22,80699c98-bf43-580b-9754-9b2ada607cda,018fefc2-38fb-5f92-8391-2fe032547753,active,2026-03-19
2adcfe50-7c60-5762-9504-5cbe8a09a675,80699c98-bf43-580b-9754-9b2ada607cda,9502494a-7b3f-5213-8df6-4e5e5e22101f,active,2025-09-29
ef89a566-297f-56a1-80fd-001bac5454aa,80699c98-bf43-580b-9754-9b2ada607cda,a9db23aa-1685-5f58-8beb-3c1c13702b6a,active,2026-04-07
1d7f1c13-50f5-54b9-bb0a-755c96a8842b,80699c98-bf43-580b-9754-9b2ada607cda,868b1dbf-370d-5142-be8c-5a80dfad818d,inactive,2026-05-06
cad676e4-5f25-53d4-b8f2-011e08aa51d6,80699c98-bf43-580b-9754-9b2ada607cda,69d2e248-598e-501c-a2eb-fb4fb8ccf487,inactive,2026-06-08
714a3f46-2839-5500-ad9d-f1dc98b5272d,ee121ccf-df6b-5b72-91cc-f2efa3dc9eb6,0b4a6e3b-d5cd-5d10-87c4-ab6fda0aa831,active,2026-03-09
d65432e0-90ca-512c-856b-a08574ac2cdc,ee121ccf-df6b-5b72-91cc-f2efa3dc9eb6,018fefc2-38fb-5f92-8391-2fe032547753,active,2026-04-07
db163c28-bdeb-54ce-b265-0957212436a5,ee121ccf-df6b-5b72-91cc-f2efa3dc9eb6,69d2e248-598e-501c-a2eb-fb4fb8ccf487,active,2026-06-13
2fb577d6-f58b-59e6-8051-c056befdde3e,ee121ccf-df6b-5b72-91cc-f2efa3dc9eb6,9502494a-7b3f-5213-8df6-4e5e5e22101f,active,2026-01-08
f1616299-2b37-55a1-a8b1-0a5b21da5f96,ee121ccf-df6b-5b72-91cc-f2efa3dc9eb6,a9db23aa-1685-5f58-8beb-3c1c13702b6a,active,2026-08-03
ebf3aa49-ad30-57cd-8612-dc3906e91cf5,ee121ccf-df6b-5b72-91cc-f2efa3dc9eb6,f080ca1b-6cb2-5242-98ed-4612ac098b94,inactive,2026-01-11
05d94f9b-555b-5164-9cdd-95e62eecc2a0,ee121ccf-df6b-5b72-91cc-f2efa3dc9eb6,868b1dbf-370d-5142-be8c-5a80dfad818d,active,2026-06-24
4ec3c44c-0304-57c8-a446-8fedf76b6743,b551780d-4f96-598c-9e14-c940e936f077,0b4a6e3b-d5cd-5d10-87c4-ab6fda0aa831,inactive,2026-02-09
dbab18d2-5431-5e22-9e52-8ec8fcc57100,b551780d-4f96-598c-9e14-c940e936f077,018fefc2-38fb-5f92-8391-2fe032547753,active,2026-02-01
ed84b015-e283-55d2-9730-005daf646bac,b551780d-4f96-598c-9e14-c940e936f077,868b1dbf-370d-5142-be8c-5a80dfad818d,active,2026-08-28
fc8521f3-f1a5-5128-83aa-d38945b3f17e,b551780d-4f96-598c-9e14-c940e936f077,4b343160-5928-5bdb-83ef-2c0f9faba1dd,active,2026-04-23
213a4f5a-b5a3-5282-b5d5-94409c8bc8db,0b242086-2362-5dca-bd67-d4bda6f6d1fd,0b4a6e3b-d5cd-5d10-87c4-ab6fda0aa831,active,2026-08-18
3f42a72b-2177-5e4a-89c8-7943f5cd665e,0b242086-2362-5dca-bd67-d4bda6f6d1fd,018fefc2-38fb-5f92-8391-2fe032547753,active,2026-06-08
0fc12632-0ef0-5f10-9fcb-94d44e23dd4b,0b242086-2362-5dca-bd67-d4bda6f6d1fd,868b1dbf-370d-5142-be8c-5a80dfad818d,inactive,2026-03-06
721551d8-888d-554b-9ea5-df25599adb7f,0b242086-2362-5dca-bd67-d4bda6f6d1fd,a9db23aa-1685-5f58-8beb-3c1c13702b6a,active,2026-06-22
ba5f3d92-ddc9-539c-baad-9e84d08fd4c3,0b242086-2362-5dca-bd67-d4bda6f6d1fd,69d2e248-598e-501c-a2eb-fb4fb8ccf487,active,2026-06-16
bc42d94a-da81-5ef9-a6e4-22218d7cc5b6,0b242086-2362-5dca-bd67-d4bda6f6d1fd,4b343160-5928-5bdb-83ef-2c0f9faba1dd,active,2026-07-20
7c2161f2-2577-59ed-96a3-505a09a704ca,0b242086-2362-5dca-bd67-d4bda6f6d1fd,fc407d89-26e4-55ce-a2dc-fdae931500f1,pending,2026-06-16
47fe8560-2a3c-58cf-b89b-f949d3bfbb4f,785169b9-83da-56d2-a59b-04e35cf4bb01,0b4a6e3b-d5cd-5d10-87c4-ab6fda0aa831,inactive,2026-05-27
575dd0be-aeab-5dfc-a895-b32852bf75f1,785169b9-83da-56d2-a59b-04e35cf4bb01,018fefc2-38fb-5f92-8391-2fe032547753,active,2026-06-24
6514df69-2a97-5966-908c-76022df2e8d1,785169b9-83da-56d2-a59b-04e35cf4bb01,9502494a-7b3f-5213-8df6-4e5e5e22101f,active,2025-12-10
b0169f9d-76bf-57d7-89a3-5e2b5f1ae930,785169b9-83da-56d2-a59b-04e35cf4bb01,fc407d89-26e4-55ce-a2dc-fdae931500f1,active,2026-04-08
3ac78ec8-cdda-577d-8f9a-3ad4b994cb75,785169b9-83da-56d2-a59b-04e35cf4bb01,868b1dbf-370d-5142-be8c-5a80dfad818d,active,2026-07-21
9037e8bc-1ae2-5f4d-adf4-4a675e33ad88,785169b9-83da-56d2-a59b-04e35cf4bb01,f080ca1b-6cb2-5242-98ed-4612ac098b94,active,2025-12-03
034e3a6e-f556-500b-a5cb-5224e1c230c9,785169b9-83da-56d2-a59b-04e35cf4bb01,0a1506ca-ede6-548b-91b8-0730277089b0,active,2025-11-03
ae0a7821-2d5f-52c7-8e03-48b2562819f0,785169b9-83da-56d2-a59b-04e35cf4bb01,4b343160-5928-5bdb-83ef-2c0f9faba1dd,inactive,2026-01-24
274cd497-72c8-5a6c-ab32-7431688a4d11,3533e91a-6c3d-5181-b675-6598d235e36d,0b4a6e3b-d5cd-5d10-87c4-ab6fda0aa831,pending,2025-09-11
0a89ca15-244b-5979-9cde-c61172fcdfeb,3533e91a-6c3d-5181-b675-6598d235e36d,018fefc2-38fb-5f92-8391-2fe032547753,active,2026-03-24
751e033f-5b93-5569-bab8-f994261c6568,3533e91a-6c3d-5181-b675-6598d235e36d,0a1506ca-ede6-548b-91b8-0730277089b0,active,2025-09-03
c91af0f7-043a-5cd1-b50c-f3254b2b0acf,3533e91a-6c3d-5181-b675-6598d235e36d,a9db23aa-1685-5f58-8beb-3c1c13702b6a,active,2025-12-31
afb49870-2f96-5029-a9bc-951d2b82f42c,3533e91a-6c3d-5181-b675-6598d235e36d,69d2e248-598e-501c-a2eb-fb4fb8ccf487,active,2025-09-23
8dffaac8-ab79-5849-8bdb-9cd87e3a11c8,3533e91a-6c3d-5181-b675-6598d235e36d,868b1dbf-370d-5142-be8c-5a80dfad818d,active,2025-12-16
231c3490-604d-51e8-b8d5-ddda4c35501e,3533e91a-6c3d-5181-b675-6598d235e36d,4b343160-5928-5bdb-83ef-2c0f9faba1dd,active,2026-08-11
43afd974-08f7-5802-bcf2-cf30017c738d,48380be3-46fe-5cea-9b64-86eb7a42b49c,0b4a6e3b-d5cd-5d10-87c4-ab6fda0aa831,active,2026-01-20
d0428dc2-be07-59b4-b60c-1f84c007fd69,48380be3-46fe-5cea-9b64-86eb7a42b49c,018fefc2-38fb-5f92-8391-2fe032547753,active,2025-12-24
9075b043-5541-54da-a321-55b4ce9cae9d,48380be3-46fe-5cea-9b64-86eb7a42b49c,868b1dbf-370d-5142-be8c-5a80dfad818d,active,2025-10-19
cc3b7d2b-9187-5a14-abd3-5dbd5ff3758d,48380be3-46fe-5cea-9b64-86eb7a42b49c,9502494a-7b3f-5213-8df6-4e5e5e22101f,active,2026-05-20
f728a431-b4f4-5cf0-b9db-70ee962f805b,2f0d50fa-61c5-5f65-85cf-5797db775a40,0b4a6e3b-d5cd-5d10-87c4-ab6fda0aa831,active,2026-04-04
1e907242-a786-5271-934c-0ad315ffd301,2f0d50fa-61c5-5f65-85cf-5797db775a40,018fefc2-38fb-5f92-8391-2fe032547753,active,2025-11-14
b4e261e5-ba33-5489-af0b-a85d0c72c5a6,2f0d50fa-61c5-5f65-85cf-5797db775a40,f080ca1b-6cb2-5242-98ed-4612ac098b94,active,2026-02-06
c2d62470-c604-5d12-9c12-e0e61286f450,2f0d50fa-61c5-5f65-85cf-5797db775a40,9502494a-7b3f-5213-8df6-4e5e5e22101f,pending,2026-08-21
e4feb6ff-9765-57e1-8d24-6f02bb641b6d,2f0d50fa-61c5-5f65-85cf-5797db775a40,868b1dbf-370d-5142-be8c-5a80dfad818d,active,2026-05-25
c26b3306-3004-50ed-93c5-3c3097fdd041,2f0d50fa-61c5-5f65-85cf-5797db775a40,a9db23aa-1685-5f58-8beb-3c1c13702b6a,active,2026-03-15
948e8702-4925-59c8-ab36-7b2eb8f7f0a1,2f0d50fa-61c5-5f65-85cf-5797db775a40,0a1506ca-ede6-548b-91b8-0730277089b0,active,2026-05-21
866b4749-e0eb-5896-9522-2d30689bf7e5,2f0d50fa-61c5-5f65-85cf-5797db775a40,fc407d89-26e4-55ce-a2dc-fdae931500f1,active,2025-11-21
41a3918e-e5c1-503e-bd8d-7adff0cfa53e,852f07da-d638-513e-ad8d-6233ee1bb2fb,0b4a6e3b-d5cd-5d10-87c4-ab6fda0aa831,inactive,2026-04-06
de79c5f8-7421-5150-bc60-90c8d5637ed7,852f07da-d638-513e-ad8d-6233ee1bb2fb,018fefc2-38fb-5f92-8391-2fe032547753,active,2026-08-24
6fd0faa7-426e-5d7a-a639-7ea13bc20872,852f07da-d638-513e-ad8d-6233ee1bb2fb,f080ca1b-6cb2-5242-98ed-4612ac098b94,active,2025-09-01
ca8e61b7-38da-5936-a6bb-46c4531a80ed,852f07da-d638-513e-ad8d-6233ee1bb2fb,a9db23aa-1685-5f58-8beb-3c1c13702b6a,active,2026-08-28
e85d6e8f-7204-5d2d-b01d-e8f811251590,852f07da-d638-513e-ad8d-6233ee1bb2fb,fc407d89-26e4-55ce-a2dc-fdae931500f1,active,2026-06-05
627d8ec4-26d3-5319-8261-5ceacd175181,852f07da-d638-513e-ad8d-6233ee1bb2fb,0a1506ca-ede6-548b-91b8-0730277089b0,active,2025-12-25
20236df9-7e1f-58f0-9228-985610535559,ab402b91-e908-5c90-89d1-040c3fad8c6f,0b4a6e3b-d5cd-5d10-87c4-ab6fda0aa831,active,2026-04-02
e7906bfe-0629-5df7-abc9-97c48946da81,ab402b91-e908-5c90-89d1-040c3fad8c6f,018fefc2-38fb-5f92-8391-2fe032547753,active,2026-05-03
5e992ddf-1d30-563b-8fae-11d574e70841,ab402b91-e908-5c90-89d1-040c3fad8c6f,0a1506ca-ede6-548b-91b8-0730277089b0,active,2026-06-26
ec31f188-f630-5a79-a821-e662bf9f403e,ab402b91-e908-5c90-89d1-040c3fad8c6f,868b1dbf-370d-5142-be8c-5a80dfad818d,inactive,2026-06-22
d2aad322-fb40-5f04-8fe0-0e1e99e224d2,ab402b91-e908-5c90-89d1-040c3fad8c6f,9502494a-7b3f-5213-8df6-4e5e5e22101f,active,2026-01-12
70947560-6515-55ec-a291-6ba940b935b5,ab402b91-e908-5c90-89d1-040c3fad8c6f,4b343160-5928-5bdb-83ef-2c0f9faba1dd,active,2026-08-17
fba67f24-9def-53f1-b5af-daa19614a954,04d58091-bfa3-51f3-90d8-eaffa8b77c67,0b4a6e3b-d5cd-5d10-87c4-ab6fda0aa831,active,2025-11-26
88b7ce7d-7aa2-5c75-9e31-e9009b81c5ed,04d58091-bfa3-51f3-90d8-eaffa8b77c67,018fefc2-38fb-5f92-8391-2fe032547753,active,2025-11-14
414ec4a7-4312-551a-b5ae-5f5fcbace4ed,04d58091-bfa3-51f3-90d8-eaffa8b77c67,4b343160-5928-5bdb-83ef-2c0f9faba1dd,active,2026-06-21
c27ca479-61c6-573b-8f8e-24e92f49300e,df28fc2b-8725-5f9f-b07b-689682471c74,0b4a6e3b-d5cd-5d10-87c4-ab6fda0aa831,inactive,2026-05-11
7aca342d-80cb-5098-be6f-7bf90019cd5b,df28fc2b-8725-5f9f-b07b-689682471c74,018fefc2-38fb-5f92-8391-2fe032547753,active,2026-05-28
adebe123-2acf-52b5-bd49-b010106960b3,df28fc2b-8725-5f9f-b07b-689682471c74,a9db23aa-1685-5f58-8beb-3c1c13702b6a,active,2026-08-17
a83b6f04-5148-5768-8467-cb5e3155c3ae,df28fc2b-8725-5f9f-b07b-689682471c74,f080ca1b-6cb2-5242-98ed-4612ac098b94,active,2026-07-04
75c26991-2b64-5628-8f89-33a38ac091c1,df28fc2b-8725-5f9f-b07b-689682471c74,fc407d89-26e4-55ce-a2dc-fdae931500f1,active,2025-10-08
f47a731d-ef55-56fa-ba73-fef9a7ff6c7b,38a1a40d-329f-57f3-9cd9-b0a08e6a7b64,0b4a6e3b-d5cd-5d10-87c4-ab6fda0aa831,active,2026-03-09
84a3601f-fab3-5095-8887-dde47a75131a,38a1a40d-329f-57f3-9cd9-b0a08e6a7b64,018fefc2-38fb-5f92-8391-2fe032547753,active,2026-02-08
1150137a-dd1d-5649-a5a6-da47155ebe90,38a1a40d-329f-57f3-9cd9-b0a08e6a7b64,868b1dbf-370d-5142-be8c-5a80dfad818d,active,2026-02-16
9b28064d-81fe-5a67-9de6-eae0adb6bc48,38a1a40d-329f-57f3-9cd9-b0a08e6a7b64,69d2e248-598e-501c-a2eb-fb4fb8ccf487,inactive,2026-01-26
29c23196-12bd-5404-a953-2a7fa2c9e1d6,e0871838-be01-5d11-b197-cc87d0f2ba01,0b4a6e3b-d5cd-5d10-87c4-ab6fda0aa831,active,2025-11-25
61e588ca-fe63-51f6-9ae0-830334d3c466,e0871838-be01-5d11-b197-cc87d0f2ba01,018fefc2-38fb-5f92-8391-2fe032547753,inactive,2025-10-15
76037b05-eceb-5c8c-846d-3f7eb583fde9,e0871838-be01-5d11-b197-cc87d0f2ba01,0a1506ca-ede6-548b-91b8-0730277089b0,active,2026-04-17
8acb5d07-c407-57f2-89ed-5865e90239db,e0871838-be01-5d11-b197-cc87d0f2ba01,a9db23aa-1685-5f58-8beb-3c1c13702b6a,active,2025-10-24
7ee30089-ed71-566d-8a1f-dd907b6b351c,e0871838-be01-5d11-b197-cc87d0f2ba01,f080ca1b-6cb2-5242-98ed-4612ac098b94,active,2026-07-23
900b6176-c352-5954-b546-990cb5dae02d,e8c1544d-4294-5681-b84b-eca4289b7c4b,0b4a6e3b-d5cd-5d10-87c4-ab6fda0aa831,active,2026-08-15
85d999bc-b1c3-5c5f-985d-f62920e51dec,e8c1544d-4294-5681-b84b-eca4289b7c4b,018fefc2-38fb-5f92-8391-2fe032547753,active,2025-12-10
c1ee2098-453e-5760-8584-38afd53dfb52,e8c1544d-4294-5681-b84b-eca4289b7c4b,fc407d89-26e4-55ce-a2dc-fdae931500f1,inactive,2026-03-15
a7d49c6a-0c59-579d-be96-eea57e80bf9f,e8c1544d-4294-5681-b84b-eca4289b7c4b,868b1dbf-370d-5142-be8c-5a80dfad818d,active,2026-05-04
d48caf74-ad41-57c3-8213-31b20a58e2f4,e8c1544d-4294-5681-b84b-eca4289b7c4b,f080ca1b-6cb2-5242-98ed-4612ac098b94,active,2025-10-17
924a5dd4-2d58-5ea4-8901-4d52a547afa7,e8c1544d-4294-5681-b84b-eca4289b7c4b,0a1506ca-ede6-548b-91b8-0730277089b0,active,2026-08-15
c41fb738-5a83-5e92-b7d4-d2d6e35d6c4e,e8c1544d-4294-5681-b84b-eca4289b7c4b,9502494a-7b3f-5213-8df6-4e5e5e22101f,active,2025-11-08
d096e3d4-0328-5517-9ad8-751a49c6921c,e8c1544d-4294-5681-b84b-eca4289b7c4b,a9db23aa-1685-5f58-8beb-3c1c13702b6a,active,2025-11-16
bacf23a5-7d1f-59c5-bd30-4336b2a2bc42,93eb535b-2dc6-5ada-a3cd-994ee0720f37,0b4a6e3b-d5cd-5d10-87c4-ab6fda0aa831,active,2025-10-14
86c98b9b-fc54-52d3-bf26-79cc74285bec,93eb535b-2dc6-5ada-a3cd-994ee0720f37,018fefc2-38fb-5f92-8391-2fe032547753,active,2025-12-18
83459be9-276e-5498-90ef-4889742f7467,93eb535b-2dc6-5ada-a3cd-994ee0720f37,a9db23aa-1685-5f58-8beb-3c1c13702b6a,inactive,2025-12-30
239c7d80-4eac-54e5-8b22-fb6cd3e1aaa7,93eb535b-2dc6-5ada-a3cd-994ee0720f37,69d2e248-598e-501c-a2eb-fb4fb8ccf487,active,2026-05-12
5f500018-6394-5987-821a-305bf32ff3f5,93eb535b-2dc6-5ada-a3cd-994ee0720f37,4b343160-5928-5bdb-83ef-2c0f9faba1dd,active,2026-06-29
a1a78795-a87c-570e-acc3-54ce594ae906,93eb535b-2dc6-5ada-a3cd-994ee0720f37,868b1dbf-370d-5142-be8c-5a80dfad818d,active,2026-04-30
b5c4e75f-335c-5631-8d68-1faf7c219e91,93eb535b-2dc6-5ada-a3cd-994ee0720f37,9502494a-7b3f-5213-8df6-4e5e5e22101f,pending,2026-07-24
bc12f770-cdf9-5e03-b451-f17136799349,0ba00c7e-2d91-5872-bbbb-f7a769d4d1f8,0b4a6e3b-d5cd-5d10-87c4-ab6fda0aa831,pending,2026-01-26
d50dc87f-c6ab-590b-a785-1421df373571,0ba00c7e-2d91-5872-bbbb-f7a769d4d1f8,018fefc2-38fb-5f92-8391-2fe032547753,active,2026-08-27
7555a76f-e79d-5455-8345-558bdbffaaa1,0ba00c7e-2d91-5872-bbbb-f7a769d4d1f8,69d2e248-598e-501c-a2eb-fb4fb8ccf487,active,2026-06-13
626c79df-4b3c-58c5-a3b0-06742e1c8a5c,0ba00c7e-2d91-5872-bbbb-f7a769d4d1f8,a9db23aa-1685-5f58-8beb-3c1c13702b6a,active,2025-09-20
e1ad3934-2c28-54c0-b490-19d6ec35da34,0ba00c7e-2d91-5872-bbbb-f7a769d4d1f8,4b343160-5928-5bdb-83ef-2c0f9faba1dd,active,2026-05-17
4494f0ea-137b-58c5-a8ec-c909c1a19139,0ba00c7e-2d91-5872-bbbb-f7a769d4d1f8,fc407d89-26e4-55ce-a2dc-fdae931500f1,active,2025-11-17
cddf65a9-0d10-506c-ac9c-dd3375c9453c,d0bfe50b-b011-596c-bab6-e071945ae144,0b4a6e3b-d5cd-5d10-87c4-ab6fda0aa831,inactive,2025-11-16
13a38706-304e-5fe9-9bba-e37f65b3b5ee,d0bfe50b-b011-596c-bab6-e071945ae144,018fefc2-38fb-5f92-8391-2fe032547753,active,2026-08-25
58d167b1-cffa-5745-917f-7030ae21352e,d0bfe50b-b011-596c-bab6-e071945ae144,a9db23aa-1685-5f58-8beb-3c1c13702b6a,active,2026-08-14
892e42e7-e76c-5d9f-9e74-d2144a4f99c7,d0bfe50b-b011-596c-bab6-e071945ae144,0a1506ca-ede6-548b-91b8-0730277089b0,active,2025-11-16
deb81c17-a6b7-5aa5-bc31-bbf1a68565fd,d0bfe50b-b011-596c-bab6-e071945ae144,fc407d89-26e4-55ce-a2dc-fdae931500f1,active,2026-01-31
80e60d69-8eb3-50c4-a50d-b2e2ce7362a1,d0bfe50b-b011-596c-bab6-e071945ae144,f080ca1b-6cb2-5242-98ed-4612ac098b94,pending,2026-04-07
c0c6eb22-4619-52c7-8d5b-262bd2c65d10,1259272d-08e4-5ce6-90fb-be8026628b5f,0b4a6e3b-d5cd-5d10-87c4-ab6fda0aa831,pending,2026-03-25
ce1799fb-f250-5e7d-a43a-b646bcfa907a,1259272d-08e4-5ce6-90fb-be8026628b5f,018fefc2-38fb-5f92-8391-2fe032547753,active,2025-12-10
6a737b5f-421c-575f-96c2-be98ae9c413f,1259272d-08e4-5ce6-90fb-be8026628b5f,a9db23aa-1685-5f58-8beb-3c1c13702b6a,active,2025-10-24
d78fa19d-cd9f-53ba-af30-72590cf45aba,13860416-cfcd-5aa8-ac90-096ab9677e84,0b4a6e3b-d5cd-5d10-87c4-ab6fda0aa831,active,2026-02-27
4f38a470-c165-54c7-8799-90806491c2dc,13860416-cfcd-5aa8-ac90-096ab9677e84,018fefc2-38fb-5f92-8391-2fe032547753,active,2025-10-14
5a562390-0753-583e-8edd-bc393b7778c8,13860416-cfcd-5aa8-ac90-096ab9677e84,a9db23aa-1685-5f58-8beb-3c1c13702b6a,inactive,2026-07-17
4d14a34c-34ef-5347-ae13-02724595dac3,13860416-cfcd-5aa8-ac90-096ab9677e84,0a1506ca-ede6-548b-91b8-0730277089b0,active,2026-07-01
0edc93bd-3126-5390-8f04-d4f979d0ef3f,13860416-cfcd-5aa8-ac90-096ab9677e84,9502494a-7b3f-5213-8df6-4e5e5e22101f,active,2026-07-06
59e0f993-20bb-5243-9182-de7cb428ddf7,13860416-cfcd-5aa8-ac90-096ab9677e84,69d2e248-598e-501c-a2eb-fb4fb8ccf487,active,2026-06-28
4152aace-ba31-516e-9f55-bc15351d9d97,bd497535-7902-5987-af45-39611a302a57,0b4a6e3b-d5cd-5d10-87c4-ab6fda0aa831,pending,2026-06-05
de1df1c5-a219-561f-8899-34603cbd83b9,bd497535-7902-5987-af45-39611a302a57,018fefc2-38fb-5f92-8391-2fe032547753,active,2026-02-08
7d701e5c-191b-5fa9-8849-5939a4289e44,bd497535-7902-5987-af45-39611a302a57,69d2e248-598e-501c-a2eb-fb4fb8ccf487,active,2026-05-12
abdc0e97-28c9-5248-9b05-1881c05807db,75bc3343-bd6e-5a4b-a800-67f16dfe4305,0b4a6e3b-d5cd-5d10-87c4-ab6fda0aa831,pending,2026-03-25
d3587854-33af-53b2-9214-02a2ad08fbf9,75bc3343-bd6e-5a4b-a800-67f16dfe4305,018fefc2-38fb-5f92-8391-2fe032547753,inactive,2025-11-04
8621666c-ca91-5852-a68f-bb5b48259c16,75bc3343-bd6e-5a4b-a800-67f16dfe4305,f080ca1b-6cb2-5242-98ed-4612ac098b94,inactive,2026-07-28
59277f64-6695-53dd-8949-814f839d3ba2,91fc7ae7-d612-57c1-a59c-5c92ce8e587d,0b4a6e3b-d5cd-5d10-87c4-ab6fda0aa831,active,2025-11-08
8f3496a9-62c2-5bae-aaa4-583311830003,91fc7ae7-d612-57c1-a59c-5c92ce8e587d,018fefc2-38fb-5f92-8391-2fe032547753,active,2026-07-08
09a4ff6b-2914-597f-9cbc-15f050c9a4f3,91fc7ae7-d612-57c1-a59c-5c92ce8e587d,9502494a-7b3f-5213-8df6-4e5e5e22101f,pending,2026-08-18
1072af30-01f9-5c44-9e5f-8af5f2245ff1,91fc7ae7-d612-57c1-a59c-5c92ce8e587d,868b1dbf-370d-5142-be8c-5a80dfad818d,active,2026-08-20
c77cc75b-25ca-567c-94c9-3e4cb02e817e,91fc7ae7-d612-57c1-a59c-5c92ce8e587d,a9db23aa-1685-5f58-8beb-3c1c13702b6a,inactive,2026-08-11
e4028f60-f7b5-51d3-85c8-2f718c5fc9b9,91fc7ae7-d612-57c1-a59c-5c92ce8e587d,4b343160-5928-5bdb-83ef-2c0f9faba1dd,active,2026-07-31
f577f3f7-3d26-59b9-913b-3683ac68d8f4,91fc7ae7-d612-57c1-a59c-5c92ce8e587d,fc407d89-26e4-55ce-a2dc-fdae931500f1,active,2026-05-22
08dd55f3-d2a1-5b38-91b0-e273d153c4fc,b8340c07-812a-5986-b8be-e79316280d45,0b4a6e3b-d5cd-5d10-87c4-ab6fda0aa831,active,2025-09-06
149ace5d-a287-56f5-aeb6-f483c28f3835,b8340c07-812a-5986-b8be-e79316280d45,018fefc2-38fb-5f92-8391-2fe032547753,active,2025-08-31
d65e2d76-7f35-5dbc-b0d4-df39783288d8,b8340c07-812a-5986-b8be-e79316280d45,a9db23aa-1685-5f58-8beb-3c1c13702b6a,active,2026-08-13
ef737438-f563-59e1-9321-928385968b21,b8340c07-812a-5986-b8be-e79316280d45,0a1506ca-ede6-548b-91b8-0730277089b0,pending,2025-10-25
8f49497e-8318-5791-9c3b-faaf9f979a9a,b8340c07-812a-5986-b8be-e79316280d45,69d2e248-598e-501c-a2eb-fb4fb8ccf487,active,2025-12-16
fc1d6b9e-4c99-5a48-88cf-42a08cfd5584,b8340c07-812a-5986-b8be-e79316280d45,868b1dbf-370d-5142-be8c-5a80dfad818d,active,2026-06-09
3711ecde-de8c-553f-9f8e-722a4af0708d,379ada66-b3b0-53ca-8a8a-0b2923ffa523,0b4a6e3b-d5cd-5d10-87c4-ab6fda0aa831,inactive,2025-10-26
5149d436-8cb2-52fc-8beb-2b48d1aa7d02,379ada66-b3b0-53ca-8a8a-0b2923ffa523,018fefc2-38fb-5f92-8391-2fe032547753,active,2026-07-24
455a55de-d552-50d5-8503-f2a5c1d4c8a9,379ada66-b3b0-53ca-8a8a-0b2923ffa523,4b343160-5928-5bdb-83ef-2c0f9faba1dd,active,2026-05-21
2009cc80-33cd-59e6-9eae-50c83b61ea26,379ada66-b3b0-53ca-8a8a-0b2923ffa523,9502494a-7b3f-5213-8df6-4e5e5e22101f,active,2026-08-20
2b95515b-e60e-5276-8cb2-d8908ae1b485,379ada66-b3b0-53ca-8a8a-0b2923ffa523,f080ca1b-6cb2-5242-98ed-4612ac098b94,active,2026-04-01
b8aeaa72-7e13-5175-9c40-016b00487a0d,379ada66-b3b0-53ca-8a8a-0b2923ffa523,0a1506ca-ede6-548b-91b8-0730277089b0,inactive,2026-04-07
cd886f88-fb2b-5777-84b6-d64779eefa4d,379ada66-b3b0-53ca-8a8a-0b2923ffa523,69d2e248-598e-501c-a2eb-fb4fb8ccf487,active,2026-01-09
ba117887-02d0-5125-a8d9-df7c9f89f52f,2c1efd98-1bb9-5b09-9421-e27bfff7fe74,0b4a6e3b-d5cd-5d10-87c4-ab6fda0aa831,active,2026-08-25
a4916f60-6f55-56aa-ac0a-508ff3ef6c69,2c1efd98-1bb9-5b09-9421-e27bfff7fe74,018fefc2-38fb-5f92-8391-2fe032547753,active,2026-08-02
55c0df6c-5aec-548e-9201-180b9048a68c,2c1efd98-1bb9-5b09-9421-e27bfff7fe74,f080ca1b-6cb2-5242-98ed-4612ac098b94,active,2026-03-30
52e2c31a-069d-5011-95d8-c65bb56da293,7944d169-47e3-5be3-8e6e-48cb0be22ca0,0b4a6e3b-d5cd-5d10-87c4-ab6fda0aa831,active,2025-12-12
981b6c82-cda5-5b9a-9920-efef2b2370c0,7944d169-47e3-5be3-8e6e-48cb0be22ca0,018fefc2-38fb-5f92-8391-2fe032547753,active,2026-07-18
0ee32e17-57ab-5b46-b5c1-29fa22cfedd6,7944d169-47e3-5be3-8e6e-48cb0be22ca0,fc407d89-26e4-55ce-a2dc-fdae931500f1,active,2026-05-21
395d612a-945e-5eae-ba8c-ffdacadad138,105e6809-a7b6-51e3-8e86-7cd8ffe85470,0b4a6e3b-d5cd-5d10-87c4-ab6fda0aa831,inactive,2025-10-21
5f7ab0bc-1d6c-5592-81f0-c7890b55be18,105e6809-a7b6-51e3-8e86-7cd8ffe85470,018fefc2-38fb-5f92-8391-2fe032547753,active,2025-11-26
20dbe8cb-176e-591e-bc9f-32d470e86d3c,105e6809-a7b6-51e3-8e86-7cd8ffe85470,a9db23aa-1685-5f58-8beb-3c1c13702b6a,active,2026-07-27
89d875b1-8fb1-59c0-8e5b-3245e45209a8,105e6809-a7b6-51e3-8e86-7cd8ffe85470,4b343160-5928-5bdb-83ef-2c0f9faba1dd,active,2026-07-26
9afe1cc7-af11-51cc-9274-b5de35a690aa,105e6809-a7b6-51e3-8e86-7cd8ffe85470,69d2e248-598e-501c-a2eb-fb4fb8ccf487,active,2026-08-03
15be38cd-0360-53dc-b9d7-f722391759eb,786fa11e-4d45-592a-8ba0-91ba5c1573df,0b4a6e3b-d5cd-5d10-87c4-ab6fda0aa831,active,2026-02-15
35cc3167-356c-5f5e-b467-e63df49c3796,786fa11e-4d45-592a-8ba0-91ba5c1573df,018fefc2-38fb-5f92-8391-2fe032547753,active,2025-09-18
fc0f5678-f3d5-59bc-ae6d-7fc04c2d7167,786fa11e-4d45-592a-8ba0-91ba5c1573df,fc407d89-26e4-55ce-a2dc-fdae931500f1,inactive,2026-04-23
051c85fa-2c53-5e61-88ba-2d8599d8d41c,786fa11e-4d45-592a-8ba0-91ba5c1573df,4b343160-5928-5bdb-83ef-2c0f9faba1dd,inactive,2026-07-11
957fe5eb-89e3-5b51-850b-3567eaa8876f,4415fe8c-97cc-5d15-aee3-27997578bfd9,0b4a6e3b-d5cd-5d10-87c4-ab6fda0aa831,inactive,2026-07-06
6b14699f-b0b3-5b3c-be86-b3d08ca77956,4415fe8c-97cc-5d15-aee3-27997578bfd9,018fefc2-38fb-5f92-8391-2fe032547753,pending,2026-04-14
e13febbc-3f86-5a7c-af84-a666196b36c0,4415fe8c-97cc-5d15-aee3-27997578bfd9,f080ca1b-6cb2-5242-98ed-4612ac098b94,active,2026-03-07
79bdcd14-56f0-5121-a800-603e0da017e2,4415fe8c-97cc-5d15-aee3-27997578bfd9,9502494a-7b3f-5213-8df6-4e5e5e22101f,active,2026-04-13
33696886-2532-53c9-9110-6172263eb5b3,4415fe8c-97cc-5d15-aee3-27997578bfd9,0a1506ca-ede6-548b-91b8-0730277089b0,pending,2026-06-15
aa8bf232-bd28-5749-9f37-12fe083bf6bf,4415fe8c-97cc-5d15-aee3-27997578bfd9,69d2e248-598e-501c-a2eb-fb4fb8ccf487,active,2025-12-04
f038c721-f049-5763-9644-89021a89f84f,79f6bc28-8fb5-5667-8083-4cb80dc0d83d,0b4a6e3b-d5cd-5d10-87c4-ab6fda0aa831,pending,2026-07-18
8f49bbfb-44a4-5a71-b6b2-9849a58417e8,79f6bc28-8fb5-5667-8083-4cb80dc0d83d,018fefc2-38fb-5f92-8391-2fe032547753,active,2026-03-20
59db983e-f6e2-5b93-9db7-5ab5eaec2700,79f6bc28-8fb5-5667-8083-4cb80dc0d83d,0a1506ca-ede6-548b-91b8-0730277089b0,active,2025-09-21
492f0cca-a726-529b-8d4f-c7768cad1b3b,79f6bc28-8fb5-5667-8083-4cb80dc0d83d,4b343160-5928-5bdb-83ef-2c0f9faba1dd,active,2026-07-16
072d33e4-3aef-5293-af51-10c0a0ab30a8,79f6bc28-8fb5-5667-8083-4cb80dc0d83d,868b1dbf-370d-5142-be8c-5a80dfad818d,inactive,2025-11-19
3f2cfe34-391f-56ec-be09-e6c6bff03287,79f6bc28-8fb5-5667-8083-4cb80dc0d83d,9502494a-7b3f-5213-8df6-4e5e5e22101f,active,2026-03-26
d9f1af21-9c90-5fdc-8cbb-1c60ad1c75a0,79f6bc28-8fb5-5667-8083-4cb80dc0d83d,f080ca1b-6cb2-5242-98ed-4612ac098b94,active,2025-12-04
961a1054-0c0e-5927-9f9e-d9b9f61c6656,79f6bc28-8fb5-5667-8083-4cb80dc0d83d,fc407d89-26e4-55ce-a2dc-fdae931500f1,inactive,2026-02-17
c68ba9a1-e0ed-5361-9b09-e84aa19feae1,4b5248d7-2fac-5166-9a59-ebfa65896f3e,0b4a6e3b-d5cd-5d10-87c4-ab6fda0aa831,active,2026-04-21
81192c5e-4a6d-564d-8526-ee02eceb103a,4b5248d7-2fac-5166-9a59-ebfa65896f3e,018fefc2-38fb-5f92-8391-2fe032547753,active,2026-05-13
ab2114e0-e835-50e6-bf1e-db168254ef30,4b5248d7-2fac-5166-9a59-ebfa65896f3e,a9db23aa-1685-5f58-8beb-3c1c13702b6a,pending,2025-09-02
01988f0d-3abf-5ae8-89d2-4cb32ec4f8c7,4b5248d7-2fac-5166-9a59-ebfa65896f3e,f080ca1b-6cb2-5242-98ed-4612ac098b94,active,2026-08-25
a97698e7-4ddf-549b-851a-43cb15e34c5f,4b5248d7-2fac-5166-9a59-ebfa65896f3e,868b1dbf-370d-5142-be8c-5a80dfad818d,pending,2025-10-04
6ed84d51-4dd9-5804-aa15-7f26053c9004,4b5248d7-2fac-5166-9a59-ebfa65896f3e,9502494a-7b3f-5213-8df6-4e5e5e22101f,active,2026-02-07
d9f1dcb6-4f85-519a-b89a-3de04e75db72,fbf6b6d9-b3fc-5849-bed6-a8efd4ff15df,0b4a6e3b-d5cd-5d10-87c4-ab6fda0aa831,active,2025-10-23
3b6fd2ae-dfa5-584c-bbcc-09e0a0281ede,fbf6b6d9-b3fc-5849-bed6-a8efd4ff15df,018fefc2-38fb-5f92-8391-2fe032547753,active,2025-12-02
0f91bc6d-b013-5fbe-86ae-996ba0a1fdbd,fbf6b6d9-b3fc-5849-bed6-a8efd4ff15df,a9db23aa-1685-5f58-8beb-3c1c13702b6a,active,2026-08-06
0b38d733-3910-5820-ae82-e0742528b793,fbf6b6d9-b3fc-5849-bed6-a8efd4ff15df,fc407d89-26e4-55ce-a2dc-fdae931500f1,pending,2026-03-09
34e0b201-eb2e-564d-ba67-573d2f979d6e,fbf6b6d9-b3fc-5849-bed6-a8efd4ff15df,0a1506ca-ede6-548b-91b8-0730277089b0,active,2026-03-03
ad481915-3523-55fb-ba89-b1d93588776c,fbf6b6d9-b3fc-5849-bed6-a8efd4ff15df,69d2e248-598e-501c-a2eb-fb4fb8ccf487,active,2025-11-14
2539c0ca-3f7d-5f56-877f-d1feb09bd3db,797fe38b-526e-5e9c-b5b7-0afbef0991b8,0b4a6e3b-d5cd-5d10-87c4-ab6fda0aa831,active,2026-01-21
655cddca-5375-563a-b517-0821e7afc4a2,797fe38b-526e-5e9c-b5b7-0afbef0991b8,018fefc2-38fb-5f92-8391-2fe032547753,active,2026-06-15
1494e78b-93a1-5eeb-9a20-55dac5e7d022,797fe38b-526e-5e9c-b5b7-0afbef0991b8,0a1506ca-ede6-548b-91b8-0730277089b0,active,2026-03-04
e0ecb476-eb66-5f0d-8da1-b753a61bdd70,22746863-66c2-5148-b1c3-0e496f314a04,0b4a6e3b-d5cd-5d10-87c4-ab6fda0aa831,active,2025-12-31
f0aefbe6-1f61-5a90-834f-5e699c1dfc84,22746863-66c2-5148-b1c3-0e496f314a04,018fefc2-38fb-5f92-8391-2fe032547753,active,2026-01-18
98b5b860-8626-510c-a1e0-3eae11ba2eac,22746863-66c2-5148-b1c3-0e496f314a04,69d2e248-598e-501c-a2eb-fb4fb8ccf487,active,2026-08-27
4e31e548-14ac-5fcf-8d51-7ee748dfc2d9,22746863-66c2-5148-b1c3-0e496f314a04,9502494a-7b3f-5213-8df6-4e5e5e22101f,active,2026-02-06
09eca2fc-0845-5e5b-8ad7-7d1e2047c3ca,22746863-66c2-5148-b1c3-0e496f314a04,0a1506ca-ede6-548b-91b8-0730277089b0,active,2026-01-13
8da77713-d4c4-5648-86f4-b434a70bfada,22746863-66c2-5148-b1c3-0e496f314a04,a9db23aa-1685-5f58-8beb-3c1c13702b6a,active,2025-11-24
7fc7e37e-ef04-5f6f-9725-5dbc637a593c,22746863-66c2-5148-b1c3-0e496f314a04,868b1dbf-370d-5142-be8c-5a80dfad818d,pending,2025-11-04
1b431d3d-e676-5e90-9235-55893877c1bb,22746863-66c2-5148-b1c3-0e496f314a04,f080ca1b-6cb2-5242-98ed-4612ac098b94,inactive,2026-07-30
0bfe8cf6-360c-5e5e-a7c1-523592e71d44,05a4994d-a059-5089-8a6e-4736ef5e21a5,0b4a6e3b-d5cd-5d10-87c4-ab6fda0aa831,inactive,2025-11-18
7db93303-01d4-5536-8071-c539cfda14d1,05a4994d-a059-5089-8a6e-4736ef5e21a5,018fefc2-38fb-5f92-8391-2fe032547753,active,2026-06-23
7a5b71c3-b8ea-5deb-8759-5357448e93ea,05a4994d-a059-5089-8a6e-4736ef5e21a5,868b1dbf-370d-5142-be8c-5a80dfad818d,active,2026-04-21
8feddeb2-2738-5d6f-96ba-63aaf3fe0777,498f951c-6dfe-533c-a120-1beece00a222,0b4a6e3b-d5cd-5d10-87c4-ab6fda0aa831,active,2026-08-25
7f134250-d597-5873-bf56-9399b0f99e43,498f951c-6dfe-533c-a120-1beece00a222,018fefc2-38fb-5f92-8391-2fe032547753,inactive,2026-08-03
83ccb20a-98a1-5f1d-b40f-5b40a66ca1fa,498f951c-6dfe-533c-a120-1beece00a222,69d2e248-598e-501c-a2eb-fb4fb8ccf487,active,2026-01-11
8cf9c332-e017-512e-b21f-c8b1bf9ea16c,498f951c-6dfe-533c-a120-1beece00a222,9502494a-7b3f-5213-8df6-4e5e5e22101f,active,2026-04-09
647cf4da-6dc8-5524-9745-7c24a3ddb8c9,498f951c-6dfe-533c-a120-1beece00a222,a9db23aa-1685-5f58-8beb-3c1c13702b6a,active,2026-02-02
89459c6d-d86c-505c-9eaa-235d6c4f9a73,498f951c-6dfe-533c-a120-1beece00a222,4b343160-5928-5bdb-83ef-2c0f9faba1dd,active,2026-01-01
b6f42d7e-917a-5c6d-8596-d4c3a7be41dc,498f951c-6dfe-533c-a120-1beece00a222,0a1506ca-ede6-548b-91b8-0730277089b0,pending,2026-03-29
84855d77-3ba3-5fc0-8b97-502bb9d11991,828f6bc6-59ab-5b55-8670-027079ec2c19,0b4a6e3b-d5cd-5d10-87c4-ab6fda0aa831,active,2026-01-18
9f65996b-228b-5b08-a099-efa67c0f83c3,828f6bc6-59ab-5b55-8670-027079ec2c19,018fefc2-38fb-5f92-8391-2fe032547753,active,2025-09-28
c089a55f-03be-5ca7-bf40-83c87990cdda,828f6bc6-59ab-5b55-8670-027079ec2c19,868b1dbf-370d-5142-be8c-5a80dfad818d,active,2025-10-10
f6d1320d-4dbe-5e1a-983c-9131198d10e6,828f6bc6-59ab-5b55-8670-027079ec2c19,fc407d89-26e4-55ce-a2dc-fdae931500f1,active,2026-04-23
da902d07-0dec-546b-ae22-a39c184840d8,828f6bc6-59ab-5b55-8670-027079ec2c19,f080ca1b-6cb2-5242-98ed-4612ac098b94,active,2026-01-12
5342adb1-a151-5fae-8678-4c7ee5b4035e,828f6bc6-59ab-5b55-8670-027079ec2c19,69d2e248-598e-501c-a2eb-fb4fb8ccf487,pending,2025-12-25
0ad9a3c9-8d08-59cd-acc0-6adeebeb24b2,8528de39-c67a-5685-841c-0efd36906177,0b4a6e3b-d5cd-5d10-87c4-ab6fda0aa831,active,2025-09-11
b05a3f0d-93d2-547e-be8c-31acf5af4997,8528de39-c67a-5685-841c-0efd36906177,018fefc2-38fb-5f92-8391-2fe032547753,active,2026-05-06
5221eb08-c9ad-581d-b1ad-816efb564224,8528de39-c67a-5685-841c-0efd36906177,f080ca1b-6cb2-5242-98ed-4612ac098b94,inactive,2026-07-16
1429df65-742f-5d94-a006-92c1e2990268,8528de39-c67a-5685-841c-0efd36906177,9502494a-7b3f-5213-8df6-4e5e5e22101f,active,2026-06-01
2115c196-731a-5dc1-83fb-83eea0fd81d1,8528de39-c67a-5685-841c-0efd36906177,0a1506ca-ede6-548b-91b8-0730277089b0,active,2025-10-07
9b723a48-ecce-53a1-99c8-1319abb5574e,8528de39-c67a-5685-841c-0efd36906177,4b343160-5928-5bdb-83ef-2c0f9faba1dd,active,2025-09-24
8c596b6c-2135-58af-be60-e591c56f4e0c,8528de39-c67a-5685-841c-0efd36906177,a9db23aa-1685-5f58-8beb-3c1c13702b6a,active,2026-07-12
90fea2ba-6f16-5586-843e-a5893df8b403,8528de39-c67a-5685-841c-0efd36906177,69d2e248-598e-501c-a2eb-fb4fb8ccf487,active,2026-04-26
a20bcacf-1113-5ac8-b1b2-9c2341a7ae36,6409d22c-88a1-5681-86c8-da655632ac52,0b4a6e3b-d5cd-5d10-87c4-ab6fda0aa831,active,2025-11-20
8f22a801-29e8-5a9b-a317-450d0ee37ae0,6409d22c-88a1-5681-86c8-da655632ac52,018fefc2-38fb-5f92-8391-2fe032547753,active,2026-05-17
f2ecc2a7-1aab-5826-8f8b-505406119336,6409d22c-88a1-5681-86c8-da655632ac52,69d2e248-598e-501c-a2eb-fb4fb8ccf487,active,2026-06-22
5458c1c2-d7db-5840-a952-c0a74cea588b,6409d22c-88a1-5681-86c8-da655632ac52,f080ca1b-6cb2-5242-98ed-4612ac098b94,active,2026-04-15
34d6680b-eac7-510a-8d24-7cd61cc8a913,6409d22c-88a1-5681-86c8-da655632ac52,9502494a-7b3f-5213-8df6-4e5e5e22101f,pending,2025-12-09
d1a4b266-8ab8-5ba4-9b8a-2110d80d08ca,5e3102a8-ef77-5d8c-b93a-c7fdefaad65d,0b4a6e3b-d5cd-5d10-87c4-ab6fda0aa831,pending,2026-08-20
fbaa0c39-d580-5aec-bd64-c931d16f7670,5e3102a8-ef77-5d8c-b93a-c7fdefaad65d,018fefc2-38fb-5f92-8391-2fe032547753,active,2026-08-08
092e0988-ca1b-50df-99c1-80f1bcb33289,5e3102a8-ef77-5d8c-b93a-c7fdefaad65d,0a1506ca-ede6-548b-91b8-0730277089b0,inactive,2025-11-23
25d72a21-5f6d-5d92-b824-d6e85b24109a,5e3102a8-ef77-5d8c-b93a-c7fdefaad65d,868b1dbf-370d-5142-be8c-5a80dfad818d,active,2026-04-17
ac8be008-1441-56ae-b4f1-48dd0be80d74,5e3102a8-ef77-5d8c-b93a-c7fdefaad65d,fc407d89-26e4-55ce-a2dc-fdae931500f1,inactive,2025-11-15
300d6727-2f3e-515f-9b88-dcfb71c30d90,5e3102a8-ef77-5d8c-b93a-c7fdefaad65d,a9db23aa-1685-5f58-8beb-3c1c13702b6a,active,2026-05-21
c6f92367-52cc-58b6-b628-d3d551441ab6,44cb00b0-30e2-5c17-b375-61ac679636ba,0b4a6e3b-d5cd-5d10-87c4-ab6fda0aa831,pending,2026-06-28
49d517cb-29d4-59aa-a536-239e97737eb0,44cb00b0-30e2-5c17-b375-61ac679636ba,018fefc2-38fb-5f92-8391-2fe032547753,pending,2025-09-27
9eac4434-4a05-5723-ac6d-e8b2eaabd80f,44cb00b0-30e2-5c17-b375-61ac679636ba,f080ca1b-6cb2-5242-98ed-4612ac098b94,active,2026-02-11
837a26cc-3e94-5521-94b9-99d0c4b64e71,44cb00b0-30e2-5c17-b375-61ac679636ba,868b1dbf-370d-5142-be8c-5a80dfad818d,active,2026-05-08
0d7f23f7-ddb2-5eb1-8589-84f13921dedb,d4110a62-ffba-5869-9a5f-f35bb8faebaf,0b4a6e3b-d5cd-5d10-87c4-ab6fda0aa831,active,2025-11-28
a5d349d8-479f-55bb-916f-1796fbca1323,d4110a62-ffba-5869-9a5f-f35bb8faebaf,018fefc2-38fb-5f92-8391-2fe032547753,active,2026-06-18
56411e5e-1fb1-54ec-9834-023dc70e93a4,d4110a62-ffba-5869-9a5f-f35bb8faebaf,4b343160-5928-5bdb-83ef-2c0f9faba1dd,active,2026-03-22
c19c6d95-8521-5d82-9663-04d9e68d69ff,7c2a0b5e-3238-5711-b813-f0884d9a77ff,0b4a6e3b-d5cd-5d10-87c4-ab6fda0aa831,inactive,2026-03-13
db02fa27-4423-521d-9828-1f89f71a0132,7c2a0b5e-3238-5711-b813-f0884d9a77ff,018fefc2-38fb-5f92-8391-2fe032547753,active,2025-10-22
f3dcd862-a5af-5807-afb3-dc6ef3518f9f,7c2a0b5e-3238-5711-b813-f0884d9a77ff,f080ca1b-6cb2-5242-98ed-4612ac098b94,active,2026-01-16
0416661e-1a23-5426-a38c-22a5333eff10,7c2a0b5e-3238-5711-b813-f0884d9a77ff,69d2e248-598e-501c-a2eb-fb4fb8ccf487,active,2025-10-29
bb0998e3-6f57-5d86-8e66-635308d8872c,13e9865d-d14f-598f-b083-8b877609cc7c,0b4a6e3b-d5cd-5d10-87c4-ab6fda0aa831,inactive,2026-06-27
8c4a4763-9824-55ea-a0b5-6f05c6c6751e,13e9865d-d14f-598f-b083-8b877609cc7c,018fefc2-38fb-5f92-8391-2fe032547753,active,2026-08-22
b8f41462-89cf-5baf-9a48-02281cb66d45,13e9865d-d14f-598f-b083-8b877609cc7c,0a1506ca-ede6-548b-91b8-0730277089b0,active,2025-10-31
72457470-cf2f-5d29-8896-d7c95bcc76f8,7829c712-e5e1-586e-bd76-b80949808b10,0b4a6e3b-d5cd-5d10-87c4-ab6fda0aa831,inactive,2026-03-03
8e489cb2-ad9b-5ee1-8662-c1a777e9e416,7829c712-e5e1-586e-bd76-b80949808b10,018fefc2-38fb-5f92-8391-2fe032547753,active,2025-09-07
5a8c10a7-be33-58f0-bfac-7c52275d5ed2,7829c712-e5e1-586e-bd76-b80949808b10,0a1506ca-ede6-548b-91b8-0730277089b0,active,2026-03-13
db1fcb20-4abc-505b-8fd3-3932e96b2b22,7829c712-e5e1-586e-bd76-b80949808b10,f080ca1b-6cb2-5242-98ed-4612ac098b94,active,2026-04-13
1ae44e06-1b53-577f-a707-0c1d0d313221,7829c712-e5e1-586e-bd76-b80949808b10,9502494a-7b3f-5213-8df6-4e5e5e22101f,inactive,2026-03-15
1c3d8382-0e71-5e2b-a99a-caff9fa2b6f6,249b1448-4b0d-521f-9412-27a70153ee70,0b4a6e3b-d5cd-5d10-87c4-ab6fda0aa831,active,2026-06-05
272f5ba7-6f95-5254-ae02-a0af0127b866,249b1448-4b0d-521f-9412-27a70153ee70,018fefc2-38fb-5f92-8391-2fe032547753,active,2026-03-18
923a223f-18c6-5d46-a8ed-934180bd9b5c,249b1448-4b0d-521f-9412-27a70153ee70,0a1506ca-ede6-548b-91b8-0730277089b0,active,2026-06-29
b68607b4-5439-5735-8946-693b11df76ba,249b1448-4b0d-521f-9412-27a70153ee70,fc407d89-26e4-55ce-a2dc-fdae931500f1,active,2026-06-07
15705002-df93-5da4-a5b5-1374740db069,249b1448-4b0d-521f-9412-27a70153ee70,f080ca1b-6cb2-5242-98ed-4612ac098b94,active,2026-06-28
a5348e68-d133-5800-bae1-d50c69c86c40,249b1448-4b0d-521f-9412-27a70153ee70,69d2e248-598e-501c-a2eb-fb4fb8ccf487,active,2025-10-06
ab1f57b9-a078-5e0f-b277-e4037f1c0d7b,f2d269c5-e9d3-5006-b3f0-9cc02e002275,0b4a6e3b-d5cd-5d10-87c4-ab6fda0aa831,active,2025-10-19
855c17c4-3368-5c1a-a24e-cb023897965e,f2d269c5-e9d3-5006-b3f0-9cc02e002275,018fefc2-38fb-5f92-8391-2fe032547753,active,2025-10-08
5af442e2-7ea2-5ff7-beeb-34f871cdee8e,f2d269c5-e9d3-5006-b3f0-9cc02e002275,a9db23aa-1685-5f58-8beb-3c1c13702b6a,active,2026-06-26
7e3a2003-3add-5c3d-9571-f3976c072bd4,f2d269c5-e9d3-5006-b3f0-9cc02e002275,9502494a-7b3f-5213-8df6-4e5e5e22101f,active,2026-07-25
5cc0cca2-755b-50e0-a284-88346f943b09,068724a4-bdd0-5843-88ee-82dfa8eacba1,0b4a6e3b-d5cd-5d10-87c4-ab6fda0aa831,active,2025-12-07
93dea5cb-1ffd-5cea-a05b-9a039e091fba,068724a4-bdd0-5843-88ee-82dfa8eacba1,018fefc2-38fb-5f92-8391-2fe032547753,active,2026-04-07
d6f41ad9-43ea-51a6-94a4-2cc313765ff2,068724a4-bdd0-5843-88ee-82dfa8eacba1,4b343160-5928-5bdb-83ef-2c0f9faba1dd,active,2026-03-12
0f721425-450f-5854-944f-5ed00b7bb473,068724a4-bdd0-5843-88ee-82dfa8eacba1,868b1dbf-370d-5142-be8c-5a80dfad818d,active,2026-05-01
df06efae-58d5-5fd9-81ef-2452704cc137,068724a4-bdd0-5843-88ee-82dfa8eacba1,9502494a-7b3f-5213-8df6-4e5e5e22101f,active,2026-08-19
3508e5f6-1752-5d2e-aa25-a5582a11b9c9,84ae3f98-20b5-568e-9fcf-34eda610e05a,0b4a6e3b-d5cd-5d10-87c4-ab6fda0aa831,active,2026-03-08
2777c83c-eed7-598f-8b36-ffe4934d17fc,84ae3f98-20b5-568e-9fcf-34eda610e05a,018fefc2-38fb-5f92-8391-2fe032547753,active,2025-09-04
e0990df1-1015-52cf-a688-36a396eeb820,84ae3f98-20b5-568e-9fcf-34eda610e05a,fc407d89-26e4-55ce-a2dc-fdae931500f1,inactive,2026-02-03
9fe24bd3-a240-586f-aa25-389dec4ca0f3,84ae3f98-20b5-568e-9fcf-34eda610e05a,868b1dbf-370d-5142-be8c-5a80dfad818d,active,2026-02-10
229bc56f-ce79-575f-9c95-c0cb560a9ee6,84ae3f98-20b5-568e-9fcf-34eda610e05a,4b343160-5928-5bdb-83ef-2c0f9faba1dd,active,2025-11-11
b975c67a-638c-57d5-b2ff-6e91605265bf,84ae3f98-20b5-568e-9fcf-34eda610e05a,9502494a-7b3f-5213-8df6-4e5e5e22101f,active,2026-04-25
43ae65d5-6efc-59e0-9101-4a00292bb918,84ae3f98-20b5-568e-9fcf-34eda610e05a,f080ca1b-6cb2-5242-98ed-4612ac098b94,inactive,2025-11-24
f3a1d351-e40a-5375-ba10-8d15f8f4bce7,84ae3f98-20b5-568e-9fcf-34eda610e05a,0a1506ca-ede6-548b-91b8-0730277089b0,active,2026-03-02
757f2797-fdd9-5c6a-a31a-ad9232445685,4d771381-b671-5e5c-89b7-d6a2435b77e8,0b4a6e3b-d5cd-5d10-87c4-ab6fda0aa831,active,2026-06-22
0025b411-de55-5f11-9472-6a7ab92bae4d,4d771381-b671-5e5c-89b7-d6a2435b77e8,018fefc2-38fb-5f92-8391-2fe032547753,active,2026-02-14
5b9e4819-0ccd-5503-a360-072531322403,4d771381-b671-5e5c-89b7-d6a2435b77e8,69d2e248-598e-501c-a2eb-fb4fb8ccf487,active,2026-03-22
06d6ec70-f3de-53f1-81cb-f0f170436362,4d771381-b671-5e5c-89b7-d6a2435b77e8,0a1506ca-ede6-548b-91b8-0730277089b0,active,2026-04-22
73f798e0-3592-50cb-9763-e41daac11a03,4d771381-b671-5e5c-89b7-d6a2435b77e8,4b343160-5928-5bdb-83ef-2c0f9faba1dd,active,2025-10-30
e044e140-72e9-5cc5-be53-fa530fb63742,4f599702-ca98-5a51-bf60-69b310c41bfa,0b4a6e3b-d5cd-5d10-87c4-ab6fda0aa831,active,2025-10-06
6a8a50d1-cbf1-5ef9-a740-aca506f0180c,4f599702-ca98-5a51-bf60-69b310c41bfa,018fefc2-38fb-5f92-8391-2fe032547753,active,2026-05-18
981c9d7e-38c9-5c54-b9fa-fe6ffa5eb2d6,4f599702-ca98-5a51-bf60-69b310c41bfa,868b1dbf-370d-5142-be8c-5a80dfad818d,active,2025-09-13
d7ea3d69-8cc3-524c-bcb6-86f97dd0ea5b,2ce7d66a-f6fd-52b4-897b-6844c274ad72,0b4a6e3b-d5cd-5d10-87c4-ab6fda0aa831,active,2026-04-26
b5d37d87-b572-5c24-8a3b-123ccdeae9a8,2ce7d66a-f6fd-52b4-897b-6844c274ad72,018fefc2-38fb-5f92-8391-2fe032547753,active,2026-08-07
82776fcc-0c17-5ede-b477-011119300993,2ce7d66a-f6fd-52b4-897b-6844c274ad72,f080ca1b-6cb2-5242-98ed-4612ac098b94,active,2026-08-04
eab3f5da-64e1-5d92-b9f3-014c6eacb2ae,2ce7d66a-f6fd-52b4-897b-6844c274ad72,a9db23aa-1685-5f58-8beb-3c1c13702b6a,active,2026-06-01
4655e135-74fa-506b-9595-cbb032422b19,264fc5cd-4200-5b9f-9711-123db4d09d9f,0b4a6e3b-d5cd-5d10-87c4-ab6fda0aa831,active,2026-03-02
d27446cb-4e02-574b-9c9f-cdf423e33257,264fc5cd-4200-5b9f-9711-123db4d09d9f,018fefc2-38fb-5f92-8391-2fe032547753,inactive,2025-12-14
2bdb4b18-a55b-5dfa-ac93-c5b43e4c8bfe,264fc5cd-4200-5b9f-9711-123db4d09d9f,f080ca1b-6cb2-5242-98ed-4612ac098b94,inactive,2025-10-28
17ad1e08-2a8f-5795-a036-7a808942a2cc,264fc5cd-4200-5b9f-9711-123db4d09d9f,0a1506ca-ede6-548b-91b8-0730277089b0,active,2026-01-05
487ee980-b46d-50c1-ac23-5848c64a679c,264fc5cd-4200-5b9f-9711-123db4d09d9f,9502494a-7b3f-5213-8df6-4e5e5e22101f,active,2026-05-13
58c91d64-4221-583b-a48b-b5d5ea1214c9,264fc5cd-4200-5b9f-9711-123db4d09d9f,4b343160-5928-5bdb-83ef-2c0f9faba1dd,active,2026-06-01
614cccc7-402e-5419-92ff-c2d5890ab0ba,264fc5cd-4200-5b9f-9711-123db4d09d9f,fc407d89-26e4-55ce-a2dc-fdae931500f1,inactive,2026-02-28
ca7deb48-d787-5165-9f5b-3b9127c8bdb6,b14a7b9e-336c-57df-8501-975f53e6b1cf,0b4a6e3b-d5cd-5d10-87c4-ab6fda0aa831,active,2026-04-28
077047c0-76df-5486-81ad-3df5d10aef7a,b14a7b9e-336c-57df-8501-975f53e6b1cf,018fefc2-38fb-5f92-8391-2fe032547753,active,2026-03-06
0f6f9e2e-6735-5032-a33f-2eacf5561cd8,b14a7b9e-336c-57df-8501-975f53e6b1cf,fc407d89-26e4-55ce-a2dc-fdae931500f1,active,2026-07-07
fdd4e704-ebd2-59c9-aac3-4daf53378441,b14a7b9e-336c-57df-8501-975f53e6b1cf,868b1dbf-370d-5142-be8c-5a80dfad818d,active,2026-03-15
165f8d21-82ae-5794-a40c-f8eb99f2b9e3,bb01dbc7-1d5c-5aab-b528-d05a1dd919b0,0b4a6e3b-d5cd-5d10-87c4-ab6fda0aa831,active,2026-06-07
129408bd-6639-521d-98f6-1857976637f4,bb01dbc7-1d5c-5aab-b528-d05a1dd919b0,018fefc2-38fb-5f92-8391-2fe032547753,active,2025-12-19
d6111c90-4764-5722-b51b-dc3a415f2eb8,bb01dbc7-1d5c-5aab-b528-d05a1dd919b0,4b343160-5928-5bdb-83ef-2c0f9faba1dd,active,2026-08-26
2a1b5e80-d6da-5378-8872-b801484dd351,bb01dbc7-1d5c-5aab-b528-d05a1dd919b0,868b1dbf-370d-5142-be8c-5a80dfad818d,inactive,2026-04-13
ebbe61e4-bde1-5d1f-ba99-fb085c6281ac,bb01dbc7-1d5c-5aab-b528-d05a1dd919b0,9502494a-7b3f-5213-8df6-4e5e5e22101f,inactive,2025-09-06
6fec6985-8175-5ec8-8cc3-309b717affc7,be28feb3-6829-5960-a771-5f3ce07f36bd,0b4a6e3b-d5cd-5d10-87c4-ab6fda0aa831,active,2026-02-19
1240c6d6-1b2e-56cc-a62a-561a659d9cd5,be28feb3-6829-5960-a771-5f3ce07f36bd,018fefc2-38fb-5f92-8391-2fe032547753,active,2026-05-11
647e939c-7cea-54e5-9942-4fe07a72bda9,be28feb3-6829-5960-a771-5f3ce07f36bd,868b1dbf-370d-5142-be8c-5a80dfad818d,active,2026-01-08
0998f7f3-1b77-561f-b831-f3c9e6a0f34f,be28feb3-6829-5960-a771-5f3ce07f36bd,f080ca1b-6cb2-5242-98ed-4612ac098b94,active,2025-09-25
3ecd8608-3904-53ad-aea2-666280a31a84,be28feb3-6829-5960-a771-5f3ce07f36bd,69d2e248-598e-501c-a2eb-fb4fb8ccf487,active,2026-04-27
e7138842-e219-568f-822a-1a139d75b0c8,be28feb3-6829-5960-a771-5f3ce07f36bd,0a1506ca-ede6-548b-91b8-0730277089b0,active,2026-01-06
e1957530-400d-510c-89fb-7c9e44f7ab7e,be28feb3-6829-5960-a771-5f3ce07f36bd,a9db23aa-1685-5f58-8beb-3c1c13702b6a,active,2026-02-28
7d0e8a2f-45a0-5dcd-8862-f43592c109aa,be28feb3-6829-5960-a771-5f3ce07f36bd,9502494a-7b3f-5213-8df6-4e5e5e22101f,active,2026-03-15
9524eb3a-8be8-5385-89cb-13194214b57c,b8bc0ade-b0da-5553-9c1c-05034ef5ff4a,0b4a6e3b-d5cd-5d10-87c4-ab6fda0aa831,active,2025-12-24
6821ea51-1a10-574c-b310-5ec244a4cd58,b8bc0ade-b0da-5553-9c1c-05034ef5ff4a,018fefc2-38fb-5f92-8391-2fe032547753,active,2025-12-31
40031cf7-be7a-5cd3-8601-df64139c319e,b8bc0ade-b0da-5553-9c1c-05034ef5ff4a,9502494a-7b3f-5213-8df6-4e5e5e22101f,active,2026-03-04
8cf37405-8ea5-533b-a848-f845e857858e,b8bc0ade-b0da-5553-9c1c-05034ef5ff4a,f080ca1b-6cb2-5242-98ed-4612ac098b94,active,2026-07-18
fddb8759-bbf9-573e-91a3-6846895a2fd2,b153dfcc-d513-57a0-a210-75c90128d3f4,0b4a6e3b-d5cd-5d10-87c4-ab6fda0aa831,active,2025-11-12
eaad714a-b183-528d-be65-7c97bcb9cce8,b153dfcc-d513-57a0-a210-75c90128d3f4,018fefc2-38fb-5f92-8391-2fe032547753,inactive,2025-12-14
d72da64e-dc3f-5e94-a09a-7088cc3eba75,b153dfcc-d513-57a0-a210-75c90128d3f4,868b1dbf-370d-5142-be8c-5a80dfad818d,active,2026-01-11
e4d772de-afc8-56af-b742-a95b2cf9222e,b153dfcc-d513-57a0-a210-75c90128d3f4,a9db23aa-1685-5f58-8beb-3c1c13702b6a,active,2026-07-23
93900e25-4310-5afc-a414-39e2b67cd96d,b153dfcc-d513-57a0-a210-75c90128d3f4,9502494a-7b3f-5213-8df6-4e5e5e22101f,pending,2026-01-02
a5001c99-a1f0-568b-a1ba-c2fad00f6003,b153dfcc-d513-57a0-a210-75c90128d3f4,f080ca1b-6cb2-5242-98ed-4612ac098b94,active,2026-01-06
d513b5b7-e7f5-523a-bbe0-cffd3291843e,b153dfcc-d513-57a0-a210-75c90128d3f4,69d2e248-598e-501c-a2eb-fb4fb8ccf487,pending,2026-06-03
c44b5084-5e72-5266-af49-41a713c6b37d,c4e597c1-b6e3-52cb-8e1f-3a60ec44f067,0b4a6e3b-d5cd-5d10-87c4-ab6fda0aa831,active,2026-07-08
876c8115-34e7-599b-8bdd-0801ed2efab9,c4e597c1-b6e3-52cb-8e1f-3a60ec44f067,018fefc2-38fb-5f92-8391-2fe032547753,active,2025-09-15
c90e967d-245f-5ad9-8584-086d3912eb00,c4e597c1-b6e3-52cb-8e1f-3a60ec44f067,a9db23aa-1685-5f58-8beb-3c1c13702b6a,active,2026-03-27
927b8725-fa4e-5ac5-95d0-fb916e000178,c4e597c1-b6e3-52cb-8e1f-3a60ec44f067,4b343160-5928-5bdb-83ef-2c0f9faba1dd,active,2026-03-29
3712a0b5-25f2-5cf2-a3a9-da23d6716324,c4e597c1-b6e3-52cb-8e1f-3a60ec44f067,0a1506ca-ede6-548b-91b8-0730277089b0,active,2026-04-09
5760507d-29cd-5956-b38a-f7ffbf2b104f,dcbe95f3-d221-5078-b64c-aae90657e533,0b4a6e3b-d5cd-5d10-87c4-ab6fda0aa831,active,2026-06-19
55b35c20-68a2-5267-94f1-eedf50f63589,dcbe95f3-d221-5078-b64c-aae90657e533,018fefc2-38fb-5f92-8391-2fe032547753,active,2026-06-12
2ae700d3-5172-573f-a011-d1f826f290dc,dcbe95f3-d221-5078-b64c-aae90657e533,9502494a-7b3f-5213-8df6-4e5e5e22101f,active,2026-06-05
672a2390-13bc-586c-9cd7-cc41676ca984,dcbe95f3-d221-5078-b64c-aae90657e533,69d2e248-598e-501c-a2eb-fb4fb8ccf487,active,2026-06-05
b0a0689a-35a4-5af3-9545-e1259ef3a6bc,dcbe95f3-d221-5078-b64c-aae90657e533,a9db23aa-1685-5f58-8beb-3c1c13702b6a,active,2026-05-29
be60c6b4-6ce1-55ad-916a-9f70ac48a885,dcbe95f3-d221-5078-b64c-aae90657e533,4b343160-5928-5bdb-83ef-2c0f9faba1dd,pending,2025-09-26
cefde2cc-c6aa-5358-a913-7b55b26af643,dcbe95f3-d221-5078-b64c-aae90657e533,fc407d89-26e4-55ce-a2dc-fdae931500f1,active,2026-06-01
05f5f948-2715-58bc-b917-bcd39774e62d,dcbe95f3-d221-5078-b64c-aae90657e533,868b1dbf-370d-5142-be8c-5a80dfad818d,active,2025-11-24
5fa558a5-b64d-5f71-bfc9-edc184954770,55604d5e-28aa-5e9b-b0e6-b70f0999b394,0b4a6e3b-d5cd-5d10-87c4-ab6fda0aa831,active,2026-04-27
6eb06a4b-f132-5040-ae0e-0e055e4c5f2d,55604d5e-28aa-5e9b-b0e6-b70f0999b394,018fefc2-38fb-5f92-8391-2fe032547753,active,2026-08-18
ba4aaafe-b082-53ca-9df5-08aa52a752c4,55604d5e-28aa-5e9b-b0e6-b70f0999b394,69d2e248-598e-501c-a2eb-fb4fb8ccf487,active,2026-08-03
01aa30d0-853a-5d21-b5d1-01abe8941234,55604d5e-28aa-5e9b-b0e6-b70f0999b394,9502494a-7b3f-5213-8df6-4e5e5e22101f,active,2026-06-20
3f2e88d3-d6e0-5533-8c97-f9481e0f7685,55604d5e-28aa-5e9b-b0e6-b70f0999b394,f080ca1b-6cb2-5242-98ed-4612ac098b94,inactive,2026-02-10
94f04e7d-3145-5682-a0a5-e18e450057a1,55604d5e-28aa-5e9b-b0e6-b70f0999b394,a9db23aa-1685-5f58-8beb-3c1c13702b6a,active,2026-05-27
0b8cec6f-04b9-5943-b83a-929b788d62b6,55604d5e-28aa-5e9b-b0e6-b70f0999b394,4b343160-5928-5bdb-83ef-2c0f9faba1dd,active,2025-09-11
6bec88dc-72f2-5725-939b-e8978f7a78bb,c7759084-02b1-5e64-8253-e161a60c3ab7,0b4a6e3b-d5cd-5d10-87c4-ab6fda0aa831,active,2026-03-22
ebef5285-2249-55e0-a97c-7038f411c473,c7759084-02b1-5e64-8253-e161a60c3ab7,018fefc2-38fb-5f92-8391-2fe032547753,active,2026-06-29
e5bb773b-b652-5447-9687-ced7f946deb9,c7759084-02b1-5e64-8253-e161a60c3ab7,fc407d89-26e4-55ce-a2dc-fdae931500f1,active,2025-10-30
06267867-7dc0-5f19-b021-30f37f438d6b,c7759084-02b1-5e64-8253-e161a60c3ab7,4b343160-5928-5bdb-83ef-2c0f9faba1dd,active,2026-05-15
aea529e5-85eb-5bf0-83ab-1ffafc71a977,c7759084-02b1-5e64-8253-e161a60c3ab7,9502494a-7b3f-5213-8df6-4e5e5e22101f,active,2026-03-07
8c7cf37b-5fb3-55b4-a29d-ef582b2f8c49,c7759084-02b1-5e64-8253-e161a60c3ab7,f080ca1b-6cb2-5242-98ed-4612ac098b94,active,2026-07-25
6d37dbfb-c7c2-5536-8f0f-b509a005203c,c7759084-02b1-5e64-8253-e161a60c3ab7,0a1506ca-ede6-548b-91b8-0730277089b0,active,2026-08-13
b8a6a75e-73e4-5c0e-9f84-f3a3503d28c3,c7759084-02b1-5e64-8253-e161a60c3ab7,69d2e248-598e-501c-a2eb-fb4fb8ccf487,active,2025-09-29
928647fb-b180-557a-ac0a-6a87a3b381da,d516f45c-0555-5fb4-bee1-a11644152c15,0b4a6e3b-d5cd-5d10-87c4-ab6fda0aa831,active,2026-08-01
0ea35e81-f397-5c9e-8ef8-92b9aedb5599,d516f45c-0555-5fb4-bee1-a11644152c15,018fefc2-38fb-5f92-8391-2fe032547753,active,2025-10-30
4279e638-2f51-5bd3-a5eb-d370c588380e,d516f45c-0555-5fb4-bee1-a11644152c15,fc407d89-26e4-55ce-a2dc-fdae931500f1,active,2026-08-11
ce83d66b-78a3-5ace-ae67-574cd043ebec,abf5ce7e-4a34-585e-8499-eaed5429d9c0,0b4a6e3b-d5cd-5d10-87c4-ab6fda0aa831,active,2026-04-04
7689b25e-acdf-53af-a938-59d5aa6d31f3,abf5ce7e-4a34-585e-8499-eaed5429d9c0,018fefc2-38fb-5f92-8391-2fe032547753,pending,2026-07-06
fad0a5e4-f3e7-56e1-adaa-cc5af69338c7,abf5ce7e-4a34-585e-8499-eaed5429d9c0,4b343160-5928-5bdb-83ef-2c0f9faba1dd,active,2025-11-27
f12badfb-c160-599f-9353-d0ba35195d75,abf5ce7e-4a34-585e-8499-eaed5429d9c0,fc407d89-26e4-55ce-a2dc-fdae931500f1,active,2026-01-03
b02ed1c9-1814-56f9-a507-00f75fff2d8f,abf5ce7e-4a34-585e-8499-eaed5429d9c0,a9db23aa-1685-5f58-8beb-3c1c13702b6a,active,2026-02-27
2492656a-eb6c-554c-8618-e9e505b58a1d,abf5ce7e-4a34-585e-8499-eaed5429d9c0,868b1dbf-370d-5142-be8c-5a80dfad818d,active,2026-01-08
1d612481-624e-531b-a3b2-3d010b598d3d,abf5ce7e-4a34-585e-8499-eaed5429d9c0,69d2e248-598e-501c-a2eb-fb4fb8ccf487,active,2025-09-29
55a1d16a-3489-51e5-9ac0-323c0f8fd243,0c6b1437-9121-5967-a405-52902bf32821,0b4a6e3b-d5cd-5d10-87c4-ab6fda0aa831,active,2026-06-08
2763484e-e9aa-57b3-b7d3-8c43404772ab,0c6b1437-9121-5967-a405-52902bf32821,018fefc2-38fb-5f92-8391-2fe032547753,active,2026-03-08
dd5650f7-3cf1-5f0c-b360-9c49dd240f07,0c6b1437-9121-5967-a405-52902bf32821,0a1506ca-ede6-548b-91b8-0730277089b0,active,2026-07-13
f4a4f99f-04c8-5752-86e6-9df9f4761b65,0c6b1437-9121-5967-a405-52902bf32821,a9db23aa-1685-5f58-8beb-3c1c13702b6a,pending,2025-12-23
187e6845-7e86-5e70-ba8e-5c41bf221dcc,0c6b1437-9121-5967-a405-52902bf32821,69d2e248-598e-501c-a2eb-fb4fb8ccf487,active,2026-07-04
6e32e048-4a0b-53ed-a424-758bab526d78,0c6b1437-9121-5967-a405-52902bf32821,4b343160-5928-5bdb-83ef-2c0f9faba1dd,active,2026-02-01
f07a5e39-f906-5e25-983a-02c0ac47e2ec,9b0a2038-f54f-5077-8998-c2c8e6d2ad07,0b4a6e3b-d5cd-5d10-87c4-ab6fda0aa831,active,2025-10-08
27a5145a-ff0f-5bf3-a701-293f95c087b1,9b0a2038-f54f-5077-8998-c2c8e6d2ad07,018fefc2-38fb-5f92-8391-2fe032547753,active,2025-09-26
07da4c19-be7c-560d-a7cd-a2e1f8aad0d7,9b0a2038-f54f-5077-8998-c2c8e6d2ad07,a9db23aa-1685-5f58-8beb-3c1c13702b6a,active,2026-07-02
6c5c2562-dc60-50d8-ab61-f65ee0f79d30,9b0a2038-f54f-5077-8998-c2c8e6d2ad07,4b343160-5928-5bdb-83ef-2c0f9faba1dd,active,2026-02-01
a416d403-af14-5ea9-9f0a-8861a15b1976,9b0a2038-f54f-5077-8998-c2c8e6d2ad07,0a1506ca-ede6-548b-91b8-0730277089b0,inactive,2025-12-07
8eb089c1-305e-5327-9542-c57819c962c5,9b0a2038-f54f-5077-8998-c2c8e6d2ad07,868b1dbf-370d-5142-be8c-5a80dfad818d,active,2025-11-14
a336a98e-543e-5981-aaec-e1d52e6ae605,9b0a2038-f54f-5077-8998-c2c8e6d2ad07,69d2e248-598e-501c-a2eb-fb4fb8ccf487,active,2026-04-13
add3d9b3-9062-5777-935d-7a287dc0f469,9b0a2038-f54f-5077-8998-c2c8e6d2ad07,f080ca1b-6cb2-5242-98ed-4612ac098b94,active,2026-02-05
5d6b90f0-b400-54f2-8ae3-6125c08695de,f9569bdd-9e7d-5f01-aca2-61d5ecfe9a55,0b4a6e3b-d5cd-5d10-87c4-ab6fda0aa831,active,2026-02-16
d0a1701b-1ca1-55c7-bbbb-d4aca7d0e09b,f9569bdd-9e7d-5f01-aca2-61d5ecfe9a55,018fefc2-38fb-5f92-8391-2fe032547753,active,2026-06-25
af70dfd9-a841-5f64-8bc6-9582b801990a,f9569bdd-9e7d-5f01-aca2-61d5ecfe9a55,fc407d89-26e4-55ce-a2dc-fdae931500f1,active,2025-09-30
9aa7f8ad-9144-52f1-8c0b-1acaf4beed20,f9569bdd-9e7d-5f01-aca2-61d5ecfe9a55,9502494a-7b3f-5213-8df6-4e5e5e22101f,active,2026-08-04
88798883-1329-5b3f-889e-733c1ee38e6d,f9569bdd-9e7d-5f01-aca2-61d5ecfe9a55,0a1506ca-ede6-548b-91b8-0730277089b0,active,2026-06-29
be21e199-6dc1-5f8b-9e59-7e5360777a73,ff2ed324-7a26-5b6b-85e9-88b9f0c9616c,0b4a6e3b-d5cd-5d10-87c4-ab6fda0aa831,pending,2026-05-12
45693ff7-13d3-5feb-be52-c01467e3ef3f,ff2ed324-7a26-5b6b-85e9-88b9f0c9616c,018fefc2-38fb-5f92-8391-2fe032547753,active,2026-03-24
b251a6ea-9866-546b-b310-9cbca72c738d,ff2ed324-7a26-5b6b-85e9-88b9f0c9616c,fc407d89-26e4-55ce-a2dc-fdae931500f1,active,2026-02-21
1f57c4f3-fe7a-5a4a-acaa-37f4abfcda2a,ff2ed324-7a26-5b6b-85e9-88b9f0c9616c,69d2e248-598e-501c-a2eb-fb4fb8ccf487,active,2025-09-26
498d07c9-5548-5437-80cb-2beb14c546c4,ff2ed324-7a26-5b6b-85e9-88b9f0c9616c,868b1dbf-370d-5142-be8c-5a80dfad818d,active,2025-10-05
cd057313-6d82-588d-902c-5b9ca6a669c8,ff2ed324-7a26-5b6b-85e9-88b9f0c9616c,0a1506ca-ede6-548b-91b8-0730277089b0,active,2026-05-31
c62d894c-bacc-5694-ae00-3ea9aab558d9,ff2ed324-7a26-5b6b-85e9-88b9f0c9616c,a9db23aa-1685-5f58-8beb-3c1c13702b6a,active,2026-01-11
bffbf274-1b31-51a8-bd57-8b69b3d04039,ff2ed324-7a26-5b6b-85e9-88b9f0c9616c,4b343160-5928-5bdb-83ef-2c0f9faba1dd,active,2025-12-05
9aa9db00-563a-549b-914f-89652331a232,ace29b2c-9a3c-55ba-b730-eb51921adb3e,0b4a6e3b-d5cd-5d10-87c4-ab6fda0aa831,active,2026-05-10
ccc08e18-b577-5d5e-862d-4918522d3e3c,ace29b2c-9a3c-55ba-b730-eb51921adb3e,018fefc2-38fb-5f92-8391-2fe032547753,inactive,2025-09-19
21e730a2-b79d-5e0e-aee2-b0f9e7aefa1c,ace29b2c-9a3c-55ba-b730-eb51921adb3e,69d2e248-598e-501c-a2eb-fb4fb8ccf487,active,2025-12-11
eaaa5877-deca-5b16-b88f-8f6d6c454797,ace29b2c-9a3c-55ba-b730-eb51921adb3e,a9db23aa-1685-5f58-8beb-3c1c13702b6a,pending,2026-06-05
7dced2a0-68b7-50e0-b6a8-635d688f9464,ace29b2c-9a3c-55ba-b730-eb51921adb3e,0a1506ca-ede6-548b-91b8-0730277089b0,active,2026-04-27
bb587580-fcd1-5356-bc08-a74321d00bfe,ace29b2c-9a3c-55ba-b730-eb51921adb3e,4b343160-5928-5bdb-83ef-2c0f9faba1dd,active,2026-08-07
10b506f2-6344-544b-8066-fb5158579fc9,ace29b2c-9a3c-55ba-b730-eb51921adb3e,f080ca1b-6cb2-5242-98ed-4612ac098b94,active,2025-11-26
bd1c5601-226f-5dc0-bbe0-5328791ef77d,19778533-d703-59de-af73-a4450c4b9423,0b4a6e3b-d5cd-5d10-87c4-ab6fda0aa831,inactive,2026-07-02
53ccea01-a4fe-50d3-9a5d-b968b72f625e,19778533-d703-59de-af73-a4450c4b9423,018fefc2-38fb-5f92-8391-2fe032547753,active,2026-06-12
d174e762-3957-5135-a349-72f923781035,19778533-d703-59de-af73-a4450c4b9423,9502494a-7b3f-5213-8df6-4e5e5e22101f,active,2026-08-30
f6a53204-c827-5b22-b17a-dc9d3d292b65,19778533-d703-59de-af73-a4450c4b9423,fc407d89-26e4-55ce-a2dc-fdae931500f1,active,2025-12-17
42684717-3f16-5246-a7bb-20c272a1da1f,19778533-d703-59de-af73-a4450c4b9423,69d2e248-598e-501c-a2eb-fb4fb8ccf487,inactive,2025-09-13
ce066e0d-117e-5405-8f21-e90ea2d8a645,19778533-d703-59de-af73-a4450c4b9423,868b1dbf-370d-5142-be8c-5a80dfad818d,active,2025-09-08
ae585038-05f1-51a4-aa88-fe8520e755f3,a361cc24-04c7-5dd9-a3c2-8f4419960dbb,0b4a6e3b-d5cd-5d10-87c4-ab6fda0aa831,active,2026-04-03
16f50c04-ab7f-58c4-ba17-495e27c0a6aa,a361cc24-04c7-5dd9-a3c2-8f4419960dbb,018fefc2-38fb-5f92-8391-2fe032547753,active,2026-07-23
d357858b-e0d2-599e-9dd1-26f85198003a,a361cc24-04c7-5dd9-a3c2-8f4419960dbb,9502494a-7b3f-5213-8df6-4e5e5e22101f,inactive,2026-05-19
a84067a0-5dc9-573d-a6d8-f868753995b5,a361cc24-04c7-5dd9-a3c2-8f4419960dbb,0a1506ca-ede6-548b-91b8-0730277089b0,active,2025-12-20
80d9e104-16f3-5326-9394-bf1aa1429bec,a361cc24-04c7-5dd9-a3c2-8f4419960dbb,a9db23aa-1685-5f58-8beb-3c1c13702b6a,active,2026-06-19
e725aaaa-082f-5b08-b37a-b2164359ddca,a361cc24-04c7-5dd9-a3c2-8f4419960dbb,4b343160-5928-5bdb-83ef-2c0f9faba1dd,active,2026-03-23
8a7794b9-f9dd-5119-8c39-cc5b90f093dd,a361cc24-04c7-5dd9-a3c2-8f4419960dbb,868b1dbf-370d-5142-be8c-5a80dfad818d,active,2026-04-19
dd5a8e37-708f-597b-a90f-aa3283cffed6,c9578173-114a-5c18-a4ae-bd8006b20bf7,0b4a6e3b-d5cd-5d10-87c4-ab6fda0aa831,active,2026-04-13
649a9d1f-cea6-582c-ac56-bb140e6707e7,c9578173-114a-5c18-a4ae-bd8006b20bf7,018fefc2-38fb-5f92-8391-2fe032547753,active,2025-11-28
006ad7d3-3a50-5504-b762-071089bc5379,c9578173-114a-5c18-a4ae-bd8006b20bf7,a9db23aa-1685-5f58-8beb-3c1c13702b6a,active,2026-03-27
09a4a622-f423-5740-9f4a-91887c38088f,c9578173-114a-5c18-a4ae-bd8006b20bf7,fc407d89-26e4-55ce-a2dc-fdae931500f1,active,2026-08-15
9b8c2e39-be57-575c-8563-e838e2fa8cc6,c9578173-114a-5c18-a4ae-bd8006b20bf7,4b343160-5928-5bdb-83ef-2c0f9faba1dd,active,2026-03-12
879f59d1-2ab5-5dfe-be18-35c5a2a880eb,09061ab6-5483-56c6-aaa2-ede27655cf83,0b4a6e3b-d5cd-5d10-87c4-ab6fda0aa831,active,2026-06-26
4008f43a-e00e-5094-90ee-4ce7eb6c06e7,09061ab6-5483-56c6-aaa2-ede27655cf83,018fefc2-38fb-5f92-8391-2fe032547753,pending,2026-06-26
b0530f00-58b4-5c4a-8e06-9d187ce00eb3,09061ab6-5483-56c6-aaa2-ede27655cf83,69d2e248-598e-501c-a2eb-fb4fb8ccf487,active,2026-07-23
4d50a2f6-0d9f-5417-935a-81d72c48178e,09061ab6-5483-56c6-aaa2-ede27655cf83,f080ca1b-6cb2-5242-98ed-4612ac098b94,active,2026-04-12
afd1fbd6-c7c2-5aa0-8a97-1e03dba519da,09061ab6-5483-56c6-aaa2-ede27655cf83,868b1dbf-370d-5142-be8c-5a80dfad818d,active,2025-11-01
28a6e1da-09b3-52b7-8bb2-954ae48ce1bc,09061ab6-5483-56c6-aaa2-ede27655cf83,9502494a-7b3f-5213-8df6-4e5e5e22101f,active,2025-12-19
1633e10c-74a3-5b85-adf8-3c6f9c944a81,1d16ab2c-a09a-5f94-8147-65a46c813cd3,0b4a6e3b-d5cd-5d10-87c4-ab6fda0aa831,pending,2025-12-21
acffe949-0007-53c2-a3d8-b63b714b346c,1d16ab2c-a09a-5f94-8147-65a46c813cd3,018fefc2-38fb-5f92-8391-2fe032547753,pending,2025-09-24
03635c97-4142-51c2-ab7f-d4400474c830,1d16ab2c-a09a-5f94-8147-65a46c813cd3,69d2e248-598e-501c-a2eb-fb4fb8ccf487,active,2026-02-08
50ccfba6-6ce3-5f80-89ea-496194ea70d7,1d16ab2c-a09a-5f94-8147-65a46c813cd3,f080ca1b-6cb2-5242-98ed-4612ac098b94,active,2025-11-01
f38a6691-edde-5c3a-901c-d134df93ecaf,1d16ab2c-a09a-5f94-8147-65a46c813cd3,9502494a-7b3f-5213-8df6-4e5e5e22101f,inactive,2026-04-09
cd6e06fd-142a-5ef3-8399-5ab71dd1a423,1d16ab2c-a09a-5f94-8147-65a46c813cd3,a9db23aa-1685-5f58-8beb-3c1c13702b6a,active,2026-06-18
aaa39e05-6f0f-5fcf-a0f0-ddfcb292e600,1d16ab2c-a09a-5f94-8147-65a46c813cd3,0a1506ca-ede6-548b-91b8-0730277089b0,inactive,2026-05-01
831d3891-058f-579d-910c-837a4933f819,1d16ab2c-a09a-5f94-8147-65a46c813cd3,fc407d89-26e4-55ce-a2dc-fdae931500f1,pending,2025-10-21
fb747415-61c4-57ad-874b-2c5a0dd7beaa,271e9dfd-d30b-5c2d-bda3-6676d12df1ab,0b4a6e3b-d5cd-5d10-87c4-ab6fda0aa831,active,2026-01-22
4dd9401b-9ed5-5dc0-9ee6-58fd93b176f9,271e9dfd-d30b-5c2d-bda3-6676d12df1ab,018fefc2-38fb-5f92-8391-2fe032547753,active,2026-03-04
f48655f4-b2d0-53eb-a3e8-acbd36d392a1,271e9dfd-d30b-5c2d-bda3-6676d12df1ab,9502494a-7b3f-5213-8df6-4e5e5e22101f,active,2025-12-03
c27dfd09-80e7-5b17-abf7-7fb6c16c8cdd,271e9dfd-d30b-5c2d-bda3-6676d12df1ab,868b1dbf-370d-5142-be8c-5a80dfad818d,active,2026-07-16
24af1d58-fbde-53db-8afb-17c7ff50d3bc,271e9dfd-d30b-5c2d-bda3-6676d12df1ab,69d2e248-598e-501c-a2eb-fb4fb8ccf487,active,2026-08-29
356b1662-a5fb-5660-b7d2-78369efe60be,271e9dfd-d30b-5c2d-bda3-6676d12df1ab,4b343160-5928-5bdb-83ef-2c0f9faba1dd,active,2026-04-01
d525b299-b778-549f-bb21-d075080a2e5e,271e9dfd-d30b-5c2d-bda3-6676d12df1ab,fc407d89-26e4-55ce-a2dc-fdae931500f1,active,2026-05-10
cbb4bdd0-7172-5064-943a-b1d7969d433c,271e9dfd-d30b-5c2d-bda3-6676d12df1ab,f080ca1b-6cb2-5242-98ed-4612ac098b94,active,2025-12-22
8897f0be-08b8-57d7-9ae3-09e3dd18d394,866e30aa-4160-5438-be1e-860a5ed4dbf2,0b4a6e3b-d5cd-5d10-87c4-ab6fda0aa831,active,2026-04-02
34b376e9-6f53-55a5-8cee-fe97bdc5b24f,866e30aa-4160-5438-be1e-860a5ed4dbf2,018fefc2-38fb-5f92-8391-2fe032547753,active,2026-06-28
0c836db7-d239-5fbe-adab-411a5258508d,866e30aa-4160-5438-be1e-860a5ed4dbf2,868b1dbf-370d-5142-be8c-5a80dfad818d,active,2026-05-03
e353ea45-ea38-5e17-86e2-dcbd0148d2ae,1a28ecf5-3845-5e5c-a83a-367fc406fbca,0b4a6e3b-d5cd-5d10-87c4-ab6fda0aa831,pending,2026-02-11
bc19701c-d097-5763-a1c0-c197b03bf8f9,1a28ecf5-3845-5e5c-a83a-367fc406fbca,018fefc2-38fb-5f92-8391-2fe032547753,active,2026-04-06
b90cd7a3-1b1a-5f5e-93cc-a2f012872367,1a28ecf5-3845-5e5c-a83a-367fc406fbca,69d2e248-598e-501c-a2eb-fb4fb8ccf487,pending,2026-03-09
4fd42b86-e86c-54b9-b566-5a61f291b18f,e51a4339-2687-531d-a3e2-a566085efbb3,0b4a6e3b-d5cd-5d10-87c4-ab6fda0aa831,inactive,2026-04-29
c9d79685-986e-55be-a2ed-d25ff0a403b0,e51a4339-2687-531d-a3e2-a566085efbb3,018fefc2-38fb-5f92-8391-2fe032547753,active,2026-05-24
80aa4c65-b46d-5281-bc31-f3d00de66339,e51a4339-2687-531d-a3e2-a566085efbb3,868b1dbf-370d-5142-be8c-5a80dfad818d,active,2026-07-24
6f7399c2-1b19-511a-94a4-5b390fd9300d,6df02c74-0a9d-5114-b570-ca3bfbe11fef,0b4a6e3b-d5cd-5d10-87c4-ab6fda0aa831,active,2025-10-21
633b8e41-246f-5a6d-9493-a718c95260da,6df02c74-0a9d-5114-b570-ca3bfbe11fef,018fefc2-38fb-5f92-8391-2fe032547753,active,2026-04-17
6d4a162c-10e3-5531-b48d-ce527aab1929,6df02c74-0a9d-5114-b570-ca3bfbe11fef,f080ca1b-6cb2-5242-98ed-4612ac098b94,active,2025-12-01
37465493-9846-56b6-9f02-12fc779406cc,6df02c74-0a9d-5114-b570-ca3bfbe11fef,a9db23aa-1685-5f58-8beb-3c1c13702b6a,active,2025-09-14
6ea15465-069c-50bd-b8ea-ea4ca1fb0373,6df02c74-0a9d-5114-b570-ca3bfbe11fef,868b1dbf-370d-5142-be8c-5a80dfad818d,active,2026-03-27
e56683ab-f842-503f-9f26-ff20ff66ad49,6df02c74-0a9d-5114-b570-ca3bfbe11fef,4b343160-5928-5bdb-83ef-2c0f9faba1dd,active,2025-11-16
2844afa1-8af6-5ed0-a38c-904363e69885,6df02c74-0a9d-5114-b570-ca3bfbe11fef,69d2e248-598e-501c-a2eb-fb4fb8ccf487,active,2026-07-31
a4e90634-4b3b-5d55-9608-7aa2f67c60bf,3b65322b-cb89-5c2e-92e6-88f12debe93c,0b4a6e3b-d5cd-5d10-87c4-ab6fda0aa831,active,2026-06-01
3796e08f-3ece-568b-9322-f18cb83e6aeb,3b65322b-cb89-5c2e-92e6-88f12debe93c,018fefc2-38fb-5f92-8391-2fe032547753,active,2026-01-25
c92ce2de-3a33-550f-9b32-febee073aa71,3b65322b-cb89-5c2e-92e6-88f12debe93c,fc407d89-26e4-55ce-a2dc-fdae931500f1,active,2025-09-22
f419ed3a-52d6-58c6-a1a1-17f7fd070bca,3b65322b-cb89-5c2e-92e6-88f12debe93c,9502494a-7b3f-5213-8df6-4e5e5e22101f,inactive,2025-10-17
9367444c-2c1b-588f-b427-95628cede439,3b65322b-cb89-5c2e-92e6-88f12debe93c,69d2e248-598e-501c-a2eb-fb4fb8ccf487,active,2026-06-18
84c0ff51-3e92-57c8-a2ac-1a1e5f5a8397,3b65322b-cb89-5c2e-92e6-88f12debe93c,0a1506ca-ede6-548b-91b8-0730277089b0,active,2026-07-12
5103348a-2d36-55b6-ae55-bab8a7ed9182,3b65322b-cb89-5c2e-92e6-88f12debe93c,868b1dbf-370d-5142-be8c-5a80dfad818d,active,2026-04-17
c6ef20af-2fab-52ad-8a3e-6f8a61e85f72,3b65322b-cb89-5c2e-92e6-88f12debe93c,a9db23aa-1685-5f58-8beb-3c1c13702b6a,active,2026-03-27
55be4f92-4155-52a1-832c-f48f4532c51c,37944f66-d85a-54aa-9646-00427ed3b070,0b4a6e3b-d5cd-5d10-87c4-ab6fda0aa831,active,2025-10-03
e7fecbbc-5ed0-5930-a79f-58aec6776f1f,37944f66-d85a-54aa-9646-00427ed3b070,018fefc2-38fb-5f92-8391-2fe032547753,inactive,2026-05-15
5e229d38-142e-554b-8609-fe233db52d89,37944f66-d85a-54aa-9646-00427ed3b070,868b1dbf-370d-5142-be8c-5a80dfad818d,active,2025-09-03
94f2aff9-32ea-5044-8a26-d721127fbefa,37944f66-d85a-54aa-9646-00427ed3b070,0a1506ca-ede6-548b-91b8-0730277089b0,active,2025-09-17
39875351-4d30-5b10-a81c-d4b69ef64260,37944f66-d85a-54aa-9646-00427ed3b070,69d2e248-598e-501c-a2eb-fb4fb8ccf487,active,2025-12-03
4c8cbc43-c00a-5804-9d61-c65cd43e2383,37944f66-d85a-54aa-9646-00427ed3b070,4b343160-5928-5bdb-83ef-2c0f9faba1dd,inactive,2025-10-19
ba7dfaa9-ffad-5d95-8773-8e682e113c0d,37944f66-d85a-54aa-9646-00427ed3b070,a9db23aa-1685-5f58-8beb-3c1c13702b6a,active,2026-04-15
5094d758-038c-55b9-bbb2-3eea779c1770,59abda36-0470-5787-ba92-83984b1bc8d2,0b4a6e3b-d5cd-5d10-87c4-ab6fda0aa831,active,2025-12-04
a6b81a4e-a84f-542d-81ad-a86b03d4523f,59abda36-0470-5787-ba92-83984b1bc8d2,018fefc2-38fb-5f92-8391-2fe032547753,active,2026-02-05
b3217a4d-05c8-57c4-84a1-180422a5c5df,59abda36-0470-5787-ba92-83984b1bc8d2,69d2e248-598e-501c-a2eb-fb4fb8ccf487,active,2026-05-14
5da8f407-763a-5e7c-8ba2-03fcc32b16f8,c95fda60-e74c-5f91-85fc-9f3d4a990f67,0b4a6e3b-d5cd-5d10-87c4-ab6fda0aa831,active,2026-05-04
72b6211a-6a3c-502b-b617-e1f58d98b6c2,c95fda60-e74c-5f91-85fc-9f3d4a990f67,018fefc2-38fb-5f92-8391-2fe032547753,active,2025-12-26
bc3a9354-794d-530c-a943-817cbd82acf0,c95fda60-e74c-5f91-85fc-9f3d4a990f67,4b343160-5928-5bdb-83ef-2c0f9faba1dd,active,2026-01-12
646b7c83-35a4-524b-bb15-e3d56f0bbfde,c95fda60-e74c-5f91-85fc-9f3d4a990f67,fc407d89-26e4-55ce-a2dc-fdae931500f1,active,2025-12-11
b7383960-a3d4-5c68-92ee-75d22319171c,14c6fa13-c1bd-59a9-92fb-3d1ec0dea978,0b4a6e3b-d5cd-5d10-87c4-ab6fda0aa831,active,2025-12-10
149b0d78-2605-58e0-b674-108cc7be897a,14c6fa13-c1bd-59a9-92fb-3d1ec0dea978,018fefc2-38fb-5f92-8391-2fe032547753,active,2025-10-04
f048dd59-7b48-51ae-881f-1398a3a6527d,14c6fa13-c1bd-59a9-92fb-3d1ec0dea978,0a1506ca-ede6-548b-91b8-0730277089b0,active,2026-07-24
80638a35-b0a0-5e3e-b24d-ea9bb795a7bc,e0736f72-3f98-5bff-ba01-8a58f1c0b8a5,0b4a6e3b-d5cd-5d10-87c4-ab6fda0aa831,active,2026-04-07
97d90303-e11c-5689-89cd-c23a07e97e1c,e0736f72-3f98-5bff-ba01-8a58f1c0b8a5,018fefc2-38fb-5f92-8391-2fe032547753,active,2026-06-11
63eedace-710a-53f9-ac6d-68e9e5680cc9,e0736f72-3f98-5bff-ba01-8a58f1c0b8a5,69d2e248-598e-501c-a2eb-fb4fb8ccf487,active,2026-06-28
29e8ba8e-f085-536f-a0f5-677aedaa8139,e0736f72-3f98-5bff-ba01-8a58f1c0b8a5,9502494a-7b3f-5213-8df6-4e5e5e22101f,active,2026-05-07
f38fd633-4920-583c-b79e-c8a23e7aeb32,e0736f72-3f98-5bff-ba01-8a58f1c0b8a5,a9db23aa-1685-5f58-8beb-3c1c13702b6a,active,2026-08-01
2d84d983-5664-57f6-a7dd-2ae0e75747d7,e0736f72-3f98-5bff-ba01-8a58f1c0b8a5,0a1506ca-ede6-548b-91b8-0730277089b0,active,2026-04-10
f751b3b9-f29c-5801-8f55-f4e94ee542cf,e0736f72-3f98-5bff-ba01-8a58f1c0b8a5,868b1dbf-370d-5142-be8c-5a80dfad818d,active,2026-04-21
9869e45a-618d-5d80-a8cd-9c70e5b70bb1,e0736f72-3f98-5bff-ba01-8a58f1c0b8a5,fc407d89-26e4-55ce-a2dc-fdae931500f1,active,2026-05-20
b03e85a1-8432-587b-87dc-5cc022cb1736,b905c365-f86b-5e0a-bea2-7c14bea33ed5,0b4a6e3b-d5cd-5d10-87c4-ab6fda0aa831,active,2026-06-11
6d64637d-1364-5424-b292-4bdcffaeebb0,b905c365-f86b-5e0a-bea2-7c14bea33ed5,018fefc2-38fb-5f92-8391-2fe032547753,active,2026-01-06
35b81ce6-43ca-5556-9b4d-85ade6e6ee1f,b905c365-f86b-5e0a-bea2-7c14bea33ed5,a9db23aa-1685-5f58-8beb-3c1c13702b6a,active,2025-11-30
73f43108-ba19-5953-8995-3240364a2460,05ab51ed-f003-5289-bd9e-af9a503b5531,0b4a6e3b-d5cd-5d10-87c4-ab6fda0aa831,active,2026-07-27
563f771e-2549-5365-b41c-871af50ae03a,05ab51ed-f003-5289-bd9e-af9a503b5531,018fefc2-38fb-5f92-8391-2fe032547753,active,2026-07-07
2c66134d-27a3-5164-bf65-781d5424f798,05ab51ed-f003-5289-bd9e-af9a503b5531,0a1506ca-ede6-548b-91b8-0730277089b0,active,2026-07-20
dc88bb9c-ac7d-56f9-a053-f9a99f67bfcf,05ab51ed-f003-5289-bd9e-af9a503b5531,9502494a-7b3f-5213-8df6-4e5e5e22101f,inactive,2026-01-01
1d60d5d9-2d2f-5edd-bf60-aade21fd012f,05ab51ed-f003-5289-bd9e-af9a503b5531,a9db23aa-1685-5f58-8beb-3c1c13702b6a,inactive,2026-04-21
26c94d93-26ae-58a7-a55c-bb6028391a62,3fb91aa2-a34c-52ce-af0c-7d60ea25185f,0b4a6e3b-d5cd-5d10-87c4-ab6fda0aa831,active,2025-10-04
f440ac7c-fed7-5a04-82e4-f3c2a7b7622b,3fb91aa2-a34c-52ce-af0c-7d60ea25185f,018fefc2-38fb-5f92-8391-2fe032547753,active,2025-12-27
6455577b-f9cb-5fd2-af9c-894597bb7e2c,3fb91aa2-a34c-52ce-af0c-7d60ea25185f,a9db23aa-1685-5f58-8beb-3c1c13702b6a,pending,2026-03-13
87a52420-b018-5647-b1b9-b19f8632193e,3fb91aa2-a34c-52ce-af0c-7d60ea25185f,9502494a-7b3f-5213-8df6-4e5e5e22101f,pending,2025-12-15
6d984c94-cae3-57a1-8d4a-f16b04f6031f,e6c8ca77-9637-5d02-bdf5-bef9cbdacddf,0b4a6e3b-d5cd-5d10-87c4-ab6fda0aa831,active,2026-01-16
58330536-b8a6-511b-8998-060dc15874c7,e6c8ca77-9637-5d02-bdf5-bef9cbdacddf,018fefc2-38fb-5f92-8391-2fe032547753,active,2025-09-15
017d9c26-d749-5a8c-b575-ab2d106d0b86,e6c8ca77-9637-5d02-bdf5-bef9cbdacddf,4b343160-5928-5bdb-83ef-2c0f9faba1dd,active,2026-05-01
536e2756-4b53-554d-9357-97f0d0de13fd,e6c8ca77-9637-5d02-bdf5-bef9cbdacddf,69d2e248-598e-501c-a2eb-fb4fb8ccf487,active,2026-08-01
ed5f4494-bf3e-59a9-9b55-e4c66e4e3fdd,e6c8ca77-9637-5d02-bdf5-bef9cbdacddf,fc407d89-26e4-55ce-a2dc-fdae931500f1,inactive,2026-04-17
c90db977-5777-56e4-ab84-a35e2eeb91cd,e6c8ca77-9637-5d02-bdf5-bef9cbdacddf,9502494a-7b3f-5213-8df6-4e5e5e22101f,active,2026-04-11
804f1bc0-affa-5751-98d6-2b122675cb23,990fee4b-799d-57ff-9802-5d21446e3a84,0b4a6e3b-d5cd-5d10-87c4-ab6fda0aa831,inactive,2026-02-25
b0846d98-be12-5440-b602-7f878dd5df93,990fee4b-799d-57ff-9802-5d21446e3a84,018fefc2-38fb-5f92-8391-2fe032547753,active,2025-11-02
8dbd42b8-5ad9-5668-9783-624e413907a1,990fee4b-799d-57ff-9802-5d21446e3a84,4b343160-5928-5bdb-83ef-2c0f9faba1dd,active,2026-05-05
b3570ff0-d5b5-568d-8bb8-9558aaf909a2,d2575666-d842-5fba-9e7b-b26a2594f484,0b4a6e3b-d5cd-5d10-87c4-ab6fda0aa831,active,2025-10-23
2f7bc1c3-75c5-5032-abb3-389422a44d07,d2575666-d842-5fba-9e7b-b26a2594f484,018fefc2-38fb-5f92-8391-2fe032547753,active,2025-09-23
75c9605e-c3e3-5648-afbe-ca0f934f0ea6,d2575666-d842-5fba-9e7b-b26a2594f484,868b1dbf-370d-5142-be8c-5a80dfad818d,active,2026-01-20
44f7f53b-27a7-51d8-97ae-127f35852adc,d2575666-d842-5fba-9e7b-b26a2594f484,9502494a-7b3f-5213-8df6-4e5e5e22101f,pending,2026-03-16
43b22b59-8953-5c6d-843a-a596d871c569,d2575666-d842-5fba-9e7b-b26a2594f484,4b343160-5928-5bdb-83ef-2c0f9faba1dd,pending,2026-01-19
51d50a73-5957-55cf-a030-68689416b04f,d2575666-d842-5fba-9e7b-b26a2594f484,0a1506ca-ede6-548b-91b8-0730277089b0,pending,2026-08-15
92cea33f-4f52-5d51-8737-de7497e36487,e3e10a9f-b1a4-5603-a96e-9b2afdca93f1,0b4a6e3b-d5cd-5d10-87c4-ab6fda0aa831,inactive,2026-02-13
43442e87-1646-532c-852e-34da14166be4,e3e10a9f-b1a4-5603-a96e-9b2afdca93f1,018fefc2-38fb-5f92-8391-2fe032547753,active,2026-06-16
2c0fc989-50a0-540b-bb84-fe3fdee148f6,e3e10a9f-b1a4-5603-a96e-9b2afdca93f1,9502494a-7b3f-5213-8df6-4e5e5e22101f,active,2026-08-10
9628cb8a-a8d1-5f57-9dfa-b34f7d05393c,e3e10a9f-b1a4-5603-a96e-9b2afdca93f1,f080ca1b-6cb2-5242-98ed-4612ac098b94,active,2026-07-22
a9e0c4a9-9751-5f7d-b20b-98565f716cd9,e3e10a9f-b1a4-5603-a96e-9b2afdca93f1,0a1506ca-ede6-548b-91b8-0730277089b0,active,2026-02-11
97a99c38-86b8-5f55-a39a-07db73f1ea7f,e3e10a9f-b1a4-5603-a96e-9b2afdca93f1,868b1dbf-370d-5142-be8c-5a80dfad818d,active,2026-07-23
417a2321-eadd-57e1-981f-47a47cf400b7,d05d6123-7a3c-52ac-9c68-fa1fd385e75f,0b4a6e3b-d5cd-5d10-87c4-ab6fda0aa831,inactive,2026-04-18
ffb335fb-4e1c-5443-9f43-56af12403084,d05d6123-7a3c-52ac-9c68-fa1fd385e75f,018fefc2-38fb-5f92-8391-2fe032547753,active,2026-08-24
2e33f96f-3ebe-5048-adcd-922c94faec12,d05d6123-7a3c-52ac-9c68-fa1fd385e75f,fc407d89-26e4-55ce-a2dc-fdae931500f1,active,2025-12-25
c441a45f-9bbc-5e8f-9432-a5a31287fc65,d05d6123-7a3c-52ac-9c68-fa1fd385e75f,a9db23aa-1685-5f58-8beb-3c1c13702b6a,active,2026-08-24
4eabf346-8ffd-55ae-bce2-f9cf84c0c037,d05d6123-7a3c-52ac-9c68-fa1fd385e75f,4b343160-5928-5bdb-83ef-2c0f9faba1dd,active,2026-08-29
46cfc134-cc7e-5522-8041-e7274264cf81,d05d6123-7a3c-52ac-9c68-fa1fd385e75f,868b1dbf-370d-5142-be8c-5a80dfad818d,active,2026-03-19
6529d88a-d59f-5ba1-bbe5-e1d00ef661fc,d05d6123-7a3c-52ac-9c68-fa1fd385e75f,69d2e248-598e-501c-a2eb-fb4fb8ccf487,active,2026-08-01
674be8d5-8309-57c7-a39f-006ed1eab1b2,d05d6123-7a3c-52ac-9c68-fa1fd385e75f,9502494a-7b3f-5213-8df6-4e5e5e22101f,active,2026-03-12
2ee04730-8f99-59d1-b93f-df28d2e6fbf3,70f17f48-acc4-50c5-bd20-0d29e9d8c5c6,0b4a6e3b-d5cd-5d10-87c4-ab6fda0aa831,active,2026-05-14
a61ed46c-b0f8-55b7-8d8a-97f07356c31c,70f17f48-acc4-50c5-bd20-0d29e9d8c5c6,018fefc2-38fb-5f92-8391-2fe032547753,active,2025-10-11
956166ab-bfe8-5a8d-8b97-b6d2cf6c5d34,70f17f48-acc4-50c5-bd20-0d29e9d8c5c6,f080ca1b-6cb2-5242-98ed-4612ac098b94,active,2025-10-11
15587026-fab9-594a-9cfa-112d374db62d,70f17f48-acc4-50c5-bd20-0d29e9d8c5c6,868b1dbf-370d-5142-be8c-5a80dfad818d,active,2026-03-17
9bb01c9e-bc5c-5bb2-8f44-4aa892c5053f,70f17f48-acc4-50c5-bd20-0d29e9d8c5c6,a9db23aa-1685-5f58-8beb-3c1c13702b6a,active,2026-02-22
3dcb8f8f-715c-5ab6-ab88-99ea32b7d5cc,70f17f48-acc4-50c5-bd20-0d29e9d8c5c6,9502494a-7b3f-5213-8df6-4e5e5e22101f,active,2025-10-26
0bee50a2-9d5e-5e2d-884d-c210f02c9808,70f17f48-acc4-50c5-bd20-0d29e9d8c5c6,4b343160-5928-5bdb-83ef-2c0f9faba1dd,active,2025-12-25
7e7ad485-eb28-5849-b35c-cea7186471bd,70f17f48-acc4-50c5-bd20-0d29e9d8c5c6,0a1506ca-ede6-548b-91b8-0730277089b0,active,2026-03-01
10d1d8b9-1ee0-522b-91fe-69d686a7a022,fd067d0c-8fd4-5410-8066-cb1d1995363d,0b4a6e3b-d5cd-5d10-87c4-ab6fda0aa831,active,2026-02-04
22fa0ec8-ceff-5872-a1be-23a3ce206a62,fd067d0c-8fd4-5410-8066-cb1d1995363d,018fefc2-38fb-5f92-8391-2fe032547753,active,2026-05-21
8e57a505-636a-563d-b7df-dd895e1e59e1,fd067d0c-8fd4-5410-8066-cb1d1995363d,0a1506ca-ede6-548b-91b8-0730277089b0,active,2026-02-12
04f1077f-3a05-530c-9916-59ed2a0fd9a0,fd067d0c-8fd4-5410-8066-cb1d1995363d,9502494a-7b3f-5213-8df6-4e5e5e22101f,pending,2026-07-28
6220ecbc-fff5-56f5-a1dc-665541fbd070,fd067d0c-8fd4-5410-8066-cb1d1995363d,868b1dbf-370d-5142-be8c-5a80dfad818d,active,2026-02-09
35d8ddbe-c960-5ab3-af6c-1645bdb2bdf2,fd067d0c-8fd4-5410-8066-cb1d1995363d,a9db23aa-1685-5f58-8beb-3c1c13702b6a,active,2026-03-20
14886cdf-42ba-5c28-88c4-f048ca974c49,fd067d0c-8fd4-5410-8066-cb1d1995363d,69d2e248-598e-501c-a2eb-fb4fb8ccf487,active,2026-07-16
ec8ca22e-6450-566d-bb66-0878b68819eb,09df7e8b-c85e-5c27-bf69-3d07dd695adc,0b4a6e3b-d5cd-5d10-87c4-ab6fda0aa831,active,2026-01-22
4f55652f-156f-5874-a561-0348d0d35e77,09df7e8b-c85e-5c27-bf69-3d07dd695adc,018fefc2-38fb-5f92-8391-2fe032547753,active,2026-04-01
a0028ae2-7b48-555a-8ef4-953fc2ce9ed1,09df7e8b-c85e-5c27-bf69-3d07dd695adc,4b343160-5928-5bdb-83ef-2c0f9faba1dd,active,2026-06-08
753dad16-29f6-50ff-92e7-ad0884b9b1ea,9cbc5fcc-accd-5919-8d65-ef69530f9d78,0b4a6e3b-d5cd-5d10-87c4-ab6fda0aa831,active,2026-05-02
3d24ec86-e9f8-5b32-9bdd-10ba28f647d4,9cbc5fcc-accd-5919-8d65-ef69530f9d78,018fefc2-38fb-5f92-8391-2fe032547753,active,2026-02-10
ec4db95e-5a26-5f6e-9def-60ce4115f867,9cbc5fcc-accd-5919-8d65-ef69530f9d78,69d2e248-598e-501c-a2eb-fb4fb8ccf487,active,2026-06-17
4b8beb75-b14a-5f70-a528-801d868d3a7e,9cbc5fcc-accd-5919-8d65-ef69530f9d78,fc407d89-26e4-55ce-a2dc-fdae931500f1,pending,2026-07-10
2cf6135d-c3bd-5adb-8db7-0a41a2a38624,9cbc5fcc-accd-5919-8d65-ef69530f9d78,9502494a-7b3f-5213-8df6-4e5e5e22101f,pending,2025-11-11
563aa95d-4692-5b73-9080-13c545e266cc,9cbc5fcc-accd-5919-8d65-ef69530f9d78,f080ca1b-6cb2-5242-98ed-4612ac098b94,inactive,2025-10-01
b67fd19c-8c41-5511-b8fa-fe16cae004c2,9cbc5fcc-accd-5919-8d65-ef69530f9d78,4b343160-5928-5bdb-83ef-2c0f9faba1dd,pending,2026-02-06
8b9a2dfc-4ebf-592f-997e-9b18e638a210,5a440d1a-c729-5814-936e-eb4d31c3cc33,0b4a6e3b-d5cd-5d10-87c4-ab6fda0aa831,inactive,2026-04-03
01c2165f-c9d5-5d07-b209-7d278cdb30a6,5a440d1a-c729-5814-936e-eb4d31c3cc33,018fefc2-38fb-5f92-8391-2fe032547753,active,2025-11-17
8f722288-5af3-5e2d-8426-802b05a5ae94,5a440d1a-c729-5814-936e-eb4d31c3cc33,fc407d89-26e4-55ce-a2dc-fdae931500f1,active,2025-11-05
21216775-fc53-5f6f-923b-57c66006249d,5a440d1a-c729-5814-936e-eb4d31c3cc33,0a1506ca-ede6-548b-91b8-0730277089b0,active,2026-07-18
2e522bb5-e5ea-5d48-aa99-887196e718a1,5a440d1a-c729-5814-936e-eb4d31c3cc33,f080ca1b-6cb2-5242-98ed-4612ac098b94,active,2025-11-26
ec95fc93-b7c8-5ce0-8086-a658b4b24ccd,5a440d1a-c729-5814-936e-eb4d31c3cc33,69d2e248-598e-501c-a2eb-fb4fb8ccf487,active,2026-01-18
c7e8616b-aaa0-5062-8553-2b0640fe27a9,b8fd51fa-c886-5d3b-a84b-818d7abc44dd,0b4a6e3b-d5cd-5d10-87c4-ab6fda0aa831,active,2026-07-12
b78fb95c-b513-5d4a-a1cf-2f4bf0f367ab,b8fd51fa-c886-5d3b-a84b-818d7abc44dd,018fefc2-38fb-5f92-8391-2fe032547753,active,2026-08-02
4dc007b2-59b1-5eb0-b2ab-8284d1b05894,b8fd51fa-c886-5d3b-a84b-818d7abc44dd,868b1dbf-370d-5142-be8c-5a80dfad818d,active,2026-05-02
1bcc6649-2d48-5d59-a9a8-bf7462f53c2b,a7ea437b-27e5-5be1-9b9c-210a5746e9d4,0b4a6e3b-d5cd-5d10-87c4-ab6fda0aa831,active,2026-07-21
41fbd1bb-738e-5500-a900-4f22cfbebc26,a7ea437b-27e5-5be1-9b9c-210a5746e9d4,018fefc2-38fb-5f92-8391-2fe032547753,active,2026-07-29
8579a6f2-1b93-5fca-9397-67f31a1409db,a7ea437b-27e5-5be1-9b9c-210a5746e9d4,a9db23aa-1685-5f58-8beb-3c1c13702b6a,active,2026-03-22
80aa381f-40e9-502b-b52f-5d8c84fb231e,a7ea437b-27e5-5be1-9b9c-210a5746e9d4,fc407d89-26e4-55ce-a2dc-fdae931500f1,active,2026-06-11
7576581c-13e5-5599-b3de-6d4389c035e5,a7ea437b-27e5-5be1-9b9c-210a5746e9d4,69d2e248-598e-501c-a2eb-fb4fb8ccf487,active,2026-05-01
8cf8aaab-5982-5ebd-acc3-4bb90575e913,a7ea437b-27e5-5be1-9b9c-210a5746e9d4,4b343160-5928-5bdb-83ef-2c0f9faba1dd,active,2025-09-08
0017b60b-403c-5b58-9ba4-5862bc4f946d,a7ea437b-27e5-5be1-9b9c-210a5746e9d4,868b1dbf-370d-5142-be8c-5a80dfad818d,active,2026-07-03
5cff586b-5128-5634-9e37-e09b349df5f4,a7ea437b-27e5-5be1-9b9c-210a5746e9d4,f080ca1b-6cb2-5242-98ed-4612ac098b94,active,2026-05-27
931c4a62-7a33-5cd8-9a7e-580656b2fc4d,d25fbda9-6849-5cd9-9830-5e63aae77bb1,0b4a6e3b-d5cd-5d10-87c4-ab6fda0aa831,active,2025-09-02
a91f73a8-3d37-5c2a-9522-647c76f0020b,d25fbda9-6849-5cd9-9830-5e63aae77bb1,018fefc2-38fb-5f92-8391-2fe032547753,active,2026-04-23
fcc4b138-d8b8-57f1-9b4b-8e17bd4727c4,d25fbda9-6849-5cd9-9830-5e63aae77bb1,0a1506ca-ede6-548b-91b8-0730277089b0,active,2026-03-07
8d79a418-c67d-57a7-8a6c-fbc977d80213,d25fbda9-6849-5cd9-9830-5e63aae77bb1,a9db23aa-1685-5f58-8beb-3c1c13702b6a,active,2026-05-17
c697d4bc-02c1-565b-bce9-d19a257425d1,807a43a9-ece0-5e10-9ebc-cc0a150d7928,0b4a6e3b-d5cd-5d10-87c4-ab6fda0aa831,inactive,2025-10-09
65194ebc-d780-5334-968a-a7c1e83bb5f4,807a43a9-ece0-5e10-9ebc-cc0a150d7928,018fefc2-38fb-5f92-8391-2fe032547753,active,2025-12-03
fbf64641-c121-5bf5-914b-891712b93623,807a43a9-ece0-5e10-9ebc-cc0a150d7928,f080ca1b-6cb2-5242-98ed-4612ac098b94,inactive,2026-03-10
2b661bf9-c510-5325-9a07-44f39f91ce5c,807a43a9-ece0-5e10-9ebc-cc0a150d7928,fc407d89-26e4-55ce-a2dc-fdae931500f1,active,2026-01-28
13730248-d40f-5e4d-9ac0-00a8e4d46fb2,c0432633-3ed4-5a76-8ac4-6bbf2c84362e,0b4a6e3b-d5cd-5d10-87c4-ab6fda0aa831,active,2025-11-17
6b1aa4d7-f51a-5582-8542-a333d73742c4,c0432633-3ed4-5a76-8ac4-6bbf2c84362e,018fefc2-38fb-5f92-8391-2fe032547753,active,2026-04-15
08d8b61e-2068-5d0e-9629-da268bf58b63,c0432633-3ed4-5a76-8ac4-6bbf2c84362e,868b1dbf-370d-5142-be8c-5a80dfad818d,active,2026-07-07
7fdd6be3-080f-5ab2-90e2-3b8eef9c6b54,c2d2722b-2c85-5252-99d7-1c2718256d74,0b4a6e3b-d5cd-5d10-87c4-ab6fda0aa831,active,2026-02-26
1af7b8bf-5355-5a91-8c4a-4f4a6ef92a65,c2d2722b-2c85-5252-99d7-1c2718256d74,018fefc2-38fb-5f92-8391-2fe032547753,active,2026-02-19
feb3e37c-719b-53e2-8064-43594e44654c,c2d2722b-2c85-5252-99d7-1c2718256d74,4b343160-5928-5bdb-83ef-2c0f9faba1dd,inactive,2026-01-09
4db17446-043f-5427-958d-5603a9b84be4,c2d2722b-2c85-5252-99d7-1c2718256d74,f080ca1b-6cb2-5242-98ed-4612ac098b94,active,2026-05-09
8510b1b6-1dd3-5104-a3b1-dd60351e1fcb,c2d2722b-2c85-5252-99d7-1c2718256d74,fc407d89-26e4-55ce-a2dc-fdae931500f1,active,2025-11-14
92d090c9-3c20-5a8a-b051-a83ac5b08933,1e75c99a-f5b4-5f5c-98dc-682b646a8bec,0b4a6e3b-d5cd-5d10-87c4-ab6fda0aa831,active,2026-01-15
920949c2-dae2-52cc-a825-4a59b8a117df,1e75c99a-f5b4-5f5c-98dc-682b646a8bec,018fefc2-38fb-5f92-8391-2fe032547753,active,2025-10-09
1f6dd77c-2a84-5bc5-81ba-ebbd43e681f9,1e75c99a-f5b4-5f5c-98dc-682b646a8bec,9502494a-7b3f-5213-8df6-4e5e5e22101f,active,2026-08-10
c6449b61-a6fa-5a3f-8fbd-9c749e3e0d42,1e75c99a-f5b4-5f5c-98dc-682b646a8bec,a9db23aa-1685-5f58-8beb-3c1c13702b6a,inactive,2026-08-07
cca69a88-8af6-545f-b50e-ecd30eed63b7,1e75c99a-f5b4-5f5c-98dc-682b646a8bec,0a1506ca-ede6-548b-91b8-0730277089b0,active,2025-10-11
e1455f39-6cbc-593d-a357-2d2ed4bad440,1e75c99a-f5b4-5f5c-98dc-682b646a8bec,fc407d89-26e4-55ce-a2dc-fdae931500f1,active,2026-04-17
2ae811b9-96f1-5a79-b148-cce5a9f7d685,1e75c99a-f5b4-5f5c-98dc-682b646a8bec,f080ca1b-6cb2-5242-98ed-4612ac098b94,active,2026-07-10
12d61dfd-729a-5bb4-8af8-13cb54213b76,1e75c99a-f5b4-5f5c-98dc-682b646a8bec,69d2e248-598e-501c-a2eb-fb4fb8ccf487,active,2025-12-09
537866f2-6985-5de3-9b8e-3eee49f51d97,86bd3fa3-7366-5f97-a4e2-403c1d002ac3,0b4a6e3b-d5cd-5d10-87c4-ab6fda0aa831,active,2026-06-06
d5d5a2e9-7e9c-5657-bd13-6959fdca6de9,86bd3fa3-7366-5f97-a4e2-403c1d002ac3,018fefc2-38fb-5f92-8391-2fe032547753,active,2026-04-18
6625e09d-3576-56c1-86d7-49755cce09c9,86bd3fa3-7366-5f97-a4e2-403c1d002ac3,69d2e248-598e-501c-a2eb-fb4fb8ccf487,active,2025-10-27
7d01080a-f34b-5c2d-8d3c-06579b0c6c09,86bd3fa3-7366-5f97-a4e2-403c1d002ac3,0a1506ca-ede6-548b-91b8-0730277089b0,active,2025-10-17
c2770226-a242-51d4-959f-b021d67f7a92,1a2cc6bd-3f5c-5b1d-bf24-5f67f32471d9,0b4a6e3b-d5cd-5d10-87c4-ab6fda0aa831,active,2025-10-14
9b45b170-43d7-5baf-b004-b822c837ef9b,1a2cc6bd-3f5c-5b1d-bf24-5f67f32471d9,018fefc2-38fb-5f92-8391-2fe032547753,active,2026-03-03
a025bdb3-d7c6-5b87-a48b-0557230e9ef4,1a2cc6bd-3f5c-5b1d-bf24-5f67f32471d9,69d2e248-598e-501c-a2eb-fb4fb8ccf487,active,2026-04-22
84f689d8-7efc-5cd2-afef-e16c5cffa7e5,1a2cc6bd-3f5c-5b1d-bf24-5f67f32471d9,4b343160-5928-5bdb-83ef-2c0f9faba1dd,active,2026-05-14
6eebde57-eb0d-522c-b324-7bd9fc780977,1a2cc6bd-3f5c-5b1d-bf24-5f67f32471d9,f080ca1b-6cb2-5242-98ed-4612ac098b94,active,2025-12-22
b00b8f66-bcec-56c7-bdeb-9fc31e41989a,1a2cc6bd-3f5c-5b1d-bf24-5f67f32471d9,9502494a-7b3f-5213-8df6-4e5e5e22101f,active,2026-01-06
9374db0b-0a86-5883-8baa-97ab8252831d,1a2cc6bd-3f5c-5b1d-bf24-5f67f32471d9,fc407d89-26e4-55ce-a2dc-fdae931500f1,active,2025-10-06
30ebeb19-4184-5d23-8317-6f7064fde96b,1a2cc6bd-3f5c-5b1d-bf24-5f67f32471d9,868b1dbf-370d-5142-be8c-5a80dfad818d,active,2025-12-19
ffebdf47-3914-5c9e-992c-6058d318017b,484ba53a-36fd-5a3a-b59e-47356ae6712a,0b4a6e3b-d5cd-5d10-87c4-ab6fda0aa831,active,2025-10-06
a7609068-c44a-5242-853d-3cdb462c108b,484ba53a-36fd-5a3a-b59e-47356ae6712a,018fefc2-38fb-5f92-8391-2fe032547753,active,2025-12-20
c00e1f09-55cd-5e92-8372-9e6e2f7a0582,484ba53a-36fd-5a3a-b59e-47356ae6712a,0a1506ca-ede6-548b-91b8-0730277089b0,active,2026-06-12
174af101-5e12-5422-a037-aefa82739d9c,484ba53a-36fd-5a3a-b59e-47356ae6712a,a9db23aa-1685-5f58-8beb-3c1c13702b6a,active,2026-05-25
258962ca-5175-57ec-b7ba-b9a2ba14fe76,10e84674-d1d3-5583-8db7-b3a495a4c3c0,0b4a6e3b-d5cd-5d10-87c4-ab6fda0aa831,active,2026-06-04
f8a0e81f-7411-5dca-82a3-da3e36fe7269,10e84674-d1d3-5583-8db7-b3a495a4c3c0,018fefc2-38fb-5f92-8391-2fe032547753,active,2026-05-13
8b421f87-fb3c-5410-be5f-4e93aef10703,10e84674-d1d3-5583-8db7-b3a495a4c3c0,4b343160-5928-5bdb-83ef-2c0f9faba1dd,inactive,2026-01-08
c42e3755-7189-5e3c-b6da-f7eab3cbb254,10e84674-d1d3-5583-8db7-b3a495a4c3c0,fc407d89-26e4-55ce-a2dc-fdae931500f1,pending,2026-07-22
f6ee61a1-dffe-5000-a11b-b14c07ce83c6,10e84674-d1d3-5583-8db7-b3a495a4c3c0,f080ca1b-6cb2-5242-98ed-4612ac098b94,active,2026-04-13
1fb588ec-57ad-5841-b80b-389edbd69b5d,10e84674-d1d3-5583-8db7-b3a495a4c3c0,a9db23aa-1685-5f58-8beb-3c1c13702b6a,active,2026-07-01
9966b6b9-5105-5396-9ef5-9f8eea3439a0,c81d4867-79db-551f-98a1-4f7363565723,0b4a6e3b-d5cd-5d10-87c4-ab6fda0aa831,active,2026-01-10
4cf85e4b-ccdf-5b6c-b5a1-a2dafd0080fa,c81d4867-79db-551f-98a1-4f7363565723,018fefc2-38fb-5f92-8391-2fe032547753,active,2026-03-08
29af153b-6d3d-52ad-a3b4-6e440f4bc6fb,c81d4867-79db-551f-98a1-4f7363565723,0a1506ca-ede6-548b-91b8-0730277089b0,active,2026-04-08
98de76dc-1b8e-5fce-8629-cf68c49fedf8,c81d4867-79db-551f-98a1-4f7363565723,9502494a-7b3f-5213-8df6-4e5e5e22101f,active,2026-07-08
2247b108-4f13-518a-8306-557244967833,c81d4867-79db-551f-98a1-4f7363565723,fc407d89-26e4-55ce-a2dc-fdae931500f1,active,2025-10-24
c4326b82-5abc-54a0-a382-a450e5f47b1e,c81d4867-79db-551f-98a1-4f7363565723,868b1dbf-370d-5142-be8c-5a80dfad818d,active,2026-05-29
bc7d79dc-475f-5582-b55b-cababeb6c30c,8f90220a-79b9-5c81-afee-4203687c653b,0b4a6e3b-d5cd-5d10-87c4-ab6fda0aa831,active,2026-01-21
000ad47e-71c4-55cb-85c8-fec420aba039,8f90220a-79b9-5c81-afee-4203687c653b,018fefc2-38fb-5f92-8391-2fe032547753,active,2025-10-02
a3d4bb2c-850a-5179-bae5-a461fb11b1fe,8f90220a-79b9-5c81-afee-4203687c653b,f080ca1b-6cb2-5242-98ed-4612ac098b94,active,2025-10-08
2406edfa-1f61-5a89-9658-e55706410784,8f90220a-79b9-5c81-afee-4203687c653b,868b1dbf-370d-5142-be8c-5a80dfad818d,active,2025-11-22
e6121b97-0bee-5d9e-90cc-f527b5f36b4a,5ec11051-213d-5a94-8bcc-56917ec357ad,0b4a6e3b-d5cd-5d10-87c4-ab6fda0aa831,active,2025-09-05
096f76c1-1653-5d8f-b299-0dca611dbece,5ec11051-213d-5a94-8bcc-56917ec357ad,018fefc2-38fb-5f92-8391-2fe032547753,active,2026-01-03
f4798c2c-59fd-539b-9057-8a4af3bf6883,5ec11051-213d-5a94-8bcc-56917ec357ad,4b343160-5928-5bdb-83ef-2c0f9faba1dd,active,2025-10-12
dd3268b8-59cf-5266-90fa-f467142dd278,5ec11051-213d-5a94-8bcc-56917ec357ad,fc407d89-26e4-55ce-a2dc-fdae931500f1,active,2026-04-23
d4290083-dff1-5f55-a1f5-6d01258843ef,8721fe4c-9abb-5bbc-9308-634bc16bf8ef,0b4a6e3b-d5cd-5d10-87c4-ab6fda0aa831,active,2026-07-10
9f2c6738-0f57-5c7b-bc53-413813b68050,8721fe4c-9abb-5bbc-9308-634bc16bf8ef,018fefc2-38fb-5f92-8391-2fe032547753,pending,2026-05-25
b0240ced-cfb0-5cc1-85df-4ffe454b325d,8721fe4c-9abb-5bbc-9308-634bc16bf8ef,4b343160-5928-5bdb-83ef-2c0f9faba1dd,inactive,2026-04-20
94782f09-a3bc-5e0f-8ec7-ba80614922c5,8721fe4c-9abb-5bbc-9308-634bc16bf8ef,f080ca1b-6cb2-5242-98ed-4612ac098b94,active,2026-02-14
96fda05a-bf4e-5750-b3a4-8ef0fc3524e8,8721fe4c-9abb-5bbc-9308-634bc16bf8ef,0a1506ca-ede6-548b-91b8-0730277089b0,active,2025-09-23
62d75ddc-4511-5da2-b2e1-c8593a3761cd,8721fe4c-9abb-5bbc-9308-634bc16bf8ef,a9db23aa-1685-5f58-8beb-3c1c13702b6a,active,2026-06-08
c30ae8f6-97da-591f-ba09-1189888680ba,8721fe4c-9abb-5bbc-9308-634bc16bf8ef,69d2e248-598e-501c-a2eb-fb4fb8ccf487,active,2025-12-26
5578d422-549d-5147-835d-b129a14ba72e,8721fe4c-9abb-5bbc-9308-634bc16bf8ef,868b1dbf-370d-5142-be8c-5a80dfad818d,active,2025-11-11
d4de94be-e2fb-55a5-8b18-1142ed8820a4,e8d5f432-ef73-56b9-8a4a-ae65b1fd35bc,0b4a6e3b-d5cd-5d10-87c4-ab6fda0aa831,active,2026-02-24
efa18c51-7c2d-5c8c-8490-61400a44ad5a,e8d5f432-ef73-56b9-8a4a-ae65b1fd35bc,018fefc2-38fb-5f92-8391-2fe032547753,active,2026-06-03
25505fcc-3315-5da2-b0f5-9c69bf69a0c6,e8d5f432-ef73-56b9-8a4a-ae65b1fd35bc,4b343160-5928-5bdb-83ef-2c0f9faba1dd,active,2025-10-17
6b3364c6-6881-50ae-86a1-edeaaacb6c7b,e8d5f432-ef73-56b9-8a4a-ae65b1fd35bc,9502494a-7b3f-5213-8df6-4e5e5e22101f,pending,2026-05-22
0f31b0f9-e126-550a-a104-9210b52a1f8f,e8d5f432-ef73-56b9-8a4a-ae65b1fd35bc,fc407d89-26e4-55ce-a2dc-fdae931500f1,active,2025-09-06
ebfb5d9f-48d3-55b5-8739-837cba3014f6,e8d5f432-ef73-56b9-8a4a-ae65b1fd35bc,a9db23aa-1685-5f58-8beb-3c1c13702b6a,active,2026-01-19
36a10809-b1d1-51a8-94ef-0cd45be424a3,e8d5f432-ef73-56b9-8a4a-ae65b1fd35bc,69d2e248-598e-501c-a2eb-fb4fb8ccf487,active,2025-12-24
23039eaf-ad52-51e6-a15e-3b3b49fec5d4,e8d5f432-ef73-56b9-8a4a-ae65b1fd35bc,f080ca1b-6cb2-5242-98ed-4612ac098b94,active,2026-02-04
83ef5ce8-b163-52f3-939e-3014b24c74a6,82824dbc-6208-5264-a375-813636473ac9,0b4a6e3b-d5cd-5d10-87c4-ab6fda0aa831,pending,2026-07-03
4d8d26e4-fca3-504e-9d6e-9fe22bdae0bd,82824dbc-6208-5264-a375-813636473ac9,018fefc2-38fb-5f92-8391-2fe032547753,active,2026-04-28
0910b0fb-7ea1-5589-b267-7fcae59e11de,82824dbc-6208-5264-a375-813636473ac9,fc407d89-26e4-55ce-a2dc-fdae931500f1,inactive,2026-01-17
8297edb9-0d17-5855-9006-9ecc48f53931,82824dbc-6208-5264-a375-813636473ac9,0a1506ca-ede6-548b-91b8-0730277089b0,active,2026-03-17
8a609c17-67b6-5690-ba24-f11e06ac8b78,82824dbc-6208-5264-a375-813636473ac9,4b343160-5928-5bdb-83ef-2c0f9faba1dd,pending,2026-01-23
8b5bfcc3-4412-5645-af1b-00fd9c215daf,82824dbc-6208-5264-a375-813636473ac9,f080ca1b-6cb2-5242-98ed-4612ac098b94,active,2026-04-09
c5e6e8f8-0721-5e7a-a2b3-dc22fcd9b45a,0ca10268-9c2f-5640-a7e2-d77c2f3c0c04,0b4a6e3b-d5cd-5d10-87c4-ab6fda0aa831,active,2026-04-03
578ce1a6-b8f6-5f1f-86df-ef81e4343d3b,0ca10268-9c2f-5640-a7e2-d77c2f3c0c04,018fefc2-38fb-5f92-8391-2fe032547753,active,2026-01-08
1a2d4659-8093-5be8-857c-454546232363,0ca10268-9c2f-5640-a7e2-d77c2f3c0c04,4b343160-5928-5bdb-83ef-2c0f9faba1dd,active,2025-10-15
6b4a7be5-156c-53b3-a852-31bb5c96a757,0ca10268-9c2f-5640-a7e2-d77c2f3c0c04,a9db23aa-1685-5f58-8beb-3c1c13702b6a,active,2026-05-14
78e69ead-4a49-5829-8fef-391237e48afa,0ca10268-9c2f-5640-a7e2-d77c2f3c0c04,fc407d89-26e4-55ce-a2dc-fdae931500f1,active,2026-01-25
96ed229a-ffe6-577f-8b38-290084067a5d,0ca10268-9c2f-5640-a7e2-d77c2f3c0c04,9502494a-7b3f-5213-8df6-4e5e5e22101f,active,2026-01-25
37fcd5bf-f18a-574c-bca1-6a490972e914,0ca10268-9c2f-5640-a7e2-d77c2f3c0c04,f080ca1b-6cb2-5242-98ed-4612ac098b94,active,2025-09-30
350369f5-3768-5024-aaef-4f8048bb28d9,0ca10268-9c2f-5640-a7e2-d77c2f3c0c04,0a1506ca-ede6-548b-91b8-0730277089b0,active,2025-10-01
7f54700c-464b-5ee7-8801-56f4e855b887,7ecce1e2-8662-561b-890f-c60db099bd1c,0b4a6e3b-d5cd-5d10-87c4-ab6fda0aa831,active,2025-12-24
2b1d8c11-c4ba-5193-904b-95356738f87d,7ecce1e2-8662-561b-890f-c60db099bd1c,018fefc2-38fb-5f92-8391-2fe032547753,active,2026-05-16
bf03ae01-f772-5c8d-90b1-96b9729ad4f1,7ecce1e2-8662-561b-890f-c60db099bd1c,9502494a-7b3f-5213-8df6-4e5e5e22101f,active,2026-02-25
33f42551-fa6a-5140-9a43-1e0e2fdce264,c88b8f22-575e-5684-b991-cad56d0f1297,0b4a6e3b-d5cd-5d10-87c4-ab6fda0aa831,active,2026-03-25
aa62a645-de6d-5e24-81a5-ad8a8d4d770e,c88b8f22-575e-5684-b991-cad56d0f1297,018fefc2-38fb-5f92-8391-2fe032547753,active,2026-03-08
08d2529d-6b0c-59b4-8514-a1458f2b3951,c88b8f22-575e-5684-b991-cad56d0f1297,69d2e248-598e-501c-a2eb-fb4fb8ccf487,inactive,2025-11-24
7af40812-f12e-5c9b-990c-8297d628ba21,03729a66-4f85-5ce7-a0a2-64b80dfb94f7,0b4a6e3b-d5cd-5d10-87c4-ab6fda0aa831,active,2026-05-15
62d5af4e-29aa-598f-ab7b-93ab545a9a2a,03729a66-4f85-5ce7-a0a2-64b80dfb94f7,018fefc2-38fb-5f92-8391-2fe032547753,pending,2026-02-19
d422aa55-9e6b-5239-88f8-ab0bd8e7c6b9,03729a66-4f85-5ce7-a0a2-64b80dfb94f7,fc407d89-26e4-55ce-a2dc-fdae931500f1,active,2026-04-19
7e42f786-f594-55f2-9e44-907898df5d62,03729a66-4f85-5ce7-a0a2-64b80dfb94f7,4b343160-5928-5bdb-83ef-2c0f9faba1dd,active,2025-12-29
d656d976-6b8a-5053-822a-028ae2351dcf,03729a66-4f85-5ce7-a0a2-64b80dfb94f7,a9db23aa-1685-5f58-8beb-3c1c13702b6a,active,2026-02-12
1949e1a5-feed-57ed-bb63-4874a5bd8957,32e6d130-f7e0-54cd-bba3-6c9d8057d4e0,0b4a6e3b-d5cd-5d10-87c4-ab6fda0aa831,active,2026-02-27
9a4b9a18-890c-5155-b1de-0140bdd070be,32e6d130-f7e0-54cd-bba3-6c9d8057d4e0,018fefc2-38fb-5f92-8391-2fe032547753,active,2025-11-21
fe91955c-81d7-58c9-84f2-ab9197894e8d,32e6d130-f7e0-54cd-bba3-6c9d8057d4e0,9502494a-7b3f-5213-8df6-4e5e5e22101f,active,2026-06-13
a9a8cbee-9798-57bd-89ab-a798052696d9,32e6d130-f7e0-54cd-bba3-6c9d8057d4e0,69d2e248-598e-501c-a2eb-fb4fb8ccf487,pending,2025-09-08
d66e25b3-0e51-5668-a189-42801112a5d7,32e6d130-f7e0-54cd-bba3-6c9d8057d4e0,fc407d89-26e4-55ce-a2dc-fdae931500f1,inactive,2025-12-21
dab7adaf-2090-501a-9abb-8cc32143c998,32e6d130-f7e0-54cd-bba3-6c9d8057d4e0,868b1dbf-370d-5142-be8c-5a80dfad818d,active,2026-04-11
d6dfee8d-88f5-567a-a871-8c6192f88606,32e6d130-f7e0-54cd-bba3-6c9d8057d4e0,0a1506ca-ede6-548b-91b8-0730277089b0,inactive,2026-02-19
e3ff2958-1c5e-5243-a54a-b47d51f51208,54cbec8e-341d-5340-a28a-4ec2fd641fc9,0b4a6e3b-d5cd-5d10-87c4-ab6fda0aa831,active,2025-10-18
15e36421-0a92-5e68-b258-7b3f5660f9cf,54cbec8e-341d-5340-a28a-4ec2fd641fc9,018fefc2-38fb-5f92-8391-2fe032547753,active,2026-03-12
bfd57cab-1637-5dcf-be46-c702fa92a796,54cbec8e-341d-5340-a28a-4ec2fd641fc9,9502494a-7b3f-5213-8df6-4e5e5e22101f,active,2025-09-13
3636e36b-4c07-5204-953b-79bff279462c,54cbec8e-341d-5340-a28a-4ec2fd641fc9,f080ca1b-6cb2-5242-98ed-4612ac098b94,active,2025-12-26
611cdea7-7001-5bce-98e7-d60c8a344340,54cbec8e-341d-5340-a28a-4ec2fd641fc9,4b343160-5928-5bdb-83ef-2c0f9faba1dd,active,2026-08-27
8c26b47c-6981-563b-a012-96a8b401176b,54cbec8e-341d-5340-a28a-4ec2fd641fc9,fc407d89-26e4-55ce-a2dc-fdae931500f1,active,2026-07-17
8c169438-1c7d-546b-a76a-e258e59347b5,54cbec8e-341d-5340-a28a-4ec2fd641fc9,69d2e248-598e-501c-a2eb-fb4fb8ccf487,active,2026-02-13
c17f4864-a4d4-54ca-85ae-b624db0af020,f7b60c5f-ce0c-535a-a0d9-8bbdf0533618,0b4a6e3b-d5cd-5d10-87c4-ab6fda0aa831,active,2026-06-05
1f061482-dd8e-5ad3-a50f-e975cbe15a3c,f7b60c5f-ce0c-535a-a0d9-8bbdf0533618,018fefc2-38fb-5f92-8391-2fe032547753,active,2026-04-01
f34aaed7-a535-5fdb-bb49-9285c050ff86,f7b60c5f-ce0c-535a-a0d9-8bbdf0533618,9502494a-7b3f-5213-8df6-4e5e5e22101f,active,2026-04-29
b86e8a6a-fee7-51ae-9a61-b0b21d27593a,f7b60c5f-ce0c-535a-a0d9-8bbdf0533618,fc407d89-26e4-55ce-a2dc-fdae931500f1,pending,2025-12-13
72ee33b9-dd9f-5c02-b07b-1e583be51b2f,f7b60c5f-ce0c-535a-a0d9-8bbdf0533618,0a1506ca-ede6-548b-91b8-0730277089b0,active,2025-09-09
9575b382-b8f5-5457-9127-bf2731d07c73,f7b60c5f-ce0c-535a-a0d9-8bbdf0533618,69d2e248-598e-501c-a2eb-fb4fb8ccf487,pending,2026-01-01
e351078e-2a24-5c6d-af0d-8e9b17bbbfdc,f7b60c5f-ce0c-535a-a0d9-8bbdf0533618,a9db23aa-1685-5f58-8beb-3c1c13702b6a,active,2026-02-22
05ebba7f-2997-5f8e-85d2-43a10f7570a7,f7b60c5f-ce0c-535a-a0d9-8bbdf0533618,f080ca1b-6cb2-5242-98ed-4612ac098b94,pending,2026-02-13
205406ea-5491-52b7-9554-0ea9987baf36,4308f9f4-3182-50aa-9c4c-442d47740e8e,0b4a6e3b-d5cd-5d10-87c4-ab6fda0aa831,pending,2026-06-14
f070bd6a-6ff6-5b0b-aced-48ca781a9482,4308f9f4-3182-50aa-9c4c-442d47740e8e,018fefc2-38fb-5f92-8391-2fe032547753,active,2026-06-07
7ee4bbe6-43e9-59f5-a6c1-33b4920199c6,4308f9f4-3182-50aa-9c4c-442d47740e8e,fc407d89-26e4-55ce-a2dc-fdae931500f1,active,2025-11-06
19b1cff2-929c-5882-bba6-4f9389683d9f,4308f9f4-3182-50aa-9c4c-442d47740e8e,868b1dbf-370d-5142-be8c-5a80dfad818d,active,2026-08-09
605270e8-3bc2-56e6-b336-c9beaa30d623,4308f9f4-3182-50aa-9c4c-442d47740e8e,4b343160-5928-5bdb-83ef-2c0f9faba1dd,active,2026-04-04
2b0e7345-ffa7-59b3-807d-cf5f6bfcd787,fa8caf74-67cd-507f-bc26-bf8b675608da,0b4a6e3b-d5cd-5d10-87c4-ab6fda0aa831,active,2026-07-30
97cbb8fc-05a8-51fd-b23f-03ee6cc28226,fa8caf74-67cd-507f-bc26-bf8b675608da,018fefc2-38fb-5f92-8391-2fe032547753,active,2026-06-18
8ace0fe8-5fed-57c4-8c0b-40b617b909be,fa8caf74-67cd-507f-bc26-bf8b675608da,9502494a-7b3f-5213-8df6-4e5e5e22101f,active,2025-12-11
b888b859-6a08-5b82-a35b-a1a811ca1c67,fa8caf74-67cd-507f-bc26-bf8b675608da,f080ca1b-6cb2-5242-98ed-4612ac098b94,active,2026-05-08
8155d60f-b24c-5b41-ac45-4b53816790e4,c7774a9e-3d23-5304-bfb2-a925014ade85,0b4a6e3b-d5cd-5d10-87c4-ab6fda0aa831,active,2026-02-01
bb5d9eca-92fa-571f-b12e-bdfaf9b700cb,c7774a9e-3d23-5304-bfb2-a925014ade85,018fefc2-38fb-5f92-8391-2fe032547753,inactive,2026-07-20
68ff6b98-da1d-5fbc-a5cb-1e937521474d,c7774a9e-3d23-5304-bfb2-a925014ade85,868b1dbf-370d-5142-be8c-5a80dfad818d,active,2025-11-09
d8496525-3618-5c6f-8fd0-9c94e33c3ff6,c7774a9e-3d23-5304-bfb2-a925014ade85,0a1506ca-ede6-548b-91b8-0730277089b0,active,2026-07-02
d0a45e08-23bf-589f-a5ba-61e1cf583c46,c7774a9e-3d23-5304-bfb2-a925014ade85,a9db23aa-1685-5f58-8beb-3c1c13702b6a,inactive,2025-10-05
0df4ad23-3f66-54ce-9f65-62a0df0a5ad2,c7774a9e-3d23-5304-bfb2-a925014ade85,9502494a-7b3f-5213-8df6-4e5e5e22101f,active,2026-06-14
14a96603-c5a5-50bc-a69a-9796f05bcf02,70e12496-4561-5fb7-874f-cf8dfa3ae5d5,0b4a6e3b-d5cd-5d10-87c4-ab6fda0aa831,active,2026-02-13
2ff2eda2-342b-5007-b54e-442cf5484f69,70e12496-4561-5fb7-874f-cf8dfa3ae5d5,018fefc2-38fb-5f92-8391-2fe032547753,active,2026-04-11
70485c35-c73d-5064-ba8a-0278edb42cb8,70e12496-4561-5fb7-874f-cf8dfa3ae5d5,868b1dbf-370d-5142-be8c-5a80dfad818d,active,2025-09-23
dbecab0e-0b99-5922-b51a-acce9bc1c7ef,70e12496-4561-5fb7-874f-cf8dfa3ae5d5,0a1506ca-ede6-548b-91b8-0730277089b0,pending,2025-10-19
eb98a1c8-e632-531b-8094-f26ef282cbf6,70e12496-4561-5fb7-874f-cf8dfa3ae5d5,f080ca1b-6cb2-5242-98ed-4612ac098b94,active,2026-03-25
28dff637-b228-526e-a98b-b7eca64a7715,75debe98-25c1-5fce-ad33-a909ca61f313,0b4a6e3b-d5cd-5d10-87c4-ab6fda0aa831,active,2025-09-04
d4a7dd49-6e7a-522d-b1b4-569c2c9b1435,75debe98-25c1-5fce-ad33-a909ca61f313,018fefc2-38fb-5f92-8391-2fe032547753,active,2026-07-24
fa6df419-df55-5bdc-8fa4-b4b687f45122,75debe98-25c1-5fce-ad33-a909ca61f313,9502494a-7b3f-5213-8df6-4e5e5e22101f,active,2026-01-08
5366308c-d24c-511b-b83b-2eefd7002efb,75debe98-25c1-5fce-ad33-a909ca61f313,0a1506ca-ede6-548b-91b8-0730277089b0,active,2026-04-02
cb033c92-3e2f-561d-9bc6-605458815f45,75debe98-25c1-5fce-ad33-a909ca61f313,a9db23aa-1685-5f58-8beb-3c1c13702b6a,inactive,2026-01-30
fe18c7af-d286-57ec-99c4-ff5b4cd28b57,75debe98-25c1-5fce-ad33-a909ca61f313,fc407d89-26e4-55ce-a2dc-fdae931500f1,active,2026-01-13
6f27e111-9e47-57ac-ba70-60ebade5dda3,75debe98-25c1-5fce-ad33-a909ca61f313,69d2e248-598e-501c-a2eb-fb4fb8ccf487,active,2026-04-30
5299cf9c-870f-5df6-b714-caaaf6a4e001,1e9ae40c-4117-5099-907f-bf75e9340bbd,0b4a6e3b-d5cd-5d10-87c4-ab6fda0aa831,inactive,2026-03-16
7164b4a6-0c40-5e5e-b554-0ca2ef71974f,1e9ae40c-4117-5099-907f-bf75e9340bbd,018fefc2-38fb-5f92-8391-2fe032547753,active,2026-01-03
6bf7847b-2771-579b-9dcb-2b93df3f31dd,1e9ae40c-4117-5099-907f-bf75e9340bbd,9502494a-7b3f-5213-8df6-4e5e5e22101f,active,2026-02-23
f4848439-614e-577b-b818-deb26018bde2,f738a129-e9dc-528e-8079-d88ddb5549c4,0b4a6e3b-d5cd-5d10-87c4-ab6fda0aa831,pending,2026-01-29
ce63fa0d-c3e1-5990-b76c-38070b8e75e5,f738a129-e9dc-528e-8079-d88ddb5549c4,018fefc2-38fb-5f92-8391-2fe032547753,active,2026-04-06
649df1d3-3097-5ca4-9b50-31170ca61e40,f738a129-e9dc-528e-8079-d88ddb5549c4,69d2e248-598e-501c-a2eb-fb4fb8ccf487,pending,2025-11-07
cfcae196-9785-59a8-87a1-a6d443f04e45,f738a129-e9dc-528e-8079-d88ddb5549c4,9502494a-7b3f-5213-8df6-4e5e5e22101f,active,2026-01-02
97cd69f3-f2dd-5be3-b69c-fcff77c74a00,f738a129-e9dc-528e-8079-d88ddb5549c4,0a1506ca-ede6-548b-91b8-0730277089b0,active,2026-07-11
ebb7fef6-cba8-520d-b7c6-04361c11e115,f738a129-e9dc-528e-8079-d88ddb5549c4,fc407d89-26e4-55ce-a2dc-fdae931500f1,active,2026-05-09
53614afa-0635-563a-82d7-b8e2672ed850,f738a129-e9dc-528e-8079-d88ddb5549c4,a9db23aa-1685-5f58-8beb-3c1c13702b6a,active,2026-05-11
cdfc24ce-a535-59c6-81b4-90f1c7b55556,f738a129-e9dc-528e-8079-d88ddb5549c4,f080ca1b-6cb2-5242-98ed-4612ac098b94,active,2025-11-08
0020c1bf-05f6-5bf5-87a6-69c114170583,19d5fa88-6515-5d16-bece-b2b2ed72bbef,0b4a6e3b-d5cd-5d10-87c4-ab6fda0aa831,active,2025-11-12
13ad95b0-1d86-581b-84a4-369ad13683c4,19d5fa88-6515-5d16-bece-b2b2ed72bbef,018fefc2-38fb-5f92-8391-2fe032547753,active,2025-11-17
dc5ab67f-ef51-551a-b1f8-cf4d932c84ce,19d5fa88-6515-5d16-bece-b2b2ed72bbef,868b1dbf-370d-5142-be8c-5a80dfad818d,active,2026-08-10
b56ee398-8914-5596-a3ab-92c94b449f07,19d5fa88-6515-5d16-bece-b2b2ed72bbef,a9db23aa-1685-5f58-8beb-3c1c13702b6a,active,2026-02-21
ca248aa4-c8cb-5c94-8ba7-154159b6e16a,19d5fa88-6515-5d16-bece-b2b2ed72bbef,fc407d89-26e4-55ce-a2dc-fdae931500f1,pending,2026-03-05
d0bb421a-5dae-57c0-bfc7-d872c17cdde8,19d5fa88-6515-5d16-bece-b2b2ed72bbef,69d2e248-598e-501c-a2eb-fb4fb8ccf487,active,2025-11-08
42f2c3c4-e5ad-59ad-b84b-e669e49f209a,7ff524d8-f97b-564e-a82e-6b568436f86f,0b4a6e3b-d5cd-5d10-87c4-ab6fda0aa831,active,2026-03-04
254e2aa9-84d4-5c49-b45b-39ed86017a6b,7ff524d8-f97b-564e-a82e-6b568436f86f,018fefc2-38fb-5f92-8391-2fe032547753,active,2026-04-01
0dbfe1c0-1bcd-53bb-b952-b217bdb3de38,7ff524d8-f97b-564e-a82e-6b568436f86f,a9db23aa-1685-5f58-8beb-3c1c13702b6a,active,2026-03-17
a85c7c7e-1c2f-564f-a706-0c1ac5ccc544,7ff524d8-f97b-564e-a82e-6b568436f86f,4b343160-5928-5bdb-83ef-2c0f9faba1dd,inactive,2026-04-23
e91ed5ca-14cd-5a8a-808f-4d0602fa53ba,7ff524d8-f97b-564e-a82e-6b568436f86f,868b1dbf-370d-5142-be8c-5a80dfad818d,pending,2026-03-06
9571640d-d39b-5ddf-b959-9a30f0b77dad,26edc5ba-88d5-5f4f-a42c-2f38746c506d,0b4a6e3b-d5cd-5d10-87c4-ab6fda0aa831,active,2026-04-29
637cb178-dd92-57e3-8fda-307acf4b883d,26edc5ba-88d5-5f4f-a42c-2f38746c506d,018fefc2-38fb-5f92-8391-2fe032547753,active,2025-12-03
f58261b2-bad7-518e-98ed-ddc354e10111,26edc5ba-88d5-5f4f-a42c-2f38746c506d,69d2e248-598e-501c-a2eb-fb4fb8ccf487,active,2025-09-11
1ef4eaff-4d59-5427-85fd-c00d660a772c,26edc5ba-88d5-5f4f-a42c-2f38746c506d,a9db23aa-1685-5f58-8beb-3c1c13702b6a,active,2026-05-05
2e350ca4-b328-595b-89a4-a375d20b607b,26edc5ba-88d5-5f4f-a42c-2f38746c506d,4b343160-5928-5bdb-83ef-2c0f9faba1dd,active,2026-07-19
788b1acd-16ff-56e9-8600-88a0cbafd54e,26edc5ba-88d5-5f4f-a42c-2f38746c506d,f080ca1b-6cb2-5242-98ed-4612ac098b94,inactive,2026-08-06
425d064f-2e48-59e4-a6c7-30b710ef3f64,26edc5ba-88d5-5f4f-a42c-2f38746c506d,9502494a-7b3f-5213-8df6-4e5e5e22101f,active,2026-02-23
8b074356-a664-5f71-babc-97fee39b3377,7bf21432-fb64-5ce6-95f7-d3584480443e,0b4a6e3b-d5cd-5d10-87c4-ab6fda0aa831,active,2026-01-05
8c57b6e5-523b-53e5-9a6e-1f8eec0be860,7bf21432-fb64-5ce6-95f7-d3584480443e,018fefc2-38fb-5f92-8391-2fe032547753,active,2025-12-06
849f72b1-89fc-5d18-a3f2-946034505a3c,7bf21432-fb64-5ce6-95f7-d3584480443e,9502494a-7b3f-5213-8df6-4e5e5e22101f,active,2026-02-03
2ef61e2f-f558-54b3-a439-4cc45e3a9695,7bf21432-fb64-5ce6-95f7-d3584480443e,a9db23aa-1685-5f58-8beb-3c1c13702b6a,inactive,2026-07-24
a5e212c0-8f89-560a-a110-72d2d7f7b213,7bf21432-fb64-5ce6-95f7-d3584480443e,f080ca1b-6cb2-5242-98ed-4612ac098b94,pending,2026-03-10
1130b504-7295-53fb-a52f-e686a5b70bc0,7bf21432-fb64-5ce6-95f7-d3584480443e,69d2e248-598e-501c-a2eb-fb4fb8ccf487,active,2026-01-16
8b169ef4-9dbd-5db5-9591-45bcb249c6bb,7bf21432-fb64-5ce6-95f7-d3584480443e,0a1506ca-ede6-548b-91b8-0730277089b0,active,2026-08-27
8dbd9578-809e-5c73-b973-48bde5eddd17,9ac93982-cbd7-5a53-aab8-947fc303d277,0b4a6e3b-d5cd-5d10-87c4-ab6fda0aa831,pending,2025-11-03
b3746290-033b-5f1c-99f5-5da8e168f154,9ac93982-cbd7-5a53-aab8-947fc303d277,018fefc2-38fb-5f92-8391-2fe032547753,inactive,2025-09-04
98d2c9fa-d8a0-578b-a55f-6d134d1e6981,9ac93982-cbd7-5a53-aab8-947fc303d277,9502494a-7b3f-5213-8df6-4e5e5e22101f,active,2025-10-05
3a610b46-49ad-5cd8-934f-c75e9f18fe3c,9ac93982-cbd7-5a53-aab8-947fc303d277,0a1506ca-ede6-548b-91b8-0730277089b0,active,2025-11-06
c6d11e10-94d0-5139-b1ea-f8d6ce270b95,9ac93982-cbd7-5a53-aab8-947fc303d277,fc407d89-26e4-55ce-a2dc-fdae931500f1,active,2026-05-09
54f3c2f1-2adc-5c4b-8908-1a034ec52f0d,2b2a2f4f-fc8a-5b77-88e8-8adc84a14849,0b4a6e3b-d5cd-5d10-87c4-ab6fda0aa831,inactive,2026-03-25
710ef531-011a-5f9e-ae75-fad96b4779f8,2b2a2f4f-fc8a-5b77-88e8-8adc84a14849,018fefc2-38fb-5f92-8391-2fe032547753,active,2026-07-11
9cd7cdfb-05f1-5b8d-8891-4220f83d28df,2b2a2f4f-fc8a-5b77-88e8-8adc84a14849,0a1506ca-ede6-548b-91b8-0730277089b0,active,2025-09-24
9dc7bb29-a743-5022-868f-8b0254f7f18a,2b2a2f4f-fc8a-5b77-88e8-8adc84a14849,9502494a-7b3f-5213-8df6-4e5e5e22101f,active,2026-06-17
502238fe-cba8-50ac-a415-1a902a99a097,2b2a2f4f-fc8a-5b77-88e8-8adc84a14849,868b1dbf-370d-5142-be8c-5a80dfad818d,active,2026-03-09
2c6803bd-4054-5822-850c-90e6028612f9,2b2b8257-7f77-5d25-ab57-d18db979fe94,0b4a6e3b-d5cd-5d10-87c4-ab6fda0aa831,active,2026-03-30
adabc1ab-a4ee-5186-9ceb-8032e3eb52e5,2b2b8257-7f77-5d25-ab57-d18db979fe94,018fefc2-38fb-5f92-8391-2fe032547753,active,2026-06-06
33ea00bb-15a9-5372-ac5f-a35c8f894fa4,2b2b8257-7f77-5d25-ab57-d18db979fe94,69d2e248-598e-501c-a2eb-fb4fb8ccf487,active,2026-05-21
8ddc2e22-bf73-5274-9058-735df282d95b,2b2b8257-7f77-5d25-ab57-d18db979fe94,a9db23aa-1685-5f58-8beb-3c1c13702b6a,active,2025-12-22
67f30946-37af-5ec5-8ac7-d5107d436e56,2b2b8257-7f77-5d25-ab57-d18db979fe94,f080ca1b-6cb2-5242-98ed-4612ac098b94,active,2026-01-19
018e989c-0678-5a95-8c95-0c88f21cb637,2b2b8257-7f77-5d25-ab57-d18db979fe94,9502494a-7b3f-5213-8df6-4e5e5e22101f,active,2026-04-25
0cf1da9b-86e8-5a83-8ff8-767cbbd1db85,e71484bf-0134-5d62-abd3-b0d45ff823cc,0b4a6e3b-d5cd-5d10-87c4-ab6fda0aa831,active,2026-03-08
33726905-37e1-57fa-bdf1-277ae5b0d138,e71484bf-0134-5d62-abd3-b0d45ff823cc,018fefc2-38fb-5f92-8391-2fe032547753,active,2026-06-01
96bbc6b9-be07-53f8-a5ab-87e875d0e017,e71484bf-0134-5d62-abd3-b0d45ff823cc,a9db23aa-1685-5f58-8beb-3c1c13702b6a,active,2026-03-03
c1b89109-1716-537f-a378-252335b00292,acab315c-d4b4-503f-a215-ac18a89d7df5,0b4a6e3b-d5cd-5d10-87c4-ab6fda0aa831,pending,2026-05-16
31466742-b6aa-5a84-b197-2d53ea4b0737,acab315c-d4b4-503f-a215-ac18a89d7df5,018fefc2-38fb-5f92-8391-2fe032547753,active,2026-06-14
5e492b77-c992-5ede-95bf-ba4d8de0480c,acab315c-d4b4-503f-a215-ac18a89d7df5,868b1dbf-370d-5142-be8c-5a80dfad818d,active,2026-01-24
52d33b9e-78a5-52fb-aa49-08cc47c575a9,acab315c-d4b4-503f-a215-ac18a89d7df5,f080ca1b-6cb2-5242-98ed-4612ac098b94,active,2026-07-27
a5bd65e3-a246-51c7-864d-255de87dbf05,acab315c-d4b4-503f-a215-ac18a89d7df5,a9db23aa-1685-5f58-8beb-3c1c13702b6a,active,2026-01-11
0221d157-097d-5b58-bc55-c3f53c46defb,acab315c-d4b4-503f-a215-ac18a89d7df5,0a1506ca-ede6-548b-91b8-0730277089b0,pending,2025-12-26
ea69a662-be35-59b9-8b10-6e5620730649,acab315c-d4b4-503f-a215-ac18a89d7df5,9502494a-7b3f-5213-8df6-4e5e5e22101f,active,2026-01-15
8619e0d7-0900-57b2-8a4f-7d798b06de89,57d55dad-a616-5ec5-9b98-d7f440daa916,0b4a6e3b-d5cd-5d10-87c4-ab6fda0aa831,active,2026-03-13
56b54d81-6b4b-593e-9009-6087e7761edc,57d55dad-a616-5ec5-9b98-d7f440daa916,018fefc2-38fb-5f92-8391-2fe032547753,inactive,2025-12-19
d303ded1-56cb-5821-a7ca-6d0f7422df2b,57d55dad-a616-5ec5-9b98-d7f440daa916,4b343160-5928-5bdb-83ef-2c0f9faba1dd,active,2025-10-02
0ef17427-6070-594d-af86-f8048b64b03e,57d55dad-a616-5ec5-9b98-d7f440daa916,0a1506ca-ede6-548b-91b8-0730277089b0,inactive,2026-04-11
603f7675-9dcc-58c7-a8c3-d0cbf697adfa,5f1cf3c7-3563-5603-90b6-2a7abad6594d,0b4a6e3b-d5cd-5d10-87c4-ab6fda0aa831,active,2025-11-17
7195adf3-ff05-5e04-9992-54d044f0cb05,5f1cf3c7-3563-5603-90b6-2a7abad6594d,018fefc2-38fb-5f92-8391-2fe032547753,inactive,2025-12-21
0c5b841d-c867-52a7-91c8-b0dec514080b,5f1cf3c7-3563-5603-90b6-2a7abad6594d,fc407d89-26e4-55ce-a2dc-fdae931500f1,active,2026-01-18
1d4ad51a-50d7-5aae-ad22-d9f1f180814a,5f1cf3c7-3563-5603-90b6-2a7abad6594d,a9db23aa-1685-5f58-8beb-3c1c13702b6a,active,2025-09-05
2dbfad6f-bb31-54f9-8c05-cc36c019a73d,44822024-67e2-5ccc-aa07-5429953f362a,0b4a6e3b-d5cd-5d10-87c4-ab6fda0aa831,inactive,2025-09-21
18f311f2-36aa-51a8-b7a1-d78c37a37965,44822024-67e2-5ccc-aa07-5429953f362a,018fefc2-38fb-5f92-8391-2fe032547753,active,2025-09-17
33bdfe56-389a-5458-97e9-b2ad6c15bb17,44822024-67e2-5ccc-aa07-5429953f362a,a9db23aa-1685-5f58-8beb-3c1c13702b6a,active,2026-01-26
9006a245-4556-5708-aeb7-74e16bc9feb2,44822024-67e2-5ccc-aa07-5429953f362a,0a1506ca-ede6-548b-91b8-0730277089b0,active,2025-12-30
51177968-dd97-540c-8112-d0878f5e0455,44822024-67e2-5ccc-aa07-5429953f362a,868b1dbf-370d-5142-be8c-5a80dfad818d,pending,2025-10-01
2866b187-b4a2-5dd0-b5f9-006184807a50,44822024-67e2-5ccc-aa07-5429953f362a,fc407d89-26e4-55ce-a2dc-fdae931500f1,pending,2026-08-05
89fef790-4328-5cb4-af3b-d197c8d169b6,c71b76d5-d661-5b5a-8076-27b96aaa95b0,0b4a6e3b-d5cd-5d10-87c4-ab6fda0aa831,active,2026-04-14
37b269b8-d772-5b55-8652-113c1fbf62dd,c71b76d5-d661-5b5a-8076-27b96aaa95b0,018fefc2-38fb-5f92-8391-2fe032547753,active,2026-03-25
3a225446-eeea-574b-9faa-17eb692832ac,c71b76d5-d661-5b5a-8076-27b96aaa95b0,4b343160-5928-5bdb-83ef-2c0f9faba1dd,active,2025-11-01
ef7e8250-f73f-5d76-9f52-fcc29c1bfa49,753de5ea-fbb2-5267-b6c9-2108c456901d,0b4a6e3b-d5cd-5d10-87c4-ab6fda0aa831,active,2026-08-14
238620b6-44c3-5ac5-a685-69e8b17d4b7c,753de5ea-fbb2-5267-b6c9-2108c456901d,018fefc2-38fb-5f92-8391-2fe032547753,pending,2026-04-16
45d5774b-8441-55a2-8fad-f8d3f715d2d9,753de5ea-fbb2-5267-b6c9-2108c456901d,0a1506ca-ede6-548b-91b8-0730277089b0,active,2026-03-05
fe0145d1-5470-5367-a9eb-7db757062654,753de5ea-fbb2-5267-b6c9-2108c456901d,69d2e248-598e-501c-a2eb-fb4fb8ccf487,active,2026-08-21
b297fd74-1c23-5869-8ad6-99b5751f6697,753de5ea-fbb2-5267-b6c9-2108c456901d,9502494a-7b3f-5213-8df6-4e5e5e22101f,active,2026-03-14
5da93f59-3155-593d-900a-c703e78ef8be,f20b59b4-8074-505b-8765-123df9d62099,0b4a6e3b-d5cd-5d10-87c4-ab6fda0aa831,active,2026-06-14
86162293-4878-5d38-a4d9-6727cf7b0ecc,f20b59b4-8074-505b-8765-123df9d62099,018fefc2-38fb-5f92-8391-2fe032547753,active,2026-02-01
fc3134a7-106c-52ed-92b7-5386a5652e9e,f20b59b4-8074-505b-8765-123df9d62099,9502494a-7b3f-5213-8df6-4e5e5e22101f,active,2026-07-07
4078e4e2-503b-5149-9c8c-8fbaa0dc4d40,f20b59b4-8074-505b-8765-123df9d62099,868b1dbf-370d-5142-be8c-5a80dfad818d,active,2025-10-09
ab70324e-f3e0-5053-8909-eab90cf538d6,f20b59b4-8074-505b-8765-123df9d62099,0a1506ca-ede6-548b-91b8-0730277089b0,active,2026-06-22
40c3ef39-eff3-5253-84cc-81fde0712f40,f20b59b4-8074-505b-8765-123df9d62099,4b343160-5928-5bdb-83ef-2c0f9faba1dd,active,2026-03-20
4f709885-a343-5c81-a9e2-b0e31df8750d,48dc9e98-c4cb-5aff-8e99-621a516a8091,0b4a6e3b-d5cd-5d10-87c4-ab6fda0aa831,active,2026-05-13
119d6ae8-9488-52fb-b0d5-ebc0e442bc41,48dc9e98-c4cb-5aff-8e99-621a516a8091,018fefc2-38fb-5f92-8391-2fe032547753,inactive,2025-10-03
0cfb90eb-c71d-553b-8a97-9d5110ea1dfe,48dc9e98-c4cb-5aff-8e99-621a516a8091,69d2e248-598e-501c-a2eb-fb4fb8ccf487,active,2026-07-28
bb5f8655-4851-58f6-8571-d8d2e5a5d279,48dc9e98-c4cb-5aff-8e99-621a516a8091,0a1506ca-ede6-548b-91b8-0730277089b0,inactive,2026-02-05
20fba121-fa75-5453-abe8-480feb62f6d8,2d5ec651-590e-5d72-8d3a-eb69cffb940a,0b4a6e3b-d5cd-5d10-87c4-ab6fda0aa831,inactive,2026-07-20
e9c97b6d-1510-50b6-963b-5c4caa311e85,2d5ec651-590e-5d72-8d3a-eb69cffb940a,018fefc2-38fb-5f92-8391-2fe032547753,active,2026-01-13
11559ee5-08bb-5fc3-8569-e110f4162f2f,2d5ec651-590e-5d72-8d3a-eb69cffb940a,868b1dbf-370d-5142-be8c-5a80dfad818d,active,2026-02-15
8a67c731-1bac-55f2-a860-08d5909a4100,2d5ec651-590e-5d72-8d3a-eb69cffb940a,4b343160-5928-5bdb-83ef-2c0f9faba1dd,active,2026-08-08
d7b105f6-7157-5ce8-b7ff-31c2b860c1b8,2d5ec651-590e-5d72-8d3a-eb69cffb940a,9502494a-7b3f-5213-8df6-4e5e5e22101f,active,2026-01-01
453fb9cb-324e-522b-a12f-4b5b8b94c074,2d5ec651-590e-5d72-8d3a-eb69cffb940a,0a1506ca-ede6-548b-91b8-0730277089b0,active,2026-03-24
cfb146a1-0900-5b02-aadb-c47e3d9691cb,2d5ec651-590e-5d72-8d3a-eb69cffb940a,fc407d89-26e4-55ce-a2dc-fdae931500f1,inactive,2026-08-14
9f16099c-e3c9-55aa-ba85-08e3dcfa6e7c,2d5ec651-590e-5d72-8d3a-eb69cffb940a,f080ca1b-6cb2-5242-98ed-4612ac098b94,active,2026-08-26
42546277-d363-5bf1-95d0-4dd0a6981c2d,fc7a443a-1297-5090-bfed-6c8bdf0de11e,0b4a6e3b-d5cd-5d10-87c4-ab6fda0aa831,active,2026-06-13
7f64cbad-1009-5f37-9b58-12540dd775a7,fc7a443a-1297-5090-bfed-6c8bdf0de11e,018fefc2-38fb-5f92-8391-2fe032547753,active,2026-06-10
c8940e11-1914-5c7f-aef4-34cad8cc71cb,fc7a443a-1297-5090-bfed-6c8bdf0de11e,868b1dbf-370d-5142-be8c-5a80dfad818d,active,2025-10-31
288be0bc-7c92-53b9-af7f-3a8c95647c57,fc7a443a-1297-5090-bfed-6c8bdf0de11e,4b343160-5928-5bdb-83ef-2c0f9faba1dd,active,2025-10-11
6d6813de-32bb-5518-83e6-b586993f4477,fc7a443a-1297-5090-bfed-6c8bdf0de11e,fc407d89-26e4-55ce-a2dc-fdae931500f1,active,2026-02-25
3be17f18-cb35-57eb-b0ae-1af7f5031a26,404af27b-67ac-5e84-a776-383c2bfffbe1,0b4a6e3b-d5cd-5d10-87c4-ab6fda0aa831,active,2026-01-03
767bf688-cbd0-5f69-953f-c0a91b3d1d65,404af27b-67ac-5e84-a776-383c2bfffbe1,018fefc2-38fb-5f92-8391-2fe032547753,active,2025-09-16
0e8b68b1-a85d-510f-905f-af90d6c48c46,404af27b-67ac-5e84-a776-383c2bfffbe1,868b1dbf-370d-5142-be8c-5a80dfad818d,active,2026-08-22
d5280de6-84ef-59c9-8cf8-b05bd1983ee7,404af27b-67ac-5e84-a776-383c2bfffbe1,a9db23aa-1685-5f58-8beb-3c1c13702b6a,active,2026-06-17
82121008-e201-5738-94b8-99b6d76f187b,404af27b-67ac-5e84-a776-383c2bfffbe1,9502494a-7b3f-5213-8df6-4e5e5e22101f,active,2025-11-05
decd6504-dbfe-58c7-83d0-1f3b95e008cf,404af27b-67ac-5e84-a776-383c2bfffbe1,fc407d89-26e4-55ce-a2dc-fdae931500f1,active,2025-09-24
224cdc8f-ce65-5dbb-a7a9-d2c56403e4a1,59796915-dc07-5f60-a803-aaace8adee1a,0b4a6e3b-d5cd-5d10-87c4-ab6fda0aa831,active,2025-10-18
0271673b-34b9-562b-bd89-3477ed50fab5,59796915-dc07-5f60-a803-aaace8adee1a,018fefc2-38fb-5f92-8391-2fe032547753,active,2025-09-04
f75b1529-7583-55b6-a440-667e0b8a9b01,59796915-dc07-5f60-a803-aaace8adee1a,0a1506ca-ede6-548b-91b8-0730277089b0,active,2026-01-12
19bdc13d-96e7-532c-82d7-1ff04cb2ca86,59796915-dc07-5f60-a803-aaace8adee1a,fc407d89-26e4-55ce-a2dc-fdae931500f1,inactive,2026-08-10
de3e95bc-4529-5660-aea0-bd43d59470dd,5529a9fd-18ab-55bf-8f28-66b8a727dfef,0b4a6e3b-d5cd-5d10-87c4-ab6fda0aa831,active,2026-08-28
9e41226b-2aec-5104-b2b4-c1556c4481b0,5529a9fd-18ab-55bf-8f28-66b8a727dfef,018fefc2-38fb-5f92-8391-2fe032547753,active,2026-01-05
f7209bc4-ff18-52c8-b55d-57401edcb246,5529a9fd-18ab-55bf-8f28-66b8a727dfef,f080ca1b-6cb2-5242-98ed-4612ac098b94,pending,2025-12-22
cf43a637-7bf4-5cc4-8403-ec447bf3c8a5,5529a9fd-18ab-55bf-8f28-66b8a727dfef,fc407d89-26e4-55ce-a2dc-fdae931500f1,active,2026-01-28
c9cdef92-014a-5ba5-b5dd-07e41b1afe4f,5529a9fd-18ab-55bf-8f28-66b8a727dfef,4b343160-5928-5bdb-83ef-2c0f9faba1dd,active,2025-11-30
a310954f-7e3e-5197-84ad-1804051ee1ce,5529a9fd-18ab-55bf-8f28-66b8a727dfef,a9db23aa-1685-5f58-8beb-3c1c13702b6a,active,2025-09-22
87fe4f10-03c7-5cfb-a04f-2ed3cc4e8d25,c7be72f7-dff5-5026-a07f-404e019b0465,0b4a6e3b-d5cd-5d10-87c4-ab6fda0aa831,active,2026-01-27
7699e06c-bf60-5058-a198-7dd8c8f37bf0,c7be72f7-dff5-5026-a07f-404e019b0465,018fefc2-38fb-5f92-8391-2fe032547753,active,2026-03-04
1bfeac25-223d-5740-aed2-71cce677e279,c7be72f7-dff5-5026-a07f-404e019b0465,4b343160-5928-5bdb-83ef-2c0f9faba1dd,active,2026-04-23
ca2fe7da-d513-5682-a2cd-963b3f4c6e3d,c7be72f7-dff5-5026-a07f-404e019b0465,a9db23aa-1685-5f58-8beb-3c1c13702b6a,inactive,2025-10-06
b3e65bdf-e0e1-5d4f-8fce-067b490e36df,c7be72f7-dff5-5026-a07f-404e019b0465,868b1dbf-370d-5142-be8c-5a80dfad818d,active,2026-03-18
b00f3e65-fbc6-52f4-9633-7c4d80eb87e5,c7be72f7-dff5-5026-a07f-404e019b0465,69d2e248-598e-501c-a2eb-fb4fb8ccf487,inactive,2026-03-03
418ea8ef-d246-5270-9deb-dee0e9d016fe,c7be72f7-dff5-5026-a07f-404e019b0465,0a1506ca-ede6-548b-91b8-0730277089b0,active,2026-06-10
65a60ba5-29b3-5cbf-b1ce-b1854dba29fe,7d8fca79-7c9f-5576-8887-3923fb333107,0b4a6e3b-d5cd-5d10-87c4-ab6fda0aa831,active,2025-12-16
e6732d53-3546-5958-a8ca-deb1083aa395,7d8fca79-7c9f-5576-8887-3923fb333107,018fefc2-38fb-5f92-8391-2fe032547753,active,2025-10-11
e3c70be1-abe5-5060-bf74-76a65cc4802b,7d8fca79-7c9f-5576-8887-3923fb333107,4b343160-5928-5bdb-83ef-2c0f9faba1dd,inactive,2026-03-31
4e6b3759-5801-5420-a75e-4711462e8425,7d8fca79-7c9f-5576-8887-3923fb333107,868b1dbf-370d-5142-be8c-5a80dfad818d,inactive,2026-06-17
edb4f94e-aa93-5063-a350-7b7450375171,7d8fca79-7c9f-5576-8887-3923fb333107,9502494a-7b3f-5213-8df6-4e5e5e22101f,active,2026-03-16
bdbe449d-d929-50fb-8f1c-4167d8917eed,00d8096a-aada-5b64-b477-f912ef968508,0b4a6e3b-d5cd-5d10-87c4-ab6fda0aa831,active,2026-07-30
db0b943c-862c-534e-a330-290a19079a38,00d8096a-aada-5b64-b477-f912ef968508,018fefc2-38fb-5f92-8391-2fe032547753,inactive,2026-01-05
670b049e-fac3-56e9-81fb-7421380165c7,00d8096a-aada-5b64-b477-f912ef968508,4b343160-5928-5bdb-83ef-2c0f9faba1dd,active,2026-02-28
8662f409-213a-527d-b454-a2dfa824b475,9111e0ac-13aa-52e8-ad18-a73f0194307e,0b4a6e3b-d5cd-5d10-87c4-ab6fda0aa831,pending,2026-03-19
576cab8b-7f07-5246-8564-6c3331e58ed5,9111e0ac-13aa-52e8-ad18-a73f0194307e,018fefc2-38fb-5f92-8391-2fe032547753,pending,2026-08-18
0aa80be5-b1ea-54c6-8020-16e21185d2eb,9111e0ac-13aa-52e8-ad18-a73f0194307e,4b343160-5928-5bdb-83ef-2c0f9faba1dd,active,2025-11-29
32c08c55-ec16-59d9-93c4-6abfb7ce7fa1,68950370-eb43-5ce9-86dd-1f9acd1f8889,0b4a6e3b-d5cd-5d10-87c4-ab6fda0aa831,active,2025-09-17
498e7c09-1ba4-5189-a18d-9316d5c8e2da,68950370-eb43-5ce9-86dd-1f9acd1f8889,018fefc2-38fb-5f92-8391-2fe032547753,active,2026-06-22
b17baa26-a1e8-51bd-8f91-33a8ef567250,68950370-eb43-5ce9-86dd-1f9acd1f8889,fc407d89-26e4-55ce-a2dc-fdae931500f1,inactive,2025-09-24
5dd12827-1db1-5bfc-804f-70c37c087eca,9b5dab23-addb-53ca-bd0f-3f8e81902af4,0b4a6e3b-d5cd-5d10-87c4-ab6fda0aa831,active,2026-08-13
885bfc5f-1dd0-5020-8e9f-32d1739071c0,9b5dab23-addb-53ca-bd0f-3f8e81902af4,018fefc2-38fb-5f92-8391-2fe032547753,active,2025-11-15
d128679e-7897-5f3d-8111-ebc805177756,9b5dab23-addb-53ca-bd0f-3f8e81902af4,868b1dbf-370d-5142-be8c-5a80dfad818d,active,2026-07-11
9f02c512-8b6c-533d-bdea-3005d8429152,9b5dab23-addb-53ca-bd0f-3f8e81902af4,4b343160-5928-5bdb-83ef-2c0f9faba1dd,active,2026-08-16
db1bc0c2-a57d-5c3a-86df-300cc5124d00,9b5dab23-addb-53ca-bd0f-3f8e81902af4,69d2e248-598e-501c-a2eb-fb4fb8ccf487,active,2025-11-20
90801f91-9805-54d1-b3e4-b047179f5e9f,9b5dab23-addb-53ca-bd0f-3f8e81902af4,a9db23aa-1685-5f58-8beb-3c1c13702b6a,active,2026-03-15
b172338e-27ac-52c3-90a2-7767afe6f45b,9238634c-c937-5e10-b425-5e31b9923a8b,0b4a6e3b-d5cd-5d10-87c4-ab6fda0aa831,active,2026-03-21
9f629f39-d1a9-5272-bb5e-d9f3ac581a47,9238634c-c937-5e10-b425-5e31b9923a8b,018fefc2-38fb-5f92-8391-2fe032547753,active,2026-01-04
e6270668-96dc-5b7e-8985-40ae73218b77,9238634c-c937-5e10-b425-5e31b9923a8b,0a1506ca-ede6-548b-91b8-0730277089b0,active,2026-07-09
6c4ec783-1b8d-52bd-8705-a3408e482240,9238634c-c937-5e10-b425-5e31b9923a8b,fc407d89-26e4-55ce-a2dc-fdae931500f1,active,2025-12-17
deb1bb47-006a-5349-b45b-e5b1f8ea2e26,7c02f579-69f1-5574-84c1-fc512e1649c7,0b4a6e3b-d5cd-5d10-87c4-ab6fda0aa831,active,2026-05-22
a3795f6f-db4e-58b6-9bd1-b947c6f90356,7c02f579-69f1-5574-84c1-fc512e1649c7,018fefc2-38fb-5f92-8391-2fe032547753,active,2026-01-25
45c5b2db-f2f1-58c3-b077-4ae42c5afd2e,7c02f579-69f1-5574-84c1-fc512e1649c7,69d2e248-598e-501c-a2eb-fb4fb8ccf487,active,2025-11-16
4194af67-3ad5-5e63-a319-ff9369b62e8e,7c02f579-69f1-5574-84c1-fc512e1649c7,fc407d89-26e4-55ce-a2dc-fdae931500f1,active,2025-09-28
ea1f953f-aedf-55d6-a739-8b2a37ffcb84,7c02f579-69f1-5574-84c1-fc512e1649c7,9502494a-7b3f-5213-8df6-4e5e5e22101f,inactive,2025-11-18
e1d09552-4de9-520e-ad56-12f881c316eb,7c02f579-69f1-5574-84c1-fc512e1649c7,868b1dbf-370d-5142-be8c-5a80dfad818d,active,2025-11-18
0979fa5b-7d38-5f2f-9aa8-a183c738721f,7c02f579-69f1-5574-84c1-fc512e1649c7,0a1506ca-ede6-548b-91b8-0730277089b0,active,2026-04-10
5a722284-a5cc-5ddf-88ef-8da80f4088a3,7c02f579-69f1-5574-84c1-fc512e1649c7,a9db23aa-1685-5f58-8beb-3c1c13702b6a,active,2025-11-10
a1a39932-f617-53b2-ae89-4502c1de404f,1029a969-eaf3-5b34-9888-eeca955131fe,0b4a6e3b-d5cd-5d10-87c4-ab6fda0aa831,inactive,2026-08-09
d87090b2-fcc2-5540-805b-679cde402c8b,1029a969-eaf3-5b34-9888-eeca955131fe,018fefc2-38fb-5f92-8391-2fe032547753,active,2026-08-05
13990190-f9d2-5514-b304-e90eee776ad6,1029a969-eaf3-5b34-9888-eeca955131fe,f080ca1b-6cb2-5242-98ed-4612ac098b94,active,2026-02-03
e038a7d1-4893-5082-a423-30d8dd0234e3,1029a969-eaf3-5b34-9888-eeca955131fe,868b1dbf-370d-5142-be8c-5a80dfad818d,active,2025-10-12
d015dc5d-e906-579c-90ce-2278dead4d2f,1029a969-eaf3-5b34-9888-eeca955131fe,4b343160-5928-5bdb-83ef-2c0f9faba1dd,active,2026-05-02
dd4182c3-a261-5042-8960-888d8768a70a,1029a969-eaf3-5b34-9888-eeca955131fe,a9db23aa-1685-5f58-8beb-3c1c13702b6a,active,2025-09-01
c75b30d4-20d5-52ea-bfbe-3802d7195637,131766f9-7a95-5c38-89ca-cb3f219ffe8c,0b4a6e3b-d5cd-5d10-87c4-ab6fda0aa831,inactive,2026-08-18
3953c780-041b-5c4d-adf0-224ae4b6dbb1,131766f9-7a95-5c38-89ca-cb3f219ffe8c,018fefc2-38fb-5f92-8391-2fe032547753,active,2025-12-23
e56c2fc8-3943-5fef-a0b6-e7ed6a00b11a,131766f9-7a95-5c38-89ca-cb3f219ffe8c,69d2e248-598e-501c-a2eb-fb4fb8ccf487,active,2026-04-07
0a57364c-b82b-5b6d-bd4e-1c7fa7f9a795,131766f9-7a95-5c38-89ca-cb3f219ffe8c,868b1dbf-370d-5142-be8c-5a80dfad818d,active,2025-09-13
35d15e87-39e5-5b41-a811-718c6d6ac31a,131766f9-7a95-5c38-89ca-cb3f219ffe8c,f080ca1b-6cb2-5242-98ed-4612ac098b94,active,2026-02-24
64a392cb-9144-5baa-ad36-55472daf4d6d,419e04d5-554e-5f26-870c-490f24f89c94,0b4a6e3b-d5cd-5d10-87c4-ab6fda0aa831,active,2025-11-16
61d31c30-127e-5ba7-b850-0fa8d97aa9d4,419e04d5-554e-5f26-870c-490f24f89c94,018fefc2-38fb-5f92-8391-2fe032547753,active,2026-02-14
07f104c3-4655-5f9b-8d05-d06afb6ecc22,419e04d5-554e-5f26-870c-490f24f89c94,fc407d89-26e4-55ce-a2dc-fdae931500f1,inactive,2026-04-30
c4795703-3f09-5c6a-b5b5-d9c52c081065,419e04d5-554e-5f26-870c-490f24f89c94,868b1dbf-370d-5142-be8c-5a80dfad818d,active,2026-06-24
217dc5d6-0a05-56cd-9e64-0466135f9fd5,419e04d5-554e-5f26-870c-490f24f89c94,69d2e248-598e-501c-a2eb-fb4fb8ccf487,inactive,2025-11-21
85b560bf-c7c6-5943-a814-e20b1c7018f0,419e04d5-554e-5f26-870c-490f24f89c94,f080ca1b-6cb2-5242-98ed-4612ac098b94,active,2025-09-02
1c72187d-4a12-56d4-8884-7f01fc6cb289,419e04d5-554e-5f26-870c-490f24f89c94,a9db23aa-1685-5f58-8beb-3c1c13702b6a,active,2025-12-15
109b5a21-115c-5fba-b486-4df66179e21c,e3aa2c03-d2ea-56ba-8cfd-684d1385ff06,0b4a6e3b-d5cd-5d10-87c4-ab6fda0aa831,inactive,2026-02-18
f4b67e74-3983-5595-944c-5a504b2807a5,e3aa2c03-d2ea-56ba-8cfd-684d1385ff06,018fefc2-38fb-5f92-8391-2fe032547753,active,2025-09-05
ed48a7f4-041f-58cd-b0d1-cfbb3469be8b,e3aa2c03-d2ea-56ba-8cfd-684d1385ff06,fc407d89-26e4-55ce-a2dc-fdae931500f1,active,2026-03-04
7ffe7416-09d4-5ac9-b0b0-13a522311818,e3aa2c03-d2ea-56ba-8cfd-684d1385ff06,f080ca1b-6cb2-5242-98ed-4612ac098b94,inactive,2026-06-08
7fc23623-637d-5eac-b275-5ee76e7041f8,e3aa2c03-d2ea-56ba-8cfd-684d1385ff06,a9db23aa-1685-5f58-8beb-3c1c13702b6a,active,2026-05-05
1abb3caa-4d8f-5560-bd2b-1e50e29c3160,e3aa2c03-d2ea-56ba-8cfd-684d1385ff06,9502494a-7b3f-5213-8df6-4e5e5e22101f,active,2025-10-10
d79fdb72-b0c2-5f06-9e48-dc96793796ee,e3aa2c03-d2ea-56ba-8cfd-684d1385ff06,868b1dbf-370d-5142-be8c-5a80dfad818d,active,2026-06-05
c1671280-adb3-5897-b15c-fb010eaaf384,d2a38a31-ff4e-5132-bc1a-c0a3de566401,0b4a6e3b-d5cd-5d10-87c4-ab6fda0aa831,pending,2026-07-08
ed91fb57-85b2-529a-8cbd-d2a3778e09c4,d2a38a31-ff4e-5132-bc1a-c0a3de566401,018fefc2-38fb-5f92-8391-2fe032547753,active,2025-11-30
17326ba0-2cd0-5c8a-ba3d-922e87aa7237,d2a38a31-ff4e-5132-bc1a-c0a3de566401,868b1dbf-370d-5142-be8c-5a80dfad818d,active,2026-01-03
6c467e3c-5d2b-5598-a835-887a2cd3ddc8,1fdc8070-ea18-528c-95c6-21bd601556d9,0b4a6e3b-d5cd-5d10-87c4-ab6fda0aa831,active,2026-05-24
a5d1d0b7-6377-55d7-a969-99cffdd44786,1fdc8070-ea18-528c-95c6-21bd601556d9,018fefc2-38fb-5f92-8391-2fe032547753,pending,2025-12-31
cb225425-091d-57ab-9e9f-228dc2ce3794,1fdc8070-ea18-528c-95c6-21bd601556d9,9502494a-7b3f-5213-8df6-4e5e5e22101f,active,2026-04-09
c6523b0d-3c0a-55c2-842c-5b365c00ccd2,1fdc8070-ea18-528c-95c6-21bd601556d9,f080ca1b-6cb2-5242-98ed-4612ac098b94,inactive,2025-10-12
582fb403-009d-5ff9-872e-ba29fa1e0e0e,1fdc8070-ea18-528c-95c6-21bd601556d9,fc407d89-26e4-55ce-a2dc-fdae931500f1,active,2025-11-01
14405596-d2df-531f-b03c-77ccc5d0d093,1fdc8070-ea18-528c-95c6-21bd601556d9,868b1dbf-370d-5142-be8c-5a80dfad818d,inactive,2026-07-14
a96a663b-017e-5f1c-812b-79b27754a4f2,10c25549-9e52-525f-b4e1-3a5a7d98a56f,0b4a6e3b-d5cd-5d10-87c4-ab6fda0aa831,pending,2026-01-02
5b1079dd-a374-54c9-be4d-c25d284b76de,10c25549-9e52-525f-b4e1-3a5a7d98a56f,018fefc2-38fb-5f92-8391-2fe032547753,active,2026-07-12
df0cafa8-76ee-59b0-b573-61bbb4a57bc1,10c25549-9e52-525f-b4e1-3a5a7d98a56f,9502494a-7b3f-5213-8df6-4e5e5e22101f,active,2026-03-19
f6b0a5a8-f337-5b1d-a535-f11b650528d5,10c25549-9e52-525f-b4e1-3a5a7d98a56f,868b1dbf-370d-5142-be8c-5a80dfad818d,active,2026-03-28
212ce46c-4985-5b7c-894e-d017d5f372f5,10c25549-9e52-525f-b4e1-3a5a7d98a56f,4b343160-5928-5bdb-83ef-2c0f9faba1dd,active,2026-01-11
cea6894f-c39e-50df-b43c-5dbc46bde3bf,10c25549-9e52-525f-b4e1-3a5a7d98a56f,0a1506ca-ede6-548b-91b8-0730277089b0,active,2025-09-04
04639dd2-0235-5258-883b-a9b35b774470,10c25549-9e52-525f-b4e1-3a5a7d98a56f,fc407d89-26e4-55ce-a2dc-fdae931500f1,active,2026-06-11
790bb902-c356-5a4c-a5bf-ad7582e4906a,b7416f3c-4e1c-5231-9f5c-d4b36aef8c69,0b4a6e3b-d5cd-5d10-87c4-ab6fda0aa831,active,2026-08-09
c5638b83-f7cd-5cff-b861-ca65ebb84654,b7416f3c-4e1c-5231-9f5c-d4b36aef8c69,018fefc2-38fb-5f92-8391-2fe032547753,inactive,2026-01-22
20f19558-2253-57f0-8bb2-c11b40953371,b7416f3c-4e1c-5231-9f5c-d4b36aef8c69,868b1dbf-370d-5142-be8c-5a80dfad818d,active,2025-11-07
fd85d361-69a2-582f-82a8-59e6ea40cf72,b7416f3c-4e1c-5231-9f5c-d4b36aef8c69,69d2e248-598e-501c-a2eb-fb4fb8ccf487,active,2026-02-06
a4c7e1d2-add5-5218-b176-f7fe820e58a0,b7416f3c-4e1c-5231-9f5c-d4b36aef8c69,0a1506ca-ede6-548b-91b8-0730277089b0,active,2025-11-13
5ff5c25b-b32f-52c7-b9fe-d551da05a8f1,b7416f3c-4e1c-5231-9f5c-d4b36aef8c69,4b343160-5928-5bdb-83ef-2c0f9faba1dd,active,2025-11-08
0c0abb52-94b0-5ab6-861e-d23b55c84477,d0919697-1853-5240-b9fa-4b67ef68111e,0b4a6e3b-d5cd-5d10-87c4-ab6fda0aa831,active,2026-01-07
454a9d1b-72a3-5af6-bc4c-1da5190bb05d,d0919697-1853-5240-b9fa-4b67ef68111e,018fefc2-38fb-5f92-8391-2fe032547753,active,2026-05-07
193f5d74-724e-5ba2-833a-c8d33b489603,d0919697-1853-5240-b9fa-4b67ef68111e,0a1506ca-ede6-548b-91b8-0730277089b0,active,2026-01-10
47f707f5-d47f-5fdd-9def-ee0d788bb7fc,d0919697-1853-5240-b9fa-4b67ef68111e,f080ca1b-6cb2-5242-98ed-4612ac098b94,active,2026-06-04
de5aecb8-fde3-53ca-a05b-70d37cc8e340,d0919697-1853-5240-b9fa-4b67ef68111e,fc407d89-26e4-55ce-a2dc-fdae931500f1,active,2026-08-23
be4b85f1-e15c-5f1a-b6ea-46b3b0ee8f7e,26cfb47a-1770-50c0-93c0-1902e1383ecb,0b4a6e3b-d5cd-5d10-87c4-ab6fda0aa831,pending,2025-11-05
81c3dc31-99d1-580a-9492-1b7597393d20,26cfb47a-1770-50c0-93c0-1902e1383ecb,018fefc2-38fb-5f92-8391-2fe032547753,active,2026-04-07
37f9cf01-5abe-5998-8d21-7ca109f95547,26cfb47a-1770-50c0-93c0-1902e1383ecb,0a1506ca-ede6-548b-91b8-0730277089b0,active,2026-03-24
3ebcd4ea-3c13-5cc5-8c1f-ed7a3a608419,26cfb47a-1770-50c0-93c0-1902e1383ecb,69d2e248-598e-501c-a2eb-fb4fb8ccf487,active,2026-08-28
ad25b23b-48b4-5e09-8b97-0691cf980ad5,26cfb47a-1770-50c0-93c0-1902e1383ecb,a9db23aa-1685-5f58-8beb-3c1c13702b6a,active,2025-11-30
db27f61c-508f-51cb-a4d6-ab1d53b972ac,26cfb47a-1770-50c0-93c0-1902e1383ecb,9502494a-7b3f-5213-8df6-4e5e5e22101f,active,2025-10-28
228aa6b3-170c-534c-904e-af5ed2b4cf65,75bbd7eb-0476-5f46-9b01-32c25a4774e3,0b4a6e3b-d5cd-5d10-87c4-ab6fda0aa831,active,2026-03-21
5ff8fd90-99be-5906-bd27-f70a6663ed75,75bbd7eb-0476-5f46-9b01-32c25a4774e3,018fefc2-38fb-5f92-8391-2fe032547753,active,2025-09-07
f2366710-7c99-59c3-b621-15fecd18bef4,75bbd7eb-0476-5f46-9b01-32c25a4774e3,4b343160-5928-5bdb-83ef-2c0f9faba1dd,active,2026-04-21
02b2a4a4-b1cd-5a15-afd0-a37aa0ecd225,75bbd7eb-0476-5f46-9b01-32c25a4774e3,9502494a-7b3f-5213-8df6-4e5e5e22101f,active,2025-09-09
14499e62-b44f-5cfc-9865-a00f020b0f5f,75bbd7eb-0476-5f46-9b01-32c25a4774e3,f080ca1b-6cb2-5242-98ed-4612ac098b94,active,2026-01-13
9b93caec-88f4-5531-9fc1-63364e338b52,75bbd7eb-0476-5f46-9b01-32c25a4774e3,868b1dbf-370d-5142-be8c-5a80dfad818d,active,2025-12-14
90727c35-796a-50df-b1e9-14784c785961,70eaeea2-928a-5eb5-b563-8b339c068505,0b4a6e3b-d5cd-5d10-87c4-ab6fda0aa831,active,2025-10-09
25343a40-db06-53af-b7c2-8b90c15c4ce7,70eaeea2-928a-5eb5-b563-8b339c068505,018fefc2-38fb-5f92-8391-2fe032547753,active,2026-02-14
33cc022c-47d7-57a2-ab1f-f9c200769f03,70eaeea2-928a-5eb5-b563-8b339c068505,868b1dbf-370d-5142-be8c-5a80dfad818d,active,2026-04-23
d3accdeb-9246-5da5-98ee-ca7e180b7eaa,f9cf41ec-effa-5b4c-8be7-0e9fe5d931db,0b4a6e3b-d5cd-5d10-87c4-ab6fda0aa831,inactive,2026-04-09
a620a963-2eab-5971-88d3-d4e4d0e2b020,f9cf41ec-effa-5b4c-8be7-0e9fe5d931db,018fefc2-38fb-5f92-8391-2fe032547753,active,2025-12-16
d3ac7fd4-5c0e-5cc1-81e5-be41738593e1,f9cf41ec-effa-5b4c-8be7-0e9fe5d931db,0a1506ca-ede6-548b-91b8-0730277089b0,active,2026-05-05
18338036-c292-5612-96ed-625931269f48,f9cf41ec-effa-5b4c-8be7-0e9fe5d931db,868b1dbf-370d-5142-be8c-5a80dfad818d,active,2026-02-23
0285f5f5-19b3-5d53-b75e-2740474bcb8d,f9cf41ec-effa-5b4c-8be7-0e9fe5d931db,f080ca1b-6cb2-5242-98ed-4612ac098b94,active,2026-01-21
5d010349-afbb-592d-abfb-3fb9ed7443ca,f9cf41ec-effa-5b4c-8be7-0e9fe5d931db,69d2e248-598e-501c-a2eb-fb4fb8ccf487,active,2025-12-05
bc860480-cda2-573e-9707-bc7af2dd8648,4c051f32-86d9-5d97-bf24-5f8b5dd62268,0b4a6e3b-d5cd-5d10-87c4-ab6fda0aa831,active,2025-11-13
e684ad21-7d10-5cc1-9299-cefdb93e9694,4c051f32-86d9-5d97-bf24-5f8b5dd62268,018fefc2-38fb-5f92-8391-2fe032547753,active,2026-02-12
3ddfdc42-6510-5205-a6c7-e4546cd349ae,4c051f32-86d9-5d97-bf24-5f8b5dd62268,f080ca1b-6cb2-5242-98ed-4612ac098b94,inactive,2026-06-29
622f3f01-70d5-5d00-9020-399eeb15a3b8,c0df7fa1-c35b-5e76-9f7f-be2d4e7b9137,0b4a6e3b-d5cd-5d10-87c4-ab6fda0aa831,active,2026-02-21
4df9f814-b4b0-5673-83dc-49fb513848a2,c0df7fa1-c35b-5e76-9f7f-be2d4e7b9137,018fefc2-38fb-5f92-8391-2fe032547753,active,2026-07-25
385728be-e895-5143-859e-29eaf6881fed,c0df7fa1-c35b-5e76-9f7f-be2d4e7b9137,fc407d89-26e4-55ce-a2dc-fdae931500f1,pending,2026-07-24
2a90cfbc-cb40-5076-b34d-eeae95c5c2bf,c0df7fa1-c35b-5e76-9f7f-be2d4e7b9137,0a1506ca-ede6-548b-91b8-0730277089b0,active,2026-05-06
1f8aec17-d2f7-53bb-98dc-5fb5250fa52c,fdc8490f-18c5-541c-a881-0a783177e69a,0b4a6e3b-d5cd-5d10-87c4-ab6fda0aa831,active,2026-02-27
146e2316-ddae-5e22-977a-529cea55d295,fdc8490f-18c5-541c-a881-0a783177e69a,018fefc2-38fb-5f92-8391-2fe032547753,active,2025-11-16
9bca6f86-b3bb-50a1-988b-1f065fd947e0,fdc8490f-18c5-541c-a881-0a783177e69a,9502494a-7b3f-5213-8df6-4e5e5e22101f,active,2026-04-04
d9e8cb90-371e-5080-9eba-f618491bcf2b,fdc8490f-18c5-541c-a881-0a783177e69a,4b343160-5928-5bdb-83ef-2c0f9faba1dd,active,2026-06-27
05b61c36-714c-572f-af25-7b97d87be38a,fdc8490f-18c5-541c-a881-0a783177e69a,fc407d89-26e4-55ce-a2dc-fdae931500f1,active,2026-03-01
cc5b327c-2045-57c0-9d08-d85449a86c4e,bf1e7cdd-c176-5a12-adee-ae2347e0b045,0b4a6e3b-d5cd-5d10-87c4-ab6fda0aa831,active,2026-02-18
b8b9cfc2-032f-541d-bb2a-5b7b0fe61d1b,bf1e7cdd-c176-5a12-adee-ae2347e0b045,018fefc2-38fb-5f92-8391-2fe032547753,active,2025-10-27
62dfa75f-16a8-555d-80bf-f19f2f027633,bf1e7cdd-c176-5a12-adee-ae2347e0b045,0a1506ca-ede6-548b-91b8-0730277089b0,active,2025-10-04
9c0285f0-d116-5800-b594-9801b71c4a2f,bf1e7cdd-c176-5a12-adee-ae2347e0b045,9502494a-7b3f-5213-8df6-4e5e5e22101f,inactive,2026-03-16
a2dac3b6-cf9e-5c6e-afd0-a0e95e59faab,bf1e7cdd-c176-5a12-adee-ae2347e0b045,fc407d89-26e4-55ce-a2dc-fdae931500f1,active,2026-03-09
77209b3d-87da-5c49-81f9-0a7807e5cd31,bf1e7cdd-c176-5a12-adee-ae2347e0b045,69d2e248-598e-501c-a2eb-fb4fb8ccf487,active,2026-03-13
6cfe3e0a-da36-50ff-84f1-ab6c24b60784,bf1e7cdd-c176-5a12-adee-ae2347e0b045,f080ca1b-6cb2-5242-98ed-4612ac098b94,active,2026-02-02
5ee8dd56-8ed3-5cb2-9065-7c7c6b23ea58,280eeed9-60dd-5113-9e55-694840c439c0,0b4a6e3b-d5cd-5d10-87c4-ab6fda0aa831,inactive,2025-11-10
c3750e3f-7f55-5087-a5af-9af9fc90f20f,280eeed9-60dd-5113-9e55-694840c439c0,018fefc2-38fb-5f92-8391-2fe032547753,inactive,2025-12-30
3430f97f-bb9d-55da-be64-840411285e47,280eeed9-60dd-5113-9e55-694840c439c0,868b1dbf-370d-5142-be8c-5a80dfad818d,active,2026-04-07
ae27b8cb-3ae2-5b25-8207-7eaa120b53cd,280eeed9-60dd-5113-9e55-694840c439c0,a9db23aa-1685-5f58-8beb-3c1c13702b6a,active,2025-11-09
337d08dd-478f-5694-9ab9-146304a75e5c,280eeed9-60dd-5113-9e55-694840c439c0,69d2e248-598e-501c-a2eb-fb4fb8ccf487,active,2025-12-07
5e73f04e-32c4-546c-b956-166b4ee15357,280eeed9-60dd-5113-9e55-694840c439c0,0a1506ca-ede6-548b-91b8-0730277089b0,active,2026-07-16
d829ee47-020d-5969-abf1-86126fd8ba63,81f09c34-379c-5c48-920c-966e2067fe0c,0b4a6e3b-d5cd-5d10-87c4-ab6fda0aa831,active,2025-10-09
76b3c613-9804-59b8-be7e-be08de7a35b1,81f09c34-379c-5c48-920c-966e2067fe0c,018fefc2-38fb-5f92-8391-2fe032547753,active,2026-06-19
d83374cb-227a-531c-8aa2-d190138411c7,81f09c34-379c-5c48-920c-966e2067fe0c,a9db23aa-1685-5f58-8beb-3c1c13702b6a,active,2026-08-03
2fc02fee-afe6-5810-a32c-01184f0cb5bf,81f09c34-379c-5c48-920c-966e2067fe0c,f080ca1b-6cb2-5242-98ed-4612ac098b94,active,2026-04-15
c51f451f-cfaf-5e13-a8f0-88c21d35c753,a98ed541-03fd-5425-8eec-a87c602d2311,0b4a6e3b-d5cd-5d10-87c4-ab6fda0aa831,active,2025-11-17
4d546650-9c34-53a8-a779-8bf8db13e584,a98ed541-03fd-5425-8eec-a87c602d2311,018fefc2-38fb-5f92-8391-2fe032547753,active,2026-05-04
affb884e-aa5b-5494-b4c5-159f528346c1,a98ed541-03fd-5425-8eec-a87c602d2311,69d2e248-598e-501c-a2eb-fb4fb8ccf487,active,2026-02-02
13d6072c-0f1d-5097-a9a0-fc4921083751,afec21ca-7a3b-57fe-bd1a-0548dbc90abd,0b4a6e3b-d5cd-5d10-87c4-ab6fda0aa831,active,2026-03-12
079aabfc-0436-5445-a621-6bad5e027bde,afec21ca-7a3b-57fe-bd1a-0548dbc90abd,018fefc2-38fb-5f92-8391-2fe032547753,active,2026-04-22
c97b167d-24f0-5544-ba91-e66f1d7f5890,afec21ca-7a3b-57fe-bd1a-0548dbc90abd,0a1506ca-ede6-548b-91b8-0730277089b0,active,2025-10-26
c0537aaa-6a48-5614-91c2-72a83a4a6992,06ddfe83-8a06-5462-8cc2-d513bb19d779,0b4a6e3b-d5cd-5d10-87c4-ab6fda0aa831,active,2026-05-27
ba2f07ec-e151-5fa3-9b34-cb83474d08d4,06ddfe83-8a06-5462-8cc2-d513bb19d779,018fefc2-38fb-5f92-8391-2fe032547753,active,2025-11-17
e6acbe29-f2ef-52ef-a37c-a24b9deb4768,06ddfe83-8a06-5462-8cc2-d513bb19d779,f080ca1b-6cb2-5242-98ed-4612ac098b94,active,2026-03-15
589dca68-2801-5e4e-9375-b4f37b2a549b,06ddfe83-8a06-5462-8cc2-d513bb19d779,4b343160-5928-5bdb-83ef-2c0f9faba1dd,active,2025-09-06
774ad035-aeb0-5c44-805e-fc89fd7307a0,06ddfe83-8a06-5462-8cc2-d513bb19d779,0a1506ca-ede6-548b-91b8-0730277089b0,active,2025-09-28
e4a9cfe9-661b-5225-978f-2a0f54d8856b,06ddfe83-8a06-5462-8cc2-d513bb19d779,a9db23aa-1685-5f58-8beb-3c1c13702b6a,pending,2025-09-07
3a793abb-378f-5e61-9daf-21a3f14766c4,06ddfe83-8a06-5462-8cc2-d513bb19d779,9502494a-7b3f-5213-8df6-4e5e5e22101f,active,2026-01-12
23de4e2a-603e-5633-a8a1-73e02d3a60b9,06ddfe83-8a06-5462-8cc2-d513bb19d779,fc407d89-26e4-55ce-a2dc-fdae931500f1,active,2026-07-24
8ad964c2-4169-508c-b1f9-d8912394c061,73a41282-6a7f-52a0-a8e4-59e5fe677ddc,0b4a6e3b-d5cd-5d10-87c4-ab6fda0aa831,active,2026-03-11
05bf0086-795d-51cd-83f8-1e96a774aeb0,73a41282-6a7f-52a0-a8e4-59e5fe677ddc,018fefc2-38fb-5f92-8391-2fe032547753,active,2026-07-04
c3f31412-e5be-5510-a925-790bde468bb7,73a41282-6a7f-52a0-a8e4-59e5fe677ddc,868b1dbf-370d-5142-be8c-5a80dfad818d,active,2025-09-10
954ebf0c-a4e7-5b66-ad81-e64bfaa5bdca,73a41282-6a7f-52a0-a8e4-59e5fe677ddc,9502494a-7b3f-5213-8df6-4e5e5e22101f,active,2026-07-02
f638c7dc-e092-5109-b8b5-055302f2d58f,73a41282-6a7f-52a0-a8e4-59e5fe677ddc,4b343160-5928-5bdb-83ef-2c0f9faba1dd,active,2026-08-28
87314ab2-82b9-5ea1-822e-93aba0f5643c,73a41282-6a7f-52a0-a8e4-59e5fe677ddc,a9db23aa-1685-5f58-8beb-3c1c13702b6a,active,2026-01-06
9b0a56d0-aa40-5e79-88f3-46672c52fdcd,73a41282-6a7f-52a0-a8e4-59e5fe677ddc,fc407d89-26e4-55ce-a2dc-fdae931500f1,inactive,2026-05-12
9aa11379-021f-51fb-bd9f-5a897ae73e21,ef06c2cd-3f07-5cac-9769-02f0b83cbd69,0b4a6e3b-d5cd-5d10-87c4-ab6fda0aa831,active,2026-05-12
598ecee0-5f4c-5543-9573-09b404172c59,ef06c2cd-3f07-5cac-9769-02f0b83cbd69,018fefc2-38fb-5f92-8391-2fe032547753,active,2026-02-08
7179aca1-ead1-5b8b-bc7b-d67f62dce5a9,ef06c2cd-3f07-5cac-9769-02f0b83cbd69,f080ca1b-6cb2-5242-98ed-4612ac098b94,active,2026-06-27
6fe11870-ffb3-5db1-9b34-c03cc9c2cf5b,ef06c2cd-3f07-5cac-9769-02f0b83cbd69,0a1506ca-ede6-548b-91b8-0730277089b0,active,2026-07-14
492e62d3-65ca-591b-8917-15e152710beb,ef06c2cd-3f07-5cac-9769-02f0b83cbd69,69d2e248-598e-501c-a2eb-fb4fb8ccf487,active,2025-12-05
b04e83ee-044d-57fb-b51e-230bcd296d94,ef06c2cd-3f07-5cac-9769-02f0b83cbd69,a9db23aa-1685-5f58-8beb-3c1c13702b6a,active,2026-01-21
cb3e8e97-c079-5bd6-a2ce-8af096a16d16,d6c5492e-1e4e-5995-8f19-f08cde1f8800,0b4a6e3b-d5cd-5d10-87c4-ab6fda0aa831,active,2026-03-16
e4d3366c-064a-5ec0-a00f-dea7110cbc51,d6c5492e-1e4e-5995-8f19-f08cde1f8800,018fefc2-38fb-5f92-8391-2fe032547753,pending,2026-06-08
e3d88a36-104a-5684-a88d-e29ef0d5257d,d6c5492e-1e4e-5995-8f19-f08cde1f8800,0a1506ca-ede6-548b-91b8-0730277089b0,active,2026-05-03
38cc4a53-ca66-5aec-ae3f-91172a5b7683,d6c5492e-1e4e-5995-8f19-f08cde1f8800,f080ca1b-6cb2-5242-98ed-4612ac098b94,active,2025-11-27
32b74764-11c6-5674-9055-4f7cc0695a77,d6c5492e-1e4e-5995-8f19-f08cde1f8800,4b343160-5928-5bdb-83ef-2c0f9faba1dd,active,2026-03-02
8a6a03f1-f33f-5038-a327-50a440bce824,d6c5492e-1e4e-5995-8f19-f08cde1f8800,a9db23aa-1685-5f58-8beb-3c1c13702b6a,active,2026-01-11
29aca1b4-2c14-503d-8e60-5092afa94ee3,be2bed8f-23f4-5c48-8645-bfe78827e3ab,0b4a6e3b-d5cd-5d10-87c4-ab6fda0aa831,active,2026-07-27
e03e6d08-89c2-5bc2-855c-fe6f0416cc7f,be2bed8f-23f4-5c48-8645-bfe78827e3ab,018fefc2-38fb-5f92-8391-2fe032547753,active,2026-02-24
3c43553f-606a-5cde-b32d-f6f9e9819bd2,be2bed8f-23f4-5c48-8645-bfe78827e3ab,fc407d89-26e4-55ce-a2dc-fdae931500f1,active,2026-04-17
adc34886-4e4d-5d3c-bce1-38c8c59b35f7,be2bed8f-23f4-5c48-8645-bfe78827e3ab,0a1506ca-ede6-548b-91b8-0730277089b0,active,2026-04-24
4bbd7f20-338a-5580-95a4-6ec6364619eb,be2bed8f-23f4-5c48-8645-bfe78827e3ab,9502494a-7b3f-5213-8df6-4e5e5e22101f,active,2025-11-15
61b48405-4024-5014-99a0-3edc4fb4e0a5,be2bed8f-23f4-5c48-8645-bfe78827e3ab,868b1dbf-370d-5142-be8c-5a80dfad818d,active,2025-09-12
70ee75dd-8254-59ab-b8f9-f495d1b09213,be2bed8f-23f4-5c48-8645-bfe78827e3ab,4b343160-5928-5bdb-83ef-2c0f9faba1dd,active,2025-09-06
39239793-96ba-51a0-91ce-25fd25c1f92f,be2bed8f-23f4-5c48-8645-bfe78827e3ab,a9db23aa-1685-5f58-8beb-3c1c13702b6a,active,2026-08-17
bf430286-ed6e-5470-9aae-5af1f4fcffd9,02520a14-3e5c-5475-a61e-0be9e3abb5de,0b4a6e3b-d5cd-5d10-87c4-ab6fda0aa831,inactive,2025-10-17
2caa8863-8e06-5f25-9df0-ded9540d56ab,02520a14-3e5c-5475-a61e-0be9e3abb5de,018fefc2-38fb-5f92-8391-2fe032547753,active,2025-10-03
278385dd-4550-5618-afd8-75474613f0cf,02520a14-3e5c-5475-a61e-0be9e3abb5de,9502494a-7b3f-5213-8df6-4e5e5e22101f,active,2026-03-28
a90c9bf0-70f1-5bd4-b93f-417423d8a2cb,02520a14-3e5c-5475-a61e-0be9e3abb5de,4b343160-5928-5bdb-83ef-2c0f9faba1dd,active,2026-08-15
7b1697a9-930d-5e68-87ed-ab8669a45537,1c58051c-76cd-5899-a182-95fa49aca941,0b4a6e3b-d5cd-5d10-87c4-ab6fda0aa831,active,2026-06-03
c32cc35f-f9fa-5452-8789-2f8951eace8e,1c58051c-76cd-5899-a182-95fa49aca941,018fefc2-38fb-5f92-8391-2fe032547753,active,2025-12-08
e01a7678-53bf-5e46-aec6-250303a324ea,1c58051c-76cd-5899-a182-95fa49aca941,a9db23aa-1685-5f58-8beb-3c1c13702b6a,active,2025-12-30
b5407431-8163-5b63-80ee-f6f7f5030f3c,1c58051c-76cd-5899-a182-95fa49aca941,0a1506ca-ede6-548b-91b8-0730277089b0,active,2026-04-07
ca8e1744-6160-5fa1-9c09-565fcd131736,1c58051c-76cd-5899-a182-95fa49aca941,868b1dbf-370d-5142-be8c-5a80dfad818d,active,2025-10-23
426bcf9e-e60f-5135-9284-9e2662efaef2,1c58051c-76cd-5899-a182-95fa49aca941,9502494a-7b3f-5213-8df6-4e5e5e22101f,active,2026-06-06
932e375e-7f5b-535b-ad53-39ca8c3f6c12,b4e79e56-2f1f-51be-aafa-b3520aeed22c,0b4a6e3b-d5cd-5d10-87c4-ab6fda0aa831,active,2026-03-21
4ead8d87-136f-5ae9-b196-a4edd975b2cd,b4e79e56-2f1f-51be-aafa-b3520aeed22c,018fefc2-38fb-5f92-8391-2fe032547753,active,2026-03-05
fd424d53-4f73-5085-ae34-0954e30e157b,b4e79e56-2f1f-51be-aafa-b3520aeed22c,0a1506ca-ede6-548b-91b8-0730277089b0,active,2026-01-27
a81fd3d4-2586-5428-9909-a99de523791e,b4e79e56-2f1f-51be-aafa-b3520aeed22c,868b1dbf-370d-5142-be8c-5a80dfad818d,inactive,2025-11-09
aed52ca7-3c0c-57f4-bc55-9faff6d6f14b,b4e79e56-2f1f-51be-aafa-b3520aeed22c,69d2e248-598e-501c-a2eb-fb4fb8ccf487,active,2025-10-02
b52f9667-df8f-511a-a0a1-a32dfb55257c,b4e79e56-2f1f-51be-aafa-b3520aeed22c,fc407d89-26e4-55ce-a2dc-fdae931500f1,active,2026-05-03
f2123674-7ad5-556d-ad8c-9579ba04e566,b4e79e56-2f1f-51be-aafa-b3520aeed22c,9502494a-7b3f-5213-8df6-4e5e5e22101f,active,2026-04-23
4143cb46-bbd9-5b23-9f37-2a0c46d30f50,036cfe8f-06a2-57a8-bed2-93f08427137b,0b4a6e3b-d5cd-5d10-87c4-ab6fda0aa831,active,2026-04-12
97aa88f2-5879-59ca-95c2-4bd78eed3ada,036cfe8f-06a2-57a8-bed2-93f08427137b,018fefc2-38fb-5f92-8391-2fe032547753,active,2026-02-07
a2204c6d-11b9-5db8-b1d0-ccf683257ee1,036cfe8f-06a2-57a8-bed2-93f08427137b,69d2e248-598e-501c-a2eb-fb4fb8ccf487,active,2025-09-04
3b571b9f-c812-58d0-bee2-4b9a7d0e2444,036cfe8f-06a2-57a8-bed2-93f08427137b,0a1506ca-ede6-548b-91b8-0730277089b0,pending,2025-11-27
df8db373-6043-5edf-a612-88c15ffc372f,036cfe8f-06a2-57a8-bed2-93f08427137b,f080ca1b-6cb2-5242-98ed-4612ac098b94,active,2026-03-29
5651b847-fb76-58ee-8bc0-7c6185d272dd,97d04480-5e52-5237-a88e-b2e227706fdf,0b4a6e3b-d5cd-5d10-87c4-ab6fda0aa831,active,2026-03-04
15788cfb-a2ee-558b-b9d8-42cfd0178473,97d04480-5e52-5237-a88e-b2e227706fdf,018fefc2-38fb-5f92-8391-2fe032547753,inactive,2026-08-13
82f44e3d-eef0-531f-a85c-7594826bf65b,97d04480-5e52-5237-a88e-b2e227706fdf,9502494a-7b3f-5213-8df6-4e5e5e22101f,active,2026-01-14
5a698d8a-7392-5680-9543-7bf0f5c2af13,97d04480-5e52-5237-a88e-b2e227706fdf,4b343160-5928-5bdb-83ef-2c0f9faba1dd,active,2026-01-11
da48cc29-3775-5734-844e-ac568de8372f,97d04480-5e52-5237-a88e-b2e227706fdf,a9db23aa-1685-5f58-8beb-3c1c13702b6a,active,2025-10-12
e66414cc-efce-5b18-aa3b-8be074378b87,97d04480-5e52-5237-a88e-b2e227706fdf,69d2e248-598e-501c-a2eb-fb4fb8ccf487,active,2026-06-27
7fca0339-8e4a-54ad-87b0-cf0b9ada2f94,f9b89a31-5568-500b-ad1d-a051081a529c,0b4a6e3b-d5cd-5d10-87c4-ab6fda0aa831,active,2026-03-14
7701d959-1cf3-5b3c-846b-e4a901f6d1a5,f9b89a31-5568-500b-ad1d-a051081a529c,018fefc2-38fb-5f92-8391-2fe032547753,active,2026-02-04
583eb46d-42b9-5bf5-9a04-8c05ecdb8514,f9b89a31-5568-500b-ad1d-a051081a529c,a9db23aa-1685-5f58-8beb-3c1c13702b6a,active,2026-08-22
f7b9a7f1-f858-5b22-bf9d-cadd902c6f9f,f9b89a31-5568-500b-ad1d-a051081a529c,9502494a-7b3f-5213-8df6-4e5e5e22101f,pending,2026-07-28
17c7a0d7-31d1-58b4-a3a4-e5106832f35c,f9b89a31-5568-500b-ad1d-a051081a529c,fc407d89-26e4-55ce-a2dc-fdae931500f1,active,2025-12-31
71634518-9e66-5b62-a2a0-e6b42bedc438,f9b89a31-5568-500b-ad1d-a051081a529c,f080ca1b-6cb2-5242-98ed-4612ac098b94,active,2026-07-04
ab6ea4e2-5aa3-5fea-9932-37f2a899237f,1473abde-9150-5527-b7b4-02c74c77e27b,0b4a6e3b-d5cd-5d10-87c4-ab6fda0aa831,inactive,2026-06-07
32c4e0c9-afa8-57c5-a7a2-424bb9156239,1473abde-9150-5527-b7b4-02c74c77e27b,018fefc2-38fb-5f92-8391-2fe032547753,active,2026-06-01
85ef56f1-8cb3-5d17-86be-769eb30d89b1,1473abde-9150-5527-b7b4-02c74c77e27b,868b1dbf-370d-5142-be8c-5a80dfad818d,active,2026-06-27
44036f17-a998-5a7e-9d4d-4ebbbfe0387a,1473abde-9150-5527-b7b4-02c74c77e27b,fc407d89-26e4-55ce-a2dc-fdae931500f1,active,2025-12-05
3f64d517-960f-5f37-983d-f3d6c86b9fef,1473abde-9150-5527-b7b4-02c74c77e27b,9502494a-7b3f-5213-8df6-4e5e5e22101f,inactive,2025-09-17
91fd281e-95e0-5120-ac72-4ae963d8a599,578d5b84-5e11-50bd-b68e-24b49a525709,0b4a6e3b-d5cd-5d10-87c4-ab6fda0aa831,active,2026-05-09
5be73a5c-3033-5b73-ac6d-e55a6f5bec1a,578d5b84-5e11-50bd-b68e-24b49a525709,018fefc2-38fb-5f92-8391-2fe032547753,active,2026-01-25
4535f99c-1702-541a-8831-552dcfde7508,578d5b84-5e11-50bd-b68e-24b49a525709,69d2e248-598e-501c-a2eb-fb4fb8ccf487,active,2026-06-05
f85cc410-166c-5278-b523-93ee739a56bb,d1d234d2-2487-57ef-aee2-33e973811c55,0b4a6e3b-d5cd-5d10-87c4-ab6fda0aa831,active,2025-12-25
dddf581e-9d12-5953-9adc-010ced1a688a,d1d234d2-2487-57ef-aee2-33e973811c55,018fefc2-38fb-5f92-8391-2fe032547753,pending,2026-01-28
f23d5fb5-3006-5454-b08d-a93426d00274,d1d234d2-2487-57ef-aee2-33e973811c55,9502494a-7b3f-5213-8df6-4e5e5e22101f,pending,2026-07-31
50c3a51f-afec-5194-afff-bbe2ac21e14f,d1d234d2-2487-57ef-aee2-33e973811c55,69d2e248-598e-501c-a2eb-fb4fb8ccf487,active,2026-06-22
15480324-eded-5220-b2a2-a1d56863469e,d1d234d2-2487-57ef-aee2-33e973811c55,4b343160-5928-5bdb-83ef-2c0f9faba1dd,active,2025-09-27
bde69996-4c7c-561a-a2d9-a34942b41cb4,ba7159ca-f7be-52f1-a9d1-44a63f28cb10,0b4a6e3b-d5cd-5d10-87c4-ab6fda0aa831,active,2026-08-06
6d312b4c-f23b-54b6-8e6b-e76463acb333,ba7159ca-f7be-52f1-a9d1-44a63f28cb10,018fefc2-38fb-5f92-8391-2fe032547753,active,2026-06-15
26c016ed-9401-5252-9824-829bf483bf16,ba7159ca-f7be-52f1-a9d1-44a63f28cb10,9502494a-7b3f-5213-8df6-4e5e5e22101f,active,2025-11-14
4d559f4b-5db3-5cf0-8bb5-2a43c27e9045,ba7159ca-f7be-52f1-a9d1-44a63f28cb10,fc407d89-26e4-55ce-a2dc-fdae931500f1,active,2026-05-17
e1591b5e-c84d-5528-936a-45a4a78bff18,ba7159ca-f7be-52f1-a9d1-44a63f28cb10,69d2e248-598e-501c-a2eb-fb4fb8ccf487,active,2026-02-20
f279c7a8-e06f-5b47-b9d6-032d5c6d0e6c,76a66565-6464-5b17-aaad-6730bfd4b656,0b4a6e3b-d5cd-5d10-87c4-ab6fda0aa831,active,2026-01-10
a5f77b87-e18c-5f54-a4ae-cfd850191f05,76a66565-6464-5b17-aaad-6730bfd4b656,018fefc2-38fb-5f92-8391-2fe032547753,active,2026-02-27
6f258d3a-22f4-5272-956c-d8563d858338,76a66565-6464-5b17-aaad-6730bfd4b656,a9db23aa-1685-5f58-8beb-3c1c13702b6a,active,2026-01-28
fec53da6-d58a-54ef-952b-006d54dd14aa,76a66565-6464-5b17-aaad-6730bfd4b656,4b343160-5928-5bdb-83ef-2c0f9faba1dd,active,2026-02-06
7ffc6cac-6463-53fa-b0c9-6dfe1edd4dfc,76a66565-6464-5b17-aaad-6730bfd4b656,0a1506ca-ede6-548b-91b8-0730277089b0,pending,2026-03-20
d520efe2-61ec-5d73-b439-2f00917f084b,76a66565-6464-5b17-aaad-6730bfd4b656,69d2e248-598e-501c-a2eb-fb4fb8ccf487,active,2025-10-23
39dd3ad0-488c-56ae-8747-0ea75db3661f,76a66565-6464-5b17-aaad-6730bfd4b656,9502494a-7b3f-5213-8df6-4e5e5e22101f,active,2026-05-24
373f77a8-90fa-54ba-a8d6-f6766e9a5ae9,76a66565-6464-5b17-aaad-6730bfd4b656,fc407d89-26e4-55ce-a2dc-fdae931500f1,active,2026-04-20
c93b5ece-fad6-5d99-aebf-f1522aae791d,8bfe8753-2521-510c-ad0f-7e2fd070a553,0b4a6e3b-d5cd-5d10-87c4-ab6fda0aa831,inactive,2026-08-06
d7924237-9b47-5538-97d5-cf8406da29bb,8bfe8753-2521-510c-ad0f-7e2fd070a553,018fefc2-38fb-5f92-8391-2fe032547753,active,2026-02-15
a9f7a3ba-b3d3-5970-b549-6c8592442ebc,8bfe8753-2521-510c-ad0f-7e2fd070a553,a9db23aa-1685-5f58-8beb-3c1c13702b6a,inactive,2026-01-26
eb34dc03-9242-53e7-87fe-4058c01595d1,8bfe8753-2521-510c-ad0f-7e2fd070a553,868b1dbf-370d-5142-be8c-5a80dfad818d,active,2025-10-07
76f93966-aedf-5efe-b3c9-86eb8f484fd5,9bc19287-b73f-5635-8e8a-dee11dd608ba,0b4a6e3b-d5cd-5d10-87c4-ab6fda0aa831,active,2026-03-11
3ae8f235-7e78-59e8-bd08-9a57b8f8dc1b,9bc19287-b73f-5635-8e8a-dee11dd608ba,018fefc2-38fb-5f92-8391-2fe032547753,active,2026-04-07
acd7de33-779b-5ac6-8746-affa09f4e8ba,9bc19287-b73f-5635-8e8a-dee11dd608ba,69d2e248-598e-501c-a2eb-fb4fb8ccf487,active,2026-07-25
ebf7810b-5bf8-5175-b351-155b1efbba47,9bc19287-b73f-5635-8e8a-dee11dd608ba,868b1dbf-370d-5142-be8c-5a80dfad818d,active,2026-03-03
1f3841d0-d8a1-5ad5-835c-62e06b6ae42f,9bc19287-b73f-5635-8e8a-dee11dd608ba,4b343160-5928-5bdb-83ef-2c0f9faba1dd,active,2025-10-08
9e6ab110-6ae0-50aa-9b68-a45044e928de,9bc19287-b73f-5635-8e8a-dee11dd608ba,a9db23aa-1685-5f58-8beb-3c1c13702b6a,active,2026-01-11
53da93ac-8702-5f97-9586-5e5cd2189c74,9bc19287-b73f-5635-8e8a-dee11dd608ba,f080ca1b-6cb2-5242-98ed-4612ac098b94,active,2026-07-04
e1e59d62-24b3-5a1a-baa7-b77a36ec3bc4,9bc19287-b73f-5635-8e8a-dee11dd608ba,0a1506ca-ede6-548b-91b8-0730277089b0,active,2025-12-16
3b5a7479-bc96-5cb1-89cb-4eb7b17e9db7,e9c26c5f-6e89-53ec-8a85-bf1d27870158,0b4a6e3b-d5cd-5d10-87c4-ab6fda0aa831,active,2026-01-17
81971360-4c1a-5143-ad92-7c3d510cb1b0,e9c26c5f-6e89-53ec-8a85-bf1d27870158,018fefc2-38fb-5f92-8391-2fe032547753,active,2025-10-09
97bacff0-03c3-5f50-956d-8d8ee13dd242,e9c26c5f-6e89-53ec-8a85-bf1d27870158,868b1dbf-370d-5142-be8c-5a80dfad818d,inactive,2026-03-16
bfc36c37-7c25-54aa-9864-e294b585e297,e9c26c5f-6e89-53ec-8a85-bf1d27870158,9502494a-7b3f-5213-8df6-4e5e5e22101f,active,2026-08-20
85d7ef07-238c-5eff-b0dd-3677a45fad7c,e9c26c5f-6e89-53ec-8a85-bf1d27870158,4b343160-5928-5bdb-83ef-2c0f9faba1dd,active,2026-02-16
24d778a5-f3d1-5d0f-bf9f-2e9847e18945,e9c26c5f-6e89-53ec-8a85-bf1d27870158,fc407d89-26e4-55ce-a2dc-fdae931500f1,inactive,2026-02-10
69f9abb9-0f64-5430-a133-000d6527ece7,e9c26c5f-6e89-53ec-8a85-bf1d27870158,69d2e248-598e-501c-a2eb-fb4fb8ccf487,active,2026-06-28
d243a431-28d8-55ba-b2a6-1cd373e5dd3e,e9c26c5f-6e89-53ec-8a85-bf1d27870158,f080ca1b-6cb2-5242-98ed-4612ac098b94,inactive,2026-06-14
504dee15-51a7-5e4e-acb5-f4c083e9cb07,10f5f13e-184b-5a69-8637-e0ac9a00d67a,0b4a6e3b-d5cd-5d10-87c4-ab6fda0aa831,pending,2026-01-02
209aa9e1-e8ab-5426-a79c-82a0e0414fe4,10f5f13e-184b-5a69-8637-e0ac9a00d67a,018fefc2-38fb-5f92-8391-2fe032547753,inactive,2026-03-18
8cb43474-6908-5802-bd00-81f1e419f3e3,10f5f13e-184b-5a69-8637-e0ac9a00d67a,a9db23aa-1685-5f58-8beb-3c1c13702b6a,pending,2026-02-24
ba0fe458-6211-569f-b66a-fdc4eedcac10,10f5f13e-184b-5a69-8637-e0ac9a00d67a,9502494a-7b3f-5213-8df6-4e5e5e22101f,active,2025-09-01
31e2a85e-084f-5d18-be74-19aff1b86fe9,10f5f13e-184b-5a69-8637-e0ac9a00d67a,f080ca1b-6cb2-5242-98ed-4612ac098b94,active,2026-05-22
d8e76a16-f608-579f-b218-cd68e91348e0,6c486d84-abcb-58a9-a7db-ff516a80a68c,0b4a6e3b-d5cd-5d10-87c4-ab6fda0aa831,active,2026-03-07
56b61ec6-01b5-5d8e-a64c-8fcc41c14d15,6c486d84-abcb-58a9-a7db-ff516a80a68c,018fefc2-38fb-5f92-8391-2fe032547753,active,2026-03-03
e38dd5d6-d522-5a01-bc03-4443c74f657f,6c486d84-abcb-58a9-a7db-ff516a80a68c,9502494a-7b3f-5213-8df6-4e5e5e22101f,active,2025-09-14
d9666a8e-668c-56e9-9a00-a98edf9aa2a2,6c486d84-abcb-58a9-a7db-ff516a80a68c,a9db23aa-1685-5f58-8beb-3c1c13702b6a,active,2026-05-23
5186315b-442f-547e-b3f3-a7018f3ea2fa,786390d1-ab71-5384-a730-b8f9a9062710,0b4a6e3b-d5cd-5d10-87c4-ab6fda0aa831,active,2026-08-20
d8e61cfe-ae42-5b7b-b980-a6ffacc873db,786390d1-ab71-5384-a730-b8f9a9062710,018fefc2-38fb-5f92-8391-2fe032547753,active,2025-11-17
aa2bbb45-246d-5e61-95fc-80036f631154,786390d1-ab71-5384-a730-b8f9a9062710,a9db23aa-1685-5f58-8beb-3c1c13702b6a,active,2026-06-23
816d20f6-5795-593d-a2f0-9c9ee280cddb,25545ace-abf2-5cc2-b6df-48625825ed4a,0b4a6e3b-d5cd-5d10-87c4-ab6fda0aa831,active,2025-11-28
fa778a17-e4b5-5e51-a63c-d039305e3ad5,25545ace-abf2-5cc2-b6df-48625825ed4a,018fefc2-38fb-5f92-8391-2fe032547753,inactive,2026-04-04
d014bf1c-8835-52a4-b687-35df45a2f1f9,25545ace-abf2-5cc2-b6df-48625825ed4a,0a1506ca-ede6-548b-91b8-0730277089b0,active,2025-10-05
83f2b098-7bfe-5b5f-a066-3d39c39278c2,25545ace-abf2-5cc2-b6df-48625825ed4a,868b1dbf-370d-5142-be8c-5a80dfad818d,pending,2025-11-23
31d20b01-80b8-53dc-84f1-0e7ed6d3e142,25545ace-abf2-5cc2-b6df-48625825ed4a,a9db23aa-1685-5f58-8beb-3c1c13702b6a,active,2026-04-24
7df48b2a-8016-51fa-9aaf-c8b18c912b90,940adcf7-3b1c-5148-ac50-e1b961896f75,0b4a6e3b-d5cd-5d10-87c4-ab6fda0aa831,active,2026-04-06
4b9ed037-9a1a-5ba6-af17-c49c3d921241,940adcf7-3b1c-5148-ac50-e1b961896f75,018fefc2-38fb-5f92-8391-2fe032547753,active,2026-03-18
ba2f7313-6e9e-5c5a-9a76-edc5af217e27,940adcf7-3b1c-5148-ac50-e1b961896f75,4b343160-5928-5bdb-83ef-2c0f9faba1dd,active,2025-11-04
8cbda669-8aab-5131-9aa1-b40183606900,940adcf7-3b1c-5148-ac50-e1b961896f75,69d2e248-598e-501c-a2eb-fb4fb8ccf487,active,2026-07-23
d29e1a9e-f508-5ef1-b565-fb9bbcb8f480,dd6e8ae8-0f91-53d6-a8c0-6d409a1e2341,0b4a6e3b-d5cd-5d10-87c4-ab6fda0aa831,active,2025-10-19
9d9fa100-6447-5cc5-81fa-3f4bedefe419,dd6e8ae8-0f91-53d6-a8c0-6d409a1e2341,018fefc2-38fb-5f92-8391-2fe032547753,active,2026-05-08
cc510d76-d4a2-5e11-83bd-5ee728af1b86,dd6e8ae8-0f91-53d6-a8c0-6d409a1e2341,0a1506ca-ede6-548b-91b8-0730277089b0,active,2025-09-15
8377d2c1-6e03-55d1-aba7-91fd2e048c41,dd6e8ae8-0f91-53d6-a8c0-6d409a1e2341,a9db23aa-1685-5f58-8beb-3c1c13702b6a,active,2026-01-31
6243d140-da1d-56f7-8d65-78926f2d2aca,b0a32ea1-e4e4-5b93-97e0-fc2421ffb921,0b4a6e3b-d5cd-5d10-87c4-ab6fda0aa831,active,2026-01-17
347d3230-6e36-56a3-895a-849871bb2196,b0a32ea1-e4e4-5b93-97e0-fc2421ffb921,018fefc2-38fb-5f92-8391-2fe032547753,pending,2026-05-14
11804ca4-37ba-5e0f-9c8a-c595128f058b,b0a32ea1-e4e4-5b93-97e0-fc2421ffb921,a9db23aa-1685-5f58-8beb-3c1c13702b6a,active,2026-02-27
cef52324-06d4-537b-9fa5-88b635a47b0f,b0a32ea1-e4e4-5b93-97e0-fc2421ffb921,868b1dbf-370d-5142-be8c-5a80dfad818d,active,2026-03-06
69ebdd46-b851-5955-b9d5-4633544be0fc,8122ddc9-61ef-5c11-bdea-f98d562804c9,0b4a6e3b-d5cd-5d10-87c4-ab6fda0aa831,active,2025-12-02
9dd7adf7-f764-5bcd-858d-44ba2df754a1,8122ddc9-61ef-5c11-bdea-f98d562804c9,018fefc2-38fb-5f92-8391-2fe032547753,inactive,2026-04-16
20d1ed85-d81d-5b58-a665-617da796576c,8122ddc9-61ef-5c11-bdea-f98d562804c9,868b1dbf-370d-5142-be8c-5a80dfad818d,active,2026-07-09
51b3e4c5-f0fc-5dc5-a976-d4d8ca264f5d,8122ddc9-61ef-5c11-bdea-f98d562804c9,9502494a-7b3f-5213-8df6-4e5e5e22101f,active,2025-12-13
a1e14268-8a9f-5584-93c9-7ace1da0f12c,a340c7ed-b3c3-5a59-a44f-1547bab0b84e,0b4a6e3b-d5cd-5d10-87c4-ab6fda0aa831,active,2026-03-19
0d6f6dc5-d236-5499-87d9-86523300d160,a340c7ed-b3c3-5a59-a44f-1547bab0b84e,018fefc2-38fb-5f92-8391-2fe032547753,inactive,2026-01-06
21efa925-326b-52b4-a985-c272ba0835dd,a340c7ed-b3c3-5a59-a44f-1547bab0b84e,69d2e248-598e-501c-a2eb-fb4fb8ccf487,active,2026-02-28
0cb355d0-42db-5c2b-a183-7f7fedb72c28,c343505d-ffa6-524a-9eb3-aca0ca377424,0b4a6e3b-d5cd-5d10-87c4-ab6fda0aa831,inactive,2026-05-11
7335656d-d075-52da-bcf3-4ab940d4e36d,c343505d-ffa6-524a-9eb3-aca0ca377424,018fefc2-38fb-5f92-8391-2fe032547753,active,2026-05-23
c4f9059f-2f64-5a19-bef8-bf853d0bd0c3,c343505d-ffa6-524a-9eb3-aca0ca377424,9502494a-7b3f-5213-8df6-4e5e5e22101f,active,2026-02-18
81fb2354-4cd6-53fe-859d-f6e30e243415,c343505d-ffa6-524a-9eb3-aca0ca377424,0a1506ca-ede6-548b-91b8-0730277089b0,active,2026-01-29
d64400e8-f340-50eb-8568-25b88686d34d,c343505d-ffa6-524a-9eb3-aca0ca377424,f080ca1b-6cb2-5242-98ed-4612ac098b94,active,2026-02-23
b9a648ec-a770-5e26-9b65-975f1a951cc9,c343505d-ffa6-524a-9eb3-aca0ca377424,4b343160-5928-5bdb-83ef-2c0f9faba1dd,pending,2026-08-18
3532a869-5524-5093-b281-9629b82184aa,c343505d-ffa6-524a-9eb3-aca0ca377424,fc407d89-26e4-55ce-a2dc-fdae931500f1,active,2025-09-01
fc688d50-014f-5118-8723-6bf5d3625fbc,c343505d-ffa6-524a-9eb3-aca0ca377424,69d2e248-598e-501c-a2eb-fb4fb8ccf487,active,2025-11-18
961e2d3c-1fab-545d-a348-202987725e4c,948c68aa-7395-575d-b8c4-5144f50384d3,0b4a6e3b-d5cd-5d10-87c4-ab6fda0aa831,pending,2026-05-14
9b5029d2-782e-52d7-9acf-e3b13599353c,948c68aa-7395-575d-b8c4-5144f50384d3,018fefc2-38fb-5f92-8391-2fe032547753,active,2026-07-11
8fdf0bbe-718a-5974-a8f7-0746c6ce283c,948c68aa-7395-575d-b8c4-5144f50384d3,a9db23aa-1685-5f58-8beb-3c1c13702b6a,active,2026-02-03
f057510b-6f3b-53df-b077-beaa29fb9efa,948c68aa-7395-575d-b8c4-5144f50384d3,69d2e248-598e-501c-a2eb-fb4fb8ccf487,active,2026-06-24
4f13e57f-652c-5b07-b29b-e6d79051f7ff,948c68aa-7395-575d-b8c4-5144f50384d3,4b343160-5928-5bdb-83ef-2c0f9faba1dd,active,2026-05-25
f44bb3f6-1f5b-52fe-b581-5c8fa4c30f79,948c68aa-7395-575d-b8c4-5144f50384d3,fc407d89-26e4-55ce-a2dc-fdae931500f1,active,2026-05-03
61f85e24-3316-5eed-9de5-598989dafe72,948c68aa-7395-575d-b8c4-5144f50384d3,9502494a-7b3f-5213-8df6-4e5e5e22101f,active,2026-03-15
b20c15f4-30d9-5fec-b6e6-733cbf01cac2,948c68aa-7395-575d-b8c4-5144f50384d3,f080ca1b-6cb2-5242-98ed-4612ac098b94,inactive,2025-10-22
43ffab86-da62-5d49-82d7-077faa78a12c,2d71b602-681d-5ad6-8d68-5690a23c8e04,0b4a6e3b-d5cd-5d10-87c4-ab6fda0aa831,active,2026-02-23
79ceb7cf-25b1-5953-9e5f-8c3a6ec6f987,2d71b602-681d-5ad6-8d68-5690a23c8e04,018fefc2-38fb-5f92-8391-2fe032547753,active,2026-02-16
bd290bfc-d21c-5fb4-8be0-55731a05235f,2d71b602-681d-5ad6-8d68-5690a23c8e04,0a1506ca-ede6-548b-91b8-0730277089b0,active,2025-11-18
e8d39734-1124-5538-92a2-a8de3c8466b2,de3077bd-c791-5e4e-93a3-e4330eadfb3e,0b4a6e3b-d5cd-5d10-87c4-ab6fda0aa831,active,2026-04-23
c51b3250-4757-5229-b842-d410dfce0a80,de3077bd-c791-5e4e-93a3-e4330eadfb3e,018fefc2-38fb-5f92-8391-2fe032547753,active,2026-06-25
1e2decca-e61d-5fd6-869f-ea3a1a9b37ee,de3077bd-c791-5e4e-93a3-e4330eadfb3e,69d2e248-598e-501c-a2eb-fb4fb8ccf487,pending,2025-12-21
4dd34d61-a563-53f3-8023-e5fd8ea3a32d,de3077bd-c791-5e4e-93a3-e4330eadfb3e,f080ca1b-6cb2-5242-98ed-4612ac098b94,active,2026-04-17
fe53dc2b-1381-579c-bfff-25af9fd95c20,de3077bd-c791-5e4e-93a3-e4330eadfb3e,868b1dbf-370d-5142-be8c-5a80dfad818d,pending,2026-02-11
43ab7095-22e4-5269-acba-180bc5f2371d,de3077bd-c791-5e4e-93a3-e4330eadfb3e,0a1506ca-ede6-548b-91b8-0730277089b0,active,2026-04-21
156965a5-8eac-59b9-86b7-4fe0cda0b1bf,e264837a-28e8-5acf-a3ac-7f85e68bdf13,0b4a6e3b-d5cd-5d10-87c4-ab6fda0aa831,pending,2025-12-02
e2d9f260-4578-543b-8011-45ea7ad83289,e264837a-28e8-5acf-a3ac-7f85e68bdf13,018fefc2-38fb-5f92-8391-2fe032547753,active,2026-06-10
e45150d9-b8fe-508f-abe7-573ec8e9d469,e264837a-28e8-5acf-a3ac-7f85e68bdf13,9502494a-7b3f-5213-8df6-4e5e5e22101f,active,2026-04-19
fc94d88d-e141-509d-a7b8-86a4ac4d85a0,e264837a-28e8-5acf-a3ac-7f85e68bdf13,868b1dbf-370d-5142-be8c-5a80dfad818d,pending,2025-09-12
850163ae-abc9-5469-9318-083b1240f23d,e264837a-28e8-5acf-a3ac-7f85e68bdf13,fc407d89-26e4-55ce-a2dc-fdae931500f1,active,2026-02-28
67f2cdd5-e487-53ca-8af0-6004c6160912,e264837a-28e8-5acf-a3ac-7f85e68bdf13,69d2e248-598e-501c-a2eb-fb4fb8ccf487,active,2026-02-14
8f4ad855-10c1-585c-85ae-d8301bd5ae4f,e264837a-28e8-5acf-a3ac-7f85e68bdf13,0a1506ca-ede6-548b-91b8-0730277089b0,active,2026-06-10
94bfaccb-3cfe-52c9-9fa6-07224798a272,5fdbf0dc-d4dd-53f4-a882-7339832d9cea,0b4a6e3b-d5cd-5d10-87c4-ab6fda0aa831,active,2025-09-08
c8ee859b-9d35-5212-b4b4-c1d3bddb7072,5fdbf0dc-d4dd-53f4-a882-7339832d9cea,018fefc2-38fb-5f92-8391-2fe032547753,active,2026-08-15
7eca8222-42e0-5dcf-b6e8-a4dfc89a49f9,5fdbf0dc-d4dd-53f4-a882-7339832d9cea,69d2e248-598e-501c-a2eb-fb4fb8ccf487,active,2026-07-26
0844175b-dcab-579f-9323-df68e1b73e9c,5fdbf0dc-d4dd-53f4-a882-7339832d9cea,0a1506ca-ede6-548b-91b8-0730277089b0,active,2026-05-02
d14a7034-d607-58a1-a60d-c60806ba4824,5fdbf0dc-d4dd-53f4-a882-7339832d9cea,868b1dbf-370d-5142-be8c-5a80dfad818d,active,2025-10-04
e9f820aa-d0c4-5be2-b849-8517c80b7bc1,293e698d-212e-511a-9515-6d61fdc1b3a5,0b4a6e3b-d5cd-5d10-87c4-ab6fda0aa831,inactive,2026-04-25
5bc19414-4d94-5340-b5a4-0c6b23166db8,293e698d-212e-511a-9515-6d61fdc1b3a5,018fefc2-38fb-5f92-8391-2fe032547753,active,2025-11-11
bcf62e6b-3a11-5b0a-b647-52d2da04b65d,293e698d-212e-511a-9515-6d61fdc1b3a5,4b343160-5928-5bdb-83ef-2c0f9faba1dd,active,2026-01-26
9e608e94-5664-5af2-991b-46321cd34f52,293e698d-212e-511a-9515-6d61fdc1b3a5,9502494a-7b3f-5213-8df6-4e5e5e22101f,active,2026-03-25
2031f057-3a12-573d-aebb-9199a00786df,293e698d-212e-511a-9515-6d61fdc1b3a5,a9db23aa-1685-5f58-8beb-3c1c13702b6a,active,2026-06-20
ba4e818a-b35c-56a1-b314-f3cf0ffdff08,293e698d-212e-511a-9515-6d61fdc1b3a5,f080ca1b-6cb2-5242-98ed-4612ac098b94,active,2025-11-09
43544494-981f-5f89-b1c1-5c7271d9b150,293e698d-212e-511a-9515-6d61fdc1b3a5,fc407d89-26e4-55ce-a2dc-fdae931500f1,active,2026-06-13
bec96f4b-1a95-553b-9bb0-cafdbc91260c,6a536aa5-84b3-5994-9693-3f54ec998ced,0b4a6e3b-d5cd-5d10-87c4-ab6fda0aa831,active,2026-08-11
62bb3021-934b-5227-8fec-056c20e2c765,6a536aa5-84b3-5994-9693-3f54ec998ced,018fefc2-38fb-5f92-8391-2fe032547753,active,2025-11-04
e8f5c027-b94f-5921-b852-34580ad10fea,6a536aa5-84b3-5994-9693-3f54ec998ced,0a1506ca-ede6-548b-91b8-0730277089b0,active,2025-11-16
c7488600-f04a-568a-b4f0-d88d81f86424,6a536aa5-84b3-5994-9693-3f54ec998ced,fc407d89-26e4-55ce-a2dc-fdae931500f1,active,2026-02-28
7957083d-4df0-560a-bbb7-7036157b04c7,6a536aa5-84b3-5994-9693-3f54ec998ced,f080ca1b-6cb2-5242-98ed-4612ac098b94,active,2026-06-17
0ed372bc-617f-5029-bfa0-11ff2eb7703c,6a536aa5-84b3-5994-9693-3f54ec998ced,4b343160-5928-5bdb-83ef-2c0f9faba1dd,active,2026-01-19
e1737fc1-f00e-5c80-aed6-8a5912230d76,6a536aa5-84b3-5994-9693-3f54ec998ced,69d2e248-598e-501c-a2eb-fb4fb8ccf487,pending,2026-03-10
8f519f7a-4081-54e9-b918-2f164aeef645,6a536aa5-84b3-5994-9693-3f54ec998ced,868b1dbf-370d-5142-be8c-5a80dfad818d,active,2026-08-18
a7532d77-fc71-5c3e-9133-ab124880e9f5,d1990782-0026-5f85-a6ec-c0d79e7b1c0e,0b4a6e3b-d5cd-5d10-87c4-ab6fda0aa831,active,2026-03-22
dbab5367-1401-5dbe-ae1f-174bae6db446,d1990782-0026-5f85-a6ec-c0d79e7b1c0e,018fefc2-38fb-5f92-8391-2fe032547753,active,2026-01-20
f008cbb3-11be-50b7-82be-6c127657bd29,d1990782-0026-5f85-a6ec-c0d79e7b1c0e,868b1dbf-370d-5142-be8c-5a80dfad818d,active,2026-03-16
f5258e66-853b-5343-bbe6-953c992262e2,bb1193ea-475f-5fa2-aded-586c27d75e49,0b4a6e3b-d5cd-5d10-87c4-ab6fda0aa831,active,2026-05-21
f966cdcc-9d33-5d74-a53b-12a5f5f88b09,bb1193ea-475f-5fa2-aded-586c27d75e49,018fefc2-38fb-5f92-8391-2fe032547753,active,2026-03-13
1f462b77-991e-5840-9ed4-deedbc3379d8,bb1193ea-475f-5fa2-aded-586c27d75e49,fc407d89-26e4-55ce-a2dc-fdae931500f1,active,2025-11-26
8578d28e-553f-5ce3-9cc2-7b3f668bd2ee,bb1193ea-475f-5fa2-aded-586c27d75e49,f080ca1b-6cb2-5242-98ed-4612ac098b94,active,2025-09-18
44bf5a0c-ebf6-5a58-8b20-20ccbff02b74,bb1193ea-475f-5fa2-aded-586c27d75e49,9502494a-7b3f-5213-8df6-4e5e5e22101f,active,2026-03-28
2ec1eb71-bf71-56ac-be2e-2f1a095d7a27,702fa0a4-cbfc-5e37-a9ec-f2d1dc0a0e6a,0b4a6e3b-d5cd-5d10-87c4-ab6fda0aa831,active,2026-04-15
a8c2cde1-d39b-55e0-b11c-af5f0e5d8402,702fa0a4-cbfc-5e37-a9ec-f2d1dc0a0e6a,018fefc2-38fb-5f92-8391-2fe032547753,active,2026-05-20
be76886a-16bb-59b2-b919-3549bc1ff190,702fa0a4-cbfc-5e37-a9ec-f2d1dc0a0e6a,4b343160-5928-5bdb-83ef-2c0f9faba1dd,active,2025-10-10
b6bdeb9d-74aa-5adc-95b8-9096abc00b78,702fa0a4-cbfc-5e37-a9ec-f2d1dc0a0e6a,0a1506ca-ede6-548b-91b8-0730277089b0,active,2026-05-25
807dc309-44d4-5bdd-8182-3f2683b410fe,702fa0a4-cbfc-5e37-a9ec-f2d1dc0a0e6a,868b1dbf-370d-5142-be8c-5a80dfad818d,active,2026-06-26
60ef7f3c-641b-5cf6-8826-8f0dfc1bdeb2,702fa0a4-cbfc-5e37-a9ec-f2d1dc0a0e6a,fc407d89-26e4-55ce-a2dc-fdae931500f1,active,2026-07-02
ba4f41ae-63be-59ba-b967-ef8f774ebebd,702fa0a4-cbfc-5e37-a9ec-f2d1dc0a0e6a,a9db23aa-1685-5f58-8beb-3c1c13702b6a,active,2026-08-10
6684a0f6-ca51-5b42-8b2a-a67648b20549,702fa0a4-cbfc-5e37-a9ec-f2d1dc0a0e6a,9502494a-7b3f-5213-8df6-4e5e5e22101f,active,2026-05-14
18fc1596-5b14-50ce-84b9-d5aae3b2d6c1,5c6e76db-2fc3-5cd1-a173-9983505a460b,0b4a6e3b-d5cd-5d10-87c4-ab6fda0aa831,active,2026-01-15
5aef62b0-b1ef-574d-91dd-cd9e20113290,5c6e76db-2fc3-5cd1-a173-9983505a460b,018fefc2-38fb-5f92-8391-2fe032547753,active,2026-03-17
50d50193-13b5-5b2c-b8d3-b2f272c6f284,5c6e76db-2fc3-5cd1-a173-9983505a460b,868b1dbf-370d-5142-be8c-5a80dfad818d,active,2026-05-26
2a71a133-fa44-59fc-83bb-c47ea5601163,5c6e76db-2fc3-5cd1-a173-9983505a460b,4b343160-5928-5bdb-83ef-2c0f9faba1dd,active,2026-06-24
1155fe9e-c812-5c77-bd97-cf91ae137907,5c6e76db-2fc3-5cd1-a173-9983505a460b,9502494a-7b3f-5213-8df6-4e5e5e22101f,active,2025-10-23
d034414f-293a-5cc9-9127-57b88c48d3df,5c6e76db-2fc3-5cd1-a173-9983505a460b,fc407d89-26e4-55ce-a2dc-fdae931500f1,active,2026-02-28
31fef155-c173-5eab-b46e-7a21cade12d8,e7a7895e-2fc1-5433-b2c9-73989a4c0033,0b4a6e3b-d5cd-5d10-87c4-ab6fda0aa831,active,2026-06-09
5a4b2b61-c939-59c4-a265-0bb4a06e6c9b,e7a7895e-2fc1-5433-b2c9-73989a4c0033,018fefc2-38fb-5f92-8391-2fe032547753,active,2026-02-19
f7a63f97-0fcc-5e55-a84b-54cb3f5b1502,e7a7895e-2fc1-5433-b2c9-73989a4c0033,a9db23aa-1685-5f58-8beb-3c1c13702b6a,active,2025-09-15
a17c1a6c-9cdf-50ca-81eb-ce0b8b1128ed,e7a7895e-2fc1-5433-b2c9-73989a4c0033,69d2e248-598e-501c-a2eb-fb4fb8ccf487,active,2025-10-09
a22e5785-87ae-53e4-a734-751a86d18d6e,e7a7895e-2fc1-5433-b2c9-73989a4c0033,f080ca1b-6cb2-5242-98ed-4612ac098b94,inactive,2025-11-27
8b4cd694-f475-5a94-a5bd-1d717c7298db,e7a7895e-2fc1-5433-b2c9-73989a4c0033,0a1506ca-ede6-548b-91b8-0730277089b0,pending,2025-12-05
b1d5ae7a-c91a-5baf-a1ef-f59629136104,e7a7895e-2fc1-5433-b2c9-73989a4c0033,868b1dbf-370d-5142-be8c-5a80dfad818d,active,2026-05-18
628df3f0-170c-5180-9703-13d61217ef7d,e7a7895e-2fc1-5433-b2c9-73989a4c0033,4b343160-5928-5bdb-83ef-2c0f9faba1dd,inactive,2026-07-13
d66400ca-110e-5c3d-8826-6211b0076bd4,b4f9dae8-ae3e-584f-82de-7a4ccd246261,0b4a6e3b-d5cd-5d10-87c4-ab6fda0aa831,active,2026-05-10
30d84741-dad4-5b81-801d-e6aefdbe6e80,b4f9dae8-ae3e-584f-82de-7a4ccd246261,018fefc2-38fb-5f92-8391-2fe032547753,active,2026-07-30
b74b285a-8e14-5c02-906a-0d63c98c4f91,b4f9dae8-ae3e-584f-82de-7a4ccd246261,9502494a-7b3f-5213-8df6-4e5e5e22101f,active,2026-05-10
8d27f147-c83f-5b26-b61b-349fa6e2dd4e,b4f9dae8-ae3e-584f-82de-7a4ccd246261,868b1dbf-370d-5142-be8c-5a80dfad818d,active,2025-11-12
e80aa9ab-bf3d-5eb3-8319-9a12608040c9,b4f9dae8-ae3e-584f-82de-7a4ccd246261,f080ca1b-6cb2-5242-98ed-4612ac098b94,active,2026-06-20
28c327fd-871c-531b-8f07-514a6ae2ef73,b4f9dae8-ae3e-584f-82de-7a4ccd246261,69d2e248-598e-501c-a2eb-fb4fb8ccf487,active,2026-05-01
dfe70343-a2e0-5137-922b-ee4a4974e00c,891e6a23-e1ae-5a69-9572-e8f3a99d8538,0b4a6e3b-d5cd-5d10-87c4-ab6fda0aa831,pending,2026-05-17
b297a24e-41a8-52c6-b2cf-47b5457d303d,891e6a23-e1ae-5a69-9572-e8f3a99d8538,018fefc2-38fb-5f92-8391-2fe032547753,inactive,2026-05-17
a0452cf2-197d-5738-b210-6cd60a5fc12c,891e6a23-e1ae-5a69-9572-e8f3a99d8538,a9db23aa-1685-5f58-8beb-3c1c13702b6a,active,2025-11-10
c48e288c-3319-52bc-ada6-d247f4f6425a,891e6a23-e1ae-5a69-9572-e8f3a99d8538,69d2e248-598e-501c-a2eb-fb4fb8ccf487,active,2025-12-25
336ac9a1-0dbc-5719-bee9-d0bd717a419f,f656a39e-ddac-53cf-b6ec-4633223d1cfd,0b4a6e3b-d5cd-5d10-87c4-ab6fda0aa831,active,2026-04-26
09ca9f52-a13e-55f0-bd25-95d14ace8321,f656a39e-ddac-53cf-b6ec-4633223d1cfd,018fefc2-38fb-5f92-8391-2fe032547753,active,2026-04-11
f6dfd033-ebcd-5a69-a0be-d01bea2bdb66,f656a39e-ddac-53cf-b6ec-4633223d1cfd,a9db23aa-1685-5f58-8beb-3c1c13702b6a,active,2026-02-08
06b0d3c9-3fdd-5340-9e79-b178c3cdc7f2,f656a39e-ddac-53cf-b6ec-4633223d1cfd,0a1506ca-ede6-548b-91b8-0730277089b0,active,2025-09-02
c452a2a4-4b9a-5d95-8031-7f8d2a2d1555,f656a39e-ddac-53cf-b6ec-4633223d1cfd,868b1dbf-370d-5142-be8c-5a80dfad818d,active,2026-01-07
86389ff4-39bf-5d26-bc9f-eb95f2ce10bb,f656a39e-ddac-53cf-b6ec-4633223d1cfd,f080ca1b-6cb2-5242-98ed-4612ac098b94,active,2026-07-07
166511c4-576f-581d-bbed-fed971394ee9,f656a39e-ddac-53cf-b6ec-4633223d1cfd,4b343160-5928-5bdb-83ef-2c0f9faba1dd,active,2025-11-11
8b4e80b2-5f1c-5eee-8595-017ef7571077,f656a39e-ddac-53cf-b6ec-4633223d1cfd,69d2e248-598e-501c-a2eb-fb4fb8ccf487,active,2026-07-26
41aaa1e6-82d0-5825-b7a3-8f8f0fb7cc8f,5964b9e8-8813-5f2e-9a80-c3a4757bd3c4,0b4a6e3b-d5cd-5d10-87c4-ab6fda0aa831,active,2026-06-15
2fb0de75-c6e9-56f4-9d5e-5ae87c816189,5964b9e8-8813-5f2e-9a80-c3a4757bd3c4,018fefc2-38fb-5f92-8391-2fe032547753,active,2026-05-05
b089b7ea-c95e-5b50-8eec-426fcadadc10,5964b9e8-8813-5f2e-9a80-c3a4757bd3c4,9502494a-7b3f-5213-8df6-4e5e5e22101f,active,2025-12-08
0f1d79ea-1bc6-5741-a13d-8f114f81e48b,5964b9e8-8813-5f2e-9a80-c3a4757bd3c4,f080ca1b-6cb2-5242-98ed-4612ac098b94,active,2026-04-14
5bef9ee6-5b6f-5533-a226-27cd7259dc09,5964b9e8-8813-5f2e-9a80-c3a4757bd3c4,0a1506ca-ede6-548b-91b8-0730277089b0,active,2025-11-25
2a59b9ca-136d-5c3a-973b-7d0cb284bd10,5964b9e8-8813-5f2e-9a80-c3a4757bd3c4,4b343160-5928-5bdb-83ef-2c0f9faba1dd,active,2026-08-28
7ff65acc-ab47-5ae8-bfe7-6636c0747455,5964b9e8-8813-5f2e-9a80-c3a4757bd3c4,69d2e248-598e-501c-a2eb-fb4fb8ccf487,inactive,2025-10-22
e9095771-034e-5e29-8e61-bffa654bc9d8,a78f2631-237a-5d78-a64c-8b17452e1e17,0b4a6e3b-d5cd-5d10-87c4-ab6fda0aa831,active,2026-03-25
7ab2b00a-5b8e-52e5-9f24-b247d9547189,a78f2631-237a-5d78-a64c-8b17452e1e17,018fefc2-38fb-5f92-8391-2fe032547753,active,2026-06-29
40ead3ff-1e87-5c97-8f9f-a6d578e07364,a78f2631-237a-5d78-a64c-8b17452e1e17,0a1506ca-ede6-548b-91b8-0730277089b0,inactive,2026-08-29
dfc0da3a-69e7-5aee-9899-f5323bbac6fc,a78f2631-237a-5d78-a64c-8b17452e1e17,868b1dbf-370d-5142-be8c-5a80dfad818d,active,2026-08-10
700ab5a2-f824-581c-a0cc-9d40e2747ad9,a78f2631-237a-5d78-a64c-8b17452e1e17,9502494a-7b3f-5213-8df6-4e5e5e22101f,active,2026-04-04
7c718591-2e8e-5099-9e37-8d16d5796b60,a78f2631-237a-5d78-a64c-8b17452e1e17,f080ca1b-6cb2-5242-98ed-4612ac098b94,inactive,2025-11-10
cf3139f8-f331-5248-b084-d4405ff3da46,a78f2631-237a-5d78-a64c-8b17452e1e17,fc407d89-26e4-55ce-a2dc-fdae931500f1,inactive,2025-11-18
e4ba8867-bfff-5a2b-912c-4706b44d31e0,a78f2631-237a-5d78-a64c-8b17452e1e17,a9db23aa-1685-5f58-8beb-3c1c13702b6a,inactive,2026-03-14
e9849da5-6071-504c-b3c2-3258b31c252f,4db627b8-be15-5bf8-aa4f-d683904d344e,0b4a6e3b-d5cd-5d10-87c4-ab6fda0aa831,active,2026-05-23
c8f272fd-1a50-5cc9-bacd-5c759e0356fa,4db627b8-be15-5bf8-aa4f-d683904d344e,018fefc2-38fb-5f92-8391-2fe032547753,active,2026-05-07
55b4697e-b992-59b0-ba2e-d688d0e9547a,4db627b8-be15-5bf8-aa4f-d683904d344e,69d2e248-598e-501c-a2eb-fb4fb8ccf487,active,2026-05-23
803f0404-7b78-5fd0-abb0-590147bf62bd,4db627b8-be15-5bf8-aa4f-d683904d344e,868b1dbf-370d-5142-be8c-5a80dfad818d,active,2026-05-31
653d5570-b9d4-5914-bd2f-1616cf350cc4,4db627b8-be15-5bf8-aa4f-d683904d344e,f080ca1b-6cb2-5242-98ed-4612ac098b94,active,2026-06-18
ea50c740-1812-5159-b80f-df603a59799e,4db627b8-be15-5bf8-aa4f-d683904d344e,9502494a-7b3f-5213-8df6-4e5e5e22101f,active,2026-05-21
20aeef0c-0e11-5605-b395-11924d73951c,56e8d5b0-4400-519c-8e6d-d4d7211066f5,0b4a6e3b-d5cd-5d10-87c4-ab6fda0aa831,active,2025-09-17
d8bd967f-6f37-5abb-ab5a-e31a3b673c7a,56e8d5b0-4400-519c-8e6d-d4d7211066f5,018fefc2-38fb-5f92-8391-2fe032547753,active,2025-09-19
5dced01a-d644-5119-b23f-3a96e35e2670,56e8d5b0-4400-519c-8e6d-d4d7211066f5,9502494a-7b3f-5213-8df6-4e5e5e22101f,active,2026-03-18
9f620203-9585-542e-b163-1b0ef8cb0be1,ead80d95-d1d2-533e-8fd5-2170018d31dc,0b4a6e3b-d5cd-5d10-87c4-ab6fda0aa831,active,2025-10-10
9e86275d-be58-5f40-894a-f17d24e80e09,ead80d95-d1d2-533e-8fd5-2170018d31dc,018fefc2-38fb-5f92-8391-2fe032547753,active,2025-12-24
672bb418-828f-5da9-b924-664e53b6a04c,ead80d95-d1d2-533e-8fd5-2170018d31dc,69d2e248-598e-501c-a2eb-fb4fb8ccf487,inactive,2026-05-13
6f6f238c-912f-5ea8-8850-cbb75ec09f8c,ead80d95-d1d2-533e-8fd5-2170018d31dc,fc407d89-26e4-55ce-a2dc-fdae931500f1,pending,2025-12-31
28e91743-5972-5ced-a811-76777c26257c,f4c61748-8d5b-589c-9f1f-8af6981b3308,0b4a6e3b-d5cd-5d10-87c4-ab6fda0aa831,pending,2026-07-22
fabaad5c-5dc6-55c2-895c-d0a7a2c1aa9b,f4c61748-8d5b-589c-9f1f-8af6981b3308,018fefc2-38fb-5f92-8391-2fe032547753,active,2026-08-07
07af60ee-b0e5-5ab6-aa7b-791d98d57d46,f4c61748-8d5b-589c-9f1f-8af6981b3308,0a1506ca-ede6-548b-91b8-0730277089b0,active,2026-08-22
afbbf7c2-842a-5a87-9a15-2aa25425b9d6,f4c61748-8d5b-589c-9f1f-8af6981b3308,fc407d89-26e4-55ce-a2dc-fdae931500f1,active,2026-04-19
79f68af3-b972-51a7-aae0-37e69747769b,f4c61748-8d5b-589c-9f1f-8af6981b3308,9502494a-7b3f-5213-8df6-4e5e5e22101f,active,2025-10-30
03573dc1-a68d-5694-8e4a-8e784ad913e9,f4c61748-8d5b-589c-9f1f-8af6981b3308,868b1dbf-370d-5142-be8c-5a80dfad818d,active,2026-02-02
c0019690-47d4-5300-9c1b-966e1ab9aab8,f4c61748-8d5b-589c-9f1f-8af6981b3308,4b343160-5928-5bdb-83ef-2c0f9faba1dd,pending,2026-05-08
4040a014-f6e6-577c-8188-d3bf19abfaf2,9c02da2c-06aa-5e34-b23d-9783743254fd,0b4a6e3b-d5cd-5d10-87c4-ab6fda0aa831,active,2026-05-09
079365e4-5cfa-5adb-8663-6e0497c63ffd,9c02da2c-06aa-5e34-b23d-9783743254fd,018fefc2-38fb-5f92-8391-2fe032547753,active,2025-11-12
5380b53b-2a3c-55f4-9e19-e69f42aaaea3,9c02da2c-06aa-5e34-b23d-9783743254fd,a9db23aa-1685-5f58-8beb-3c1c13702b6a,inactive,2026-05-11
71816cf6-2f36-5849-a134-21f03bb5a81c,9c02da2c-06aa-5e34-b23d-9783743254fd,9502494a-7b3f-5213-8df6-4e5e5e22101f,active,2026-01-12
25547ee8-0b7d-58b8-a5ec-0eeba31bb4a5,9c02da2c-06aa-5e34-b23d-9783743254fd,f080ca1b-6cb2-5242-98ed-4612ac098b94,active,2026-06-14
40f99998-ffd9-5650-add1-703ed9ac35dc,9c02da2c-06aa-5e34-b23d-9783743254fd,868b1dbf-370d-5142-be8c-5a80dfad818d,active,2025-11-20
c9378fba-b421-5c27-8784-d643626cd932,44ce25f2-1034-5721-93ec-4bf383dbfd9b,0b4a6e3b-d5cd-5d10-87c4-ab6fda0aa831,active,2026-08-28
89d244e7-b3a3-5a39-b28f-9d743a2e5042,44ce25f2-1034-5721-93ec-4bf383dbfd9b,018fefc2-38fb-5f92-8391-2fe032547753,active,2025-10-22
f22b687b-edb7-5e4c-bfc9-2430f70992a9,44ce25f2-1034-5721-93ec-4bf383dbfd9b,fc407d89-26e4-55ce-a2dc-fdae931500f1,active,2025-09-07
f59778db-a557-5f40-97c6-fd8215e83f43,44ce25f2-1034-5721-93ec-4bf383dbfd9b,f080ca1b-6cb2-5242-98ed-4612ac098b94,pending,2026-05-28
1b1fee1c-f478-5e32-ba60-525e49f72cc9,44ce25f2-1034-5721-93ec-4bf383dbfd9b,a9db23aa-1685-5f58-8beb-3c1c13702b6a,active,2026-04-11
9ad60b16-07e4-5f2f-acb6-71f9556fdde2,44ce25f2-1034-5721-93ec-4bf383dbfd9b,0a1506ca-ede6-548b-91b8-0730277089b0,active,2026-06-15
321252ff-b96f-5b12-a86c-a3d825871ed1,d38029ff-40eb-5673-b670-dcdf1fd1b2b1,0b4a6e3b-d5cd-5d10-87c4-ab6fda0aa831,active,2026-01-05
f3d3d51d-fe86-5aa1-a1ce-2705863bdd68,d38029ff-40eb-5673-b670-dcdf1fd1b2b1,018fefc2-38fb-5f92-8391-2fe032547753,active,2026-01-22
f405a6e9-0bb2-5345-bdb0-306cc66fece5,d38029ff-40eb-5673-b670-dcdf1fd1b2b1,868b1dbf-370d-5142-be8c-5a80dfad818d,active,2026-05-06
e76b8cd8-b58f-5a34-94fd-795dff43bc9d,d38029ff-40eb-5673-b670-dcdf1fd1b2b1,69d2e248-598e-501c-a2eb-fb4fb8ccf487,active,2026-04-16
999e58bd-d3fd-58fa-8827-5bc74670ceeb,d38029ff-40eb-5673-b670-dcdf1fd1b2b1,9502494a-7b3f-5213-8df6-4e5e5e22101f,active,2025-10-07
de7cb564-4da9-5e89-b97c-49a347c499e3,d38029ff-40eb-5673-b670-dcdf1fd1b2b1,a9db23aa-1685-5f58-8beb-3c1c13702b6a,active,2026-03-25
872afdc3-2a3e-546d-b88f-a8933b2dbf28,10c83407-865b-5ee2-bffe-439c73f75a1e,0b4a6e3b-d5cd-5d10-87c4-ab6fda0aa831,active,2025-12-21
babe446c-bcd4-5ace-bddb-2173b535c723,10c83407-865b-5ee2-bffe-439c73f75a1e,018fefc2-38fb-5f92-8391-2fe032547753,active,2025-12-14
7d16380b-f3d4-553d-bba1-881f1b10b3b8,10c83407-865b-5ee2-bffe-439c73f75a1e,868b1dbf-370d-5142-be8c-5a80dfad818d,active,2026-03-02
5389ef94-710f-54b3-8296-91f0b74ab0a7,10c83407-865b-5ee2-bffe-439c73f75a1e,69d2e248-598e-501c-a2eb-fb4fb8ccf487,active,2026-01-01
59e0fad9-c8bb-5b36-9e7c-7e206241631a,10c83407-865b-5ee2-bffe-439c73f75a1e,f080ca1b-6cb2-5242-98ed-4612ac098b94,pending,2026-06-29
12625ca9-c351-58c8-aa0c-57a1e26de240,5cf188df-ad11-540f-9127-5759a57d8b36,0b4a6e3b-d5cd-5d10-87c4-ab6fda0aa831,active,2026-01-01
119e3360-b741-5a8d-9fbc-dc4c4682961d,5cf188df-ad11-540f-9127-5759a57d8b36,018fefc2-38fb-5f92-8391-2fe032547753,active,2025-11-10
40483b7e-4629-5aed-915d-cd41b4cd111f,5cf188df-ad11-540f-9127-5759a57d8b36,f080ca1b-6cb2-5242-98ed-4612ac098b94,active,2026-07-26
1c623877-dc72-52df-aca1-e777fea6f7f7,5cf188df-ad11-540f-9127-5759a57d8b36,fc407d89-26e4-55ce-a2dc-fdae931500f1,pending,2025-10-12
c9df8061-d01b-577b-a6ac-65a60c321182,5cf188df-ad11-540f-9127-5759a57d8b36,a9db23aa-1685-5f58-8beb-3c1c13702b6a,active,2026-04-28
f325b07d-dfd2-5770-9a3f-b24ce918ac8a,7b823571-d7ec-57fb-a5d6-0ded204a6c50,0b4a6e3b-d5cd-5d10-87c4-ab6fda0aa831,active,2025-09-26
bd025510-ca6f-5a54-9d6a-4211cd231f61,7b823571-d7ec-57fb-a5d6-0ded204a6c50,018fefc2-38fb-5f92-8391-2fe032547753,inactive,2025-11-28
34a8b278-2502-51fb-8a66-169258638951,7b823571-d7ec-57fb-a5d6-0ded204a6c50,9502494a-7b3f-5213-8df6-4e5e5e22101f,inactive,2026-01-28
0c47c67c-0101-5b83-b485-e11c42bb8f79,7b823571-d7ec-57fb-a5d6-0ded204a6c50,69d2e248-598e-501c-a2eb-fb4fb8ccf487,active,2026-06-09
9c030ddb-45b8-5b16-8390-60d736a78209,7b823571-d7ec-57fb-a5d6-0ded204a6c50,0a1506ca-ede6-548b-91b8-0730277089b0,inactive,2025-10-16
5e0e6f8d-7bab-5921-8f1c-4760dcd89b5f,7b823571-d7ec-57fb-a5d6-0ded204a6c50,4b343160-5928-5bdb-83ef-2c0f9faba1dd,active,2025-09-22
230b78cd-dd96-5d99-8900-5ad8ee6d18e3,7b823571-d7ec-57fb-a5d6-0ded204a6c50,a9db23aa-1685-5f58-8beb-3c1c13702b6a,active,2026-02-13
c4e26134-58e3-5adb-840f-3a3bb634059b,3d0834da-1004-5eaf-9b12-70ca1efbc891,0b4a6e3b-d5cd-5d10-87c4-ab6fda0aa831,active,2026-02-01
5823f1f4-998c-5c7c-9e1b-b9af5ba42e7a,3d0834da-1004-5eaf-9b12-70ca1efbc891,018fefc2-38fb-5f92-8391-2fe032547753,active,2026-05-29
430c60b1-faa8-53b3-93fd-eb917bbc2aea,3d0834da-1004-5eaf-9b12-70ca1efbc891,0a1506ca-ede6-548b-91b8-0730277089b0,inactive,2026-03-30
2cc77582-beb1-5e03-ac00-536ff8216253,3d0834da-1004-5eaf-9b12-70ca1efbc891,f080ca1b-6cb2-5242-98ed-4612ac098b94,active,2026-02-07
706f8c86-3a61-5d85-9917-c72e73657871,eb82deaa-92da-5be5-ab42-2c44bcb552b7,0b4a6e3b-d5cd-5d10-87c4-ab6fda0aa831,inactive,2026-05-21
33b850c9-96c9-51ff-8b88-c03216d4b9cc,eb82deaa-92da-5be5-ab42-2c44bcb552b7,018fefc2-38fb-5f92-8391-2fe032547753,active,2026-01-26
b6059921-9434-5bb0-87a1-858418f7ccc4,eb82deaa-92da-5be5-ab42-2c44bcb552b7,f080ca1b-6cb2-5242-98ed-4612ac098b94,active,2025-12-16
510cd62b-8c99-58f1-a1f2-5ad6ce7a0ef4,eb82deaa-92da-5be5-ab42-2c44bcb552b7,868b1dbf-370d-5142-be8c-5a80dfad818d,active,2026-08-05
17d310b2-dfed-5c41-9242-58f2f77d6d27,eb82deaa-92da-5be5-ab42-2c44bcb552b7,0a1506ca-ede6-548b-91b8-0730277089b0,active,2025-10-22
1fd7481f-a264-5c8b-9949-4a9c6409edaf,eb82deaa-92da-5be5-ab42-2c44bcb552b7,9502494a-7b3f-5213-8df6-4e5e5e22101f,active,2026-02-16
cfa55676-fd80-589c-9ca9-da531997a2e0,3c6b2714-5acf-550e-bf55-33353293bcac,0b4a6e3b-d5cd-5d10-87c4-ab6fda0aa831,active,2026-07-19
f7b5d71e-baf7-5d58-905a-e62c2ec0a1bb,3c6b2714-5acf-550e-bf55-33353293bcac,018fefc2-38fb-5f92-8391-2fe032547753,active,2025-12-23
85b4570c-1ddc-589c-ab3c-56b6c1a3ab21,3c6b2714-5acf-550e-bf55-33353293bcac,f080ca1b-6cb2-5242-98ed-4612ac098b94,active,2026-05-04
739ab3db-41e4-5546-ae9d-8cceee9d160c,3c6b2714-5acf-550e-bf55-33353293bcac,0a1506ca-ede6-548b-91b8-0730277089b0,active,2026-01-15
57c30dee-230c-51f2-897c-590276028ebd,3c6b2714-5acf-550e-bf55-33353293bcac,69d2e248-598e-501c-a2eb-fb4fb8ccf487,active,2026-06-11
1128412a-370c-5185-bdf6-8b878bff2afb,3c6b2714-5acf-550e-bf55-33353293bcac,a9db23aa-1685-5f58-8beb-3c1c13702b6a,active,2025-12-03
524e0846-41a0-5171-90a2-bc74274f4629,3c6b2714-5acf-550e-bf55-33353293bcac,9502494a-7b3f-5213-8df6-4e5e5e22101f,active,2026-08-15
253ecdda-6f60-54fe-b98d-b435393c9582,3c6b2714-5acf-550e-bf55-33353293bcac,868b1dbf-370d-5142-be8c-5a80dfad818d,active,2026-03-29
a902cc1a-ac54-5ac4-9a98-7d8bcc25a20b,654eeebb-caf8-5066-ab67-ffc632b12b31,0b4a6e3b-d5cd-5d10-87c4-ab6fda0aa831,active,2025-11-01
98e2afd0-9c21-50b7-b02e-3fe06592c1e6,654eeebb-caf8-5066-ab67-ffc632b12b31,018fefc2-38fb-5f92-8391-2fe032547753,inactive,2026-01-31
51598305-1460-532e-8116-c10b4a79beb3,654eeebb-caf8-5066-ab67-ffc632b12b31,9502494a-7b3f-5213-8df6-4e5e5e22101f,inactive,2026-03-26
3e3d111b-8870-5b55-9ad8-60819b19dad1,9bdc9e38-c690-5ecf-94a5-a6227e33ac59,0b4a6e3b-d5cd-5d10-87c4-ab6fda0aa831,active,2026-05-24
35f7f348-0d22-56f2-9fd2-1c0419bac6d7,9bdc9e38-c690-5ecf-94a5-a6227e33ac59,018fefc2-38fb-5f92-8391-2fe032547753,pending,2026-08-20
bb382c92-90de-5dad-86e6-b9fa86d182a0,9bdc9e38-c690-5ecf-94a5-a6227e33ac59,4b343160-5928-5bdb-83ef-2c0f9faba1dd,active,2026-05-29
055b6d63-03c3-53e6-9190-1e1e1bc5ec25,9bdc9e38-c690-5ecf-94a5-a6227e33ac59,f080ca1b-6cb2-5242-98ed-4612ac098b94,active,2025-12-27
2936981d-e453-557e-b3d4-3b37746bd846,9bdc9e38-c690-5ecf-94a5-a6227e33ac59,69d2e248-598e-501c-a2eb-fb4fb8ccf487,active,2026-01-07
2b8c586a-0f67-50e8-99cd-868139d2ac6a,9bdc9e38-c690-5ecf-94a5-a6227e33ac59,fc407d89-26e4-55ce-a2dc-fdae931500f1,active,2025-10-25
38428376-33d2-55cd-916e-677e553101f7,5fb56317-a4ef-568f-9e94-392c9b455c66,0b4a6e3b-d5cd-5d10-87c4-ab6fda0aa831,active,2026-03-01
e8c859ed-2e73-5c2f-ab43-d5a9267c56ea,5fb56317-a4ef-568f-9e94-392c9b455c66,018fefc2-38fb-5f92-8391-2fe032547753,active,2026-03-16
6a990a70-506b-56bf-9417-e99e3867ed4b,5fb56317-a4ef-568f-9e94-392c9b455c66,f080ca1b-6cb2-5242-98ed-4612ac098b94,inactive,2025-11-26
7545875f-dba3-5ef1-918b-cd8eb2ca5984,5fb56317-a4ef-568f-9e94-392c9b455c66,868b1dbf-370d-5142-be8c-5a80dfad818d,active,2026-08-28
1fb53e4f-30ea-51b5-bf59-3ea2dae3749e,5fb56317-a4ef-568f-9e94-392c9b455c66,fc407d89-26e4-55ce-a2dc-fdae931500f1,active,2026-02-09
d8645baa-930d-51d5-851b-57401bf12b10,5fb56317-a4ef-568f-9e94-392c9b455c66,0a1506ca-ede6-548b-91b8-0730277089b0,active,2026-02-18
d9e9aa82-0c83-5714-8e77-65d5f393bcc5,c0fcbd72-431a-5fae-a813-aad8ed4da4a5,0b4a6e3b-d5cd-5d10-87c4-ab6fda0aa831,active,2026-01-13
0c9968fa-bddd-5372-aee5-f6e04bb3dad7,c0fcbd72-431a-5fae-a813-aad8ed4da4a5,018fefc2-38fb-5f92-8391-2fe032547753,inactive,2026-06-26
5d773d8e-c3c9-54a8-b096-f1452e4ae0c8,c0fcbd72-431a-5fae-a813-aad8ed4da4a5,9502494a-7b3f-5213-8df6-4e5e5e22101f,active,2026-05-21
04e9a1f6-ce57-5fc0-8cde-8e54311e1efe,c0fcbd72-431a-5fae-a813-aad8ed4da4a5,fc407d89-26e4-55ce-a2dc-fdae931500f1,active,2026-05-22
9c09424b-2410-5d22-b71d-e691528c40ea,c0fcbd72-431a-5fae-a813-aad8ed4da4a5,69d2e248-598e-501c-a2eb-fb4fb8ccf487,active,2025-12-06
9c932321-8179-5fc9-8f06-49b52136b19d,c0fcbd72-431a-5fae-a813-aad8ed4da4a5,4b343160-5928-5bdb-83ef-2c0f9faba1dd,inactive,2026-01-23
006f6eb6-65db-5425-9492-5ee34bfe2b66,c0fcbd72-431a-5fae-a813-aad8ed4da4a5,868b1dbf-370d-5142-be8c-5a80dfad818d,active,2026-07-03
9c002a22-dd76-5126-aa6a-899e02af7a4a,89cc7e6b-2c81-53a5-809d-394cc9e568b0,0b4a6e3b-d5cd-5d10-87c4-ab6fda0aa831,active,2026-06-05
03f11542-6728-5489-9c97-a5b20c289c0d,89cc7e6b-2c81-53a5-809d-394cc9e568b0,018fefc2-38fb-5f92-8391-2fe032547753,inactive,2026-03-15
9ea74167-c8d3-5d04-aade-3729704afd78,89cc7e6b-2c81-53a5-809d-394cc9e568b0,a9db23aa-1685-5f58-8beb-3c1c13702b6a,active,2026-07-06
367ba93b-d892-5225-9f9d-84518f23f9e4,1b5b3406-cca4-5db4-bdc0-313197045c63,0b4a6e3b-d5cd-5d10-87c4-ab6fda0aa831,active,2025-10-30
54f81718-25d6-5d4e-9bca-a61ebbefabc0,1b5b3406-cca4-5db4-bdc0-313197045c63,018fefc2-38fb-5f92-8391-2fe032547753,inactive,2025-10-21
d15e079b-39f2-5589-bdae-b87eb057a15f,1b5b3406-cca4-5db4-bdc0-313197045c63,f080ca1b-6cb2-5242-98ed-4612ac098b94,active,2025-12-20
c9a405e2-438f-50fe-bebc-0c1bf3c93d63,1b5b3406-cca4-5db4-bdc0-313197045c63,69d2e248-598e-501c-a2eb-fb4fb8ccf487,active,2026-05-01
df5eae01-cd4c-5b2c-949a-4940dcf1b954,1b5b3406-cca4-5db4-bdc0-313197045c63,9502494a-7b3f-5213-8df6-4e5e5e22101f,active,2026-03-17
790774d8-c034-55ba-af85-026eb12390bf,1b5b3406-cca4-5db4-bdc0-313197045c63,4b343160-5928-5bdb-83ef-2c0f9faba1dd,active,2026-03-29
ae3c9440-0e44-5aba-86e8-9ded37b92ed6,1b5b3406-cca4-5db4-bdc0-313197045c63,868b1dbf-370d-5142-be8c-5a80dfad818d,pending,2025-12-14
0fd1cef1-d5b0-5828-992d-6c11481d1ab2,1b5b3406-cca4-5db4-bdc0-313197045c63,fc407d89-26e4-55ce-a2dc-fdae931500f1,active,2026-08-09
58f4d333-8ad3-5277-93bc-04a9ca084ad7,41b80fd9-6858-5727-804d-3446f9b1f4cd,0b4a6e3b-d5cd-5d10-87c4-ab6fda0aa831,active,2026-01-15
363553b8-6bac-59b3-9914-f6aa8136b5de,41b80fd9-6858-5727-804d-3446f9b1f4cd,018fefc2-38fb-5f92-8391-2fe032547753,active,2026-02-15
67579fb4-7bd9-5b2f-93a6-7c52cdb6215c,41b80fd9-6858-5727-804d-3446f9b1f4cd,69d2e248-598e-501c-a2eb-fb4fb8ccf487,active,2026-08-28
cf81027c-0519-5782-a332-291434c8f3fa,82101f33-5b49-5c01-9817-2c429a395480,0b4a6e3b-d5cd-5d10-87c4-ab6fda0aa831,inactive,2026-04-28
f5c514ec-6ba6-53e0-9688-72bd562a8ff8,82101f33-5b49-5c01-9817-2c429a395480,018fefc2-38fb-5f92-8391-2fe032547753,inactive,2026-08-22
e3072890-e15b-5e2c-96e1-0b2236af727f,82101f33-5b49-5c01-9817-2c429a395480,fc407d89-26e4-55ce-a2dc-fdae931500f1,pending,2025-10-17
c254d225-8220-5993-870f-a7151d20baea,87da5f3a-826c-5172-89cc-5af570063d5f,0b4a6e3b-d5cd-5d10-87c4-ab6fda0aa831,inactive,2025-12-01
f9cfabde-9b15-5dd3-8ea5-9539233fb1aa,87da5f3a-826c-5172-89cc-5af570063d5f,018fefc2-38fb-5f92-8391-2fe032547753,active,2026-02-21
1e684622-8669-5642-983a-b9d708893111,87da5f3a-826c-5172-89cc-5af570063d5f,0a1506ca-ede6-548b-91b8-0730277089b0,active,2025-11-10
0827d7b0-306c-5d43-8811-e85dd6dfe8a5,87da5f3a-826c-5172-89cc-5af570063d5f,fc407d89-26e4-55ce-a2dc-fdae931500f1,active,2026-01-02
d7040ca6-c933-5543-8aa9-b7b9f62d1308,87da5f3a-826c-5172-89cc-5af570063d5f,9502494a-7b3f-5213-8df6-4e5e5e22101f,active,2025-10-15
ff3a430c-73d8-54fe-ae2c-155827e68a51,87da5f3a-826c-5172-89cc-5af570063d5f,f080ca1b-6cb2-5242-98ed-4612ac098b94,pending,2026-02-21
5e1c5a56-67be-56fb-8b91-8386bd90b619,05032ccc-088f-5bff-bf0b-6d8b11de254d,0b4a6e3b-d5cd-5d10-87c4-ab6fda0aa831,active,2025-09-22
6fd5247e-06ba-5846-afbf-f74a5acea2c8,05032ccc-088f-5bff-bf0b-6d8b11de254d,018fefc2-38fb-5f92-8391-2fe032547753,active,2026-08-29
2e532151-030e-5d56-b68c-09c249c72b12,05032ccc-088f-5bff-bf0b-6d8b11de254d,0a1506ca-ede6-548b-91b8-0730277089b0,active,2026-01-11
d0b19010-3a96-54b1-911f-04bd7c9530cb,1cfa69ba-72bf-5b6a-a929-257b367e3009,0b4a6e3b-d5cd-5d10-87c4-ab6fda0aa831,active,2025-11-19
e1e0a7c8-c6a2-5a07-92b0-c37bbef23f97,1cfa69ba-72bf-5b6a-a929-257b367e3009,018fefc2-38fb-5f92-8391-2fe032547753,active,2026-04-17
8b71c480-3591-55a8-a782-ba4c048ed93e,1cfa69ba-72bf-5b6a-a929-257b367e3009,9502494a-7b3f-5213-8df6-4e5e5e22101f,active,2026-07-04
48f52025-b351-5ce0-8f66-e4832a23f415,1cfa69ba-72bf-5b6a-a929-257b367e3009,a9db23aa-1685-5f58-8beb-3c1c13702b6a,active,2026-04-28
0c4c6d2b-76fb-582c-8fcc-d836092cca8d,1cfa69ba-72bf-5b6a-a929-257b367e3009,0a1506ca-ede6-548b-91b8-0730277089b0,active,2026-06-23
4da4cb6d-4c69-586d-a926-1aa3869ceea1,1cfa69ba-72bf-5b6a-a929-257b367e3009,4b343160-5928-5bdb-83ef-2c0f9faba1dd,active,2026-01-27
6d426e8e-176e-521d-a734-0e2a5b0c9e78,1cfa69ba-72bf-5b6a-a929-257b367e3009,868b1dbf-370d-5142-be8c-5a80dfad818d,active,2026-07-06
585a18ae-481a-5030-9c4c-60ac72df08f2,1cfa69ba-72bf-5b6a-a929-257b367e3009,69d2e248-598e-501c-a2eb-fb4fb8ccf487,active,2026-04-30
df04e757-4c0c-520b-ada4-de3870c6e1ef,88bf0ee2-5237-548f-b350-bd7762cf6887,0b4a6e3b-d5cd-5d10-87c4-ab6fda0aa831,active,2025-09-21
74c04fc7-2acf-55ad-94eb-66269910d5f1,88bf0ee2-5237-548f-b350-bd7762cf6887,018fefc2-38fb-5f92-8391-2fe032547753,active,2026-04-06
ef3c3962-423b-5d66-ac95-06153050b96d,88bf0ee2-5237-548f-b350-bd7762cf6887,69d2e248-598e-501c-a2eb-fb4fb8ccf487,active,2026-06-21
18fa708a-2a77-5723-9cdd-27f5588a174f,88bf0ee2-5237-548f-b350-bd7762cf6887,f080ca1b-6cb2-5242-98ed-4612ac098b94,active,2025-09-18
28253e6d-c7e5-53d7-9ae2-3aa31e3dd731,88bf0ee2-5237-548f-b350-bd7762cf6887,868b1dbf-370d-5142-be8c-5a80dfad818d,active,2025-11-06
3de7a34d-755b-52b4-aa9e-2237e4f63ca1,88bf0ee2-5237-548f-b350-bd7762cf6887,fc407d89-26e4-55ce-a2dc-fdae931500f1,active,2026-01-26
90f43664-cb24-56d8-ad97-d1fa67028009,88bf0ee2-5237-548f-b350-bd7762cf6887,0a1506ca-ede6-548b-91b8-0730277089b0,inactive,2025-10-18
9a62ae95-8b3e-5fc5-bf58-3189ca38aa9a,88bf0ee2-5237-548f-b350-bd7762cf6887,a9db23aa-1685-5f58-8beb-3c1c13702b6a,active,2025-10-05
ade52679-b84e-55a8-9994-64fed7d755f3,80ccd3ab-b208-5d5c-af4d-58c4fb338f85,0b4a6e3b-d5cd-5d10-87c4-ab6fda0aa831,active,2026-03-16
5d967768-6cf9-53e2-93c6-3ff4cea7583f,80ccd3ab-b208-5d5c-af4d-58c4fb338f85,018fefc2-38fb-5f92-8391-2fe032547753,active,2026-02-13
682a7adf-cdc5-5899-8bc4-81dc6d50d2b9,80ccd3ab-b208-5d5c-af4d-58c4fb338f85,a9db23aa-1685-5f58-8beb-3c1c13702b6a,active,2026-08-03
19b88731-bc8c-536f-888e-365633c51a61,80ccd3ab-b208-5d5c-af4d-58c4fb338f85,4b343160-5928-5bdb-83ef-2c0f9faba1dd,active,2026-01-19
04e0ded6-2331-5524-8e21-b2261fd35a5d,80ccd3ab-b208-5d5c-af4d-58c4fb338f85,69d2e248-598e-501c-a2eb-fb4fb8ccf487,active,2026-01-03
c1f096ea-8d2f-5372-9c53-894af3ce44a6,80ccd3ab-b208-5d5c-af4d-58c4fb338f85,f080ca1b-6cb2-5242-98ed-4612ac098b94,active,2026-07-01
f14bcf06-b33e-5bbd-ad53-d411713cfb44,80ccd3ab-b208-5d5c-af4d-58c4fb338f85,9502494a-7b3f-5213-8df6-4e5e5e22101f,pending,2025-09-15
91bad289-7d13-56d2-a16d-09f360bb2e69,12abe88c-6607-5a93-8e94-051ebb98f263,0b4a6e3b-d5cd-5d10-87c4-ab6fda0aa831,active,2025-09-12
9432cbf9-a8c8-5a60-bdc8-c4dac470d667,12abe88c-6607-5a93-8e94-051ebb98f263,018fefc2-38fb-5f92-8391-2fe032547753,pending,2025-11-21
44b8d1f2-fcf7-5710-b7c8-2c148dee97cb,12abe88c-6607-5a93-8e94-051ebb98f263,868b1dbf-370d-5142-be8c-5a80dfad818d,pending,2026-08-03
3de54f86-c759-5b5a-9e66-c1487d7a4775,12abe88c-6607-5a93-8e94-051ebb98f263,4b343160-5928-5bdb-83ef-2c0f9faba1dd,active,2025-12-13
b4edefb4-145e-53a0-8e10-8596ea8daf64,12abe88c-6607-5a93-8e94-051ebb98f263,69d2e248-598e-501c-a2eb-fb4fb8ccf487,active,2026-08-21
3baa16db-e0f4-5e89-8dd3-6922f0179ea7,eb980f3d-e240-57e1-a831-ca15a13b3d55,0b4a6e3b-d5cd-5d10-87c4-ab6fda0aa831,active,2025-08-31
5ec27e09-afc8-535e-82be-d4c98d4fe6fd,eb980f3d-e240-57e1-a831-ca15a13b3d55,018fefc2-38fb-5f92-8391-2fe032547753,pending,2025-11-10
a406e83b-75d8-54f6-8c71-71fc12c5e00d,eb980f3d-e240-57e1-a831-ca15a13b3d55,868b1dbf-370d-5142-be8c-5a80dfad818d,active,2025-09-21
3a8c7d05-6357-5545-a879-6552b3d15917,eb980f3d-e240-57e1-a831-ca15a13b3d55,9502494a-7b3f-5213-8df6-4e5e5e22101f,active,2025-09-08
f577907d-0a58-5ca3-92df-78e209f30cb8,eb980f3d-e240-57e1-a831-ca15a13b3d55,4b343160-5928-5bdb-83ef-2c0f9faba1dd,active,2026-07-09
559f32e6-7b5f-5fd9-a3e9-4872ca5b1f40,75179f00-1271-5352-8932-ab86611eb04e,0b4a6e3b-d5cd-5d10-87c4-ab6fda0aa831,pending,2026-07-18
bd1e9c80-fdaf-5f82-930b-a9a037d1bdf4,75179f00-1271-5352-8932-ab86611eb04e,018fefc2-38fb-5f92-8391-2fe032547753,active,2026-02-15
c18d1142-7fe8-573b-9c63-d342840ebeac,75179f00-1271-5352-8932-ab86611eb04e,9502494a-7b3f-5213-8df6-4e5e5e22101f,active,2026-04-05
ffb27c83-c31b-593b-b5a7-4ed1c6023289,244d5793-ee1f-588e-94b6-fb44a513eda7,0b4a6e3b-d5cd-5d10-87c4-ab6fda0aa831,active,2025-10-27
f524a904-26f9-5cc4-9a68-0f9d1c877c2f,244d5793-ee1f-588e-94b6-fb44a513eda7,018fefc2-38fb-5f92-8391-2fe032547753,active,2026-05-08
b6d0ae79-ce6a-5110-a025-c94f75d43466,244d5793-ee1f-588e-94b6-fb44a513eda7,69d2e248-598e-501c-a2eb-fb4fb8ccf487,active,2026-02-18
1c4b1533-50db-5181-8da2-81edc7a18991,244d5793-ee1f-588e-94b6-fb44a513eda7,0a1506ca-ede6-548b-91b8-0730277089b0,pending,2026-03-10
0bd9f788-7043-50e4-99b1-9c16354fc8fc,244d5793-ee1f-588e-94b6-fb44a513eda7,a9db23aa-1685-5f58-8beb-3c1c13702b6a,inactive,2026-06-27
c1441dea-cde2-5212-bd4a-c2f61ef83934,244d5793-ee1f-588e-94b6-fb44a513eda7,4b343160-5928-5bdb-83ef-2c0f9faba1dd,active,2026-05-07
c00908fd-3db6-58d8-b271-920125d34138,244d5793-ee1f-588e-94b6-fb44a513eda7,fc407d89-26e4-55ce-a2dc-fdae931500f1,active,2025-12-14
8b914f0d-3c0c-5f9a-9659-efa474917c02,f89a510f-e521-5198-bf5d-87fc682c09ca,0b4a6e3b-d5cd-5d10-87c4-ab6fda0aa831,active,2025-09-24
70043d88-3654-5e38-8928-6edd63cde2e0,f89a510f-e521-5198-bf5d-87fc682c09ca,018fefc2-38fb-5f92-8391-2fe032547753,active,2026-02-11
2b4effb9-0620-5cf9-bbbd-17434d12d4af,f89a510f-e521-5198-bf5d-87fc682c09ca,fc407d89-26e4-55ce-a2dc-fdae931500f1,pending,2025-10-14
d4b796ae-4a7f-5da2-9a27-911fc6eb36df,f89a510f-e521-5198-bf5d-87fc682c09ca,0a1506ca-ede6-548b-91b8-0730277089b0,active,2025-11-15
c34f853a-94c2-5bf0-9039-68b1a3705946,f89a510f-e521-5198-bf5d-87fc682c09ca,9502494a-7b3f-5213-8df6-4e5e5e22101f,active,2026-02-19
d6707d80-0487-522f-be53-57b5898ec3c6,dce5079e-2a1f-5bcf-a06a-c77c37039980,0b4a6e3b-d5cd-5d10-87c4-ab6fda0aa831,active,2026-02-06
e57b688a-f8c3-51cb-9593-9e8123051d8c,dce5079e-2a1f-5bcf-a06a-c77c37039980,018fefc2-38fb-5f92-8391-2fe032547753,active,2026-04-11
b43a95bc-936a-5f68-bd2a-be95317e4aae,dce5079e-2a1f-5bcf-a06a-c77c37039980,69d2e248-598e-501c-a2eb-fb4fb8ccf487,active,2026-01-06
8f7884f8-7eb2-576b-be2e-48b04fccda79,dce5079e-2a1f-5bcf-a06a-c77c37039980,868b1dbf-370d-5142-be8c-5a80dfad818d,inactive,2025-12-30
7f58c481-51a5-5b6a-83e2-6c1d49d40828,dce5079e-2a1f-5bcf-a06a-c77c37039980,fc407d89-26e4-55ce-a2dc-fdae931500f1,active,2025-10-24
38dba310-7ad4-59ed-80a4-751a463df917,dce5079e-2a1f-5bcf-a06a-c77c37039980,f080ca1b-6cb2-5242-98ed-4612ac098b94,active,2026-03-21
c515e5fd-fc3b-50b0-83f1-590231590ce1,54634559-6cb7-5cff-ac34-0cd5de4a1566,0b4a6e3b-d5cd-5d10-87c4-ab6fda0aa831,active,2026-05-10
adb58b55-3fb7-5b9a-8bcf-e189abc30380,54634559-6cb7-5cff-ac34-0cd5de4a1566,018fefc2-38fb-5f92-8391-2fe032547753,inactive,2026-05-13
2fb7f291-dc1d-5092-bf1e-2a349c244ab6,54634559-6cb7-5cff-ac34-0cd5de4a1566,868b1dbf-370d-5142-be8c-5a80dfad818d,active,2026-07-02
d2ea70ec-aedc-5f24-b328-00fab45f9be0,fec5ef32-adc8-52e8-a786-3c1a3eeddcb4,0b4a6e3b-d5cd-5d10-87c4-ab6fda0aa831,active,2026-04-13
b5045f87-3d54-59ba-80a5-9d01cb7fca3c,fec5ef32-adc8-52e8-a786-3c1a3eeddcb4,018fefc2-38fb-5f92-8391-2fe032547753,pending,2026-05-11
71997c78-5c8e-57b8-a065-c62cb7d122b8,fec5ef32-adc8-52e8-a786-3c1a3eeddcb4,fc407d89-26e4-55ce-a2dc-fdae931500f1,active,2026-02-09
c3019362-18c6-5d59-947e-ce847c89ffde,fec5ef32-adc8-52e8-a786-3c1a3eeddcb4,4b343160-5928-5bdb-83ef-2c0f9faba1dd,active,2026-04-13
f360453d-3740-51aa-ac7a-c55cdd52d558,fec5ef32-adc8-52e8-a786-3c1a3eeddcb4,868b1dbf-370d-5142-be8c-5a80dfad818d,active,2026-04-06
99fe881f-5412-56af-9422-36f44160ca16,37f79259-d62e-5c69-afdf-2389be70cc01,0b4a6e3b-d5cd-5d10-87c4-ab6fda0aa831,active,2025-10-29
37e86b23-0e9e-582c-b0ae-40eb8fb561c6,37f79259-d62e-5c69-afdf-2389be70cc01,018fefc2-38fb-5f92-8391-2fe032547753,active,2026-06-12
d223352c-8ba5-5644-9a8c-e11111305f36,37f79259-d62e-5c69-afdf-2389be70cc01,4b343160-5928-5bdb-83ef-2c0f9faba1dd,inactive,2026-08-14
910862b8-655c-5907-a2dd-270f90cd3cf8,37f79259-d62e-5c69-afdf-2389be70cc01,868b1dbf-370d-5142-be8c-5a80dfad818d,active,2026-02-01
61c0f56e-1ebb-5b59-b085-bc9d872aaa96,37f79259-d62e-5c69-afdf-2389be70cc01,a9db23aa-1685-5f58-8beb-3c1c13702b6a,active,2026-06-21
767d0fe7-ae8a-5427-96d6-8cf76543e991,37f79259-d62e-5c69-afdf-2389be70cc01,9502494a-7b3f-5213-8df6-4e5e5e22101f,pending,2026-01-04
06a387f0-966c-52e8-a2b5-d6ea1f0c5f0f,37f79259-d62e-5c69-afdf-2389be70cc01,0a1506ca-ede6-548b-91b8-0730277089b0,active,2026-05-12
7e07f086-c762-5329-8db3-e74aaa2025b9,37f79259-d62e-5c69-afdf-2389be70cc01,69d2e248-598e-501c-a2eb-fb4fb8ccf487,active,2025-09-29
a39170e0-08b2-55dc-9e14-bfc2d59e109b,f22cfccb-07c1-5c34-875a-781e473a5a84,0b4a6e3b-d5cd-5d10-87c4-ab6fda0aa831,active,2026-02-14
8446b260-d546-5cb8-8740-e4be9467adab,f22cfccb-07c1-5c34-875a-781e473a5a84,018fefc2-38fb-5f92-8391-2fe032547753,active,2026-05-23
2b0e99ed-86b0-52a7-8caf-f81e8a8ad29b,f22cfccb-07c1-5c34-875a-781e473a5a84,868b1dbf-370d-5142-be8c-5a80dfad818d,active,2026-05-24
0daba708-638f-5eaf-868e-694dd05068b9,f22cfccb-07c1-5c34-875a-781e473a5a84,9502494a-7b3f-5213-8df6-4e5e5e22101f,inactive,2025-10-01
752acb5f-f6af-55b2-a304-e419fe9ae104,f22cfccb-07c1-5c34-875a-781e473a5a84,0a1506ca-ede6-548b-91b8-0730277089b0,active,2026-04-16
350f90ce-adb7-5890-a249-214db464d3df,a88d88af-877f-56c1-9477-69b5f3181ec4,0b4a6e3b-d5cd-5d10-87c4-ab6fda0aa831,active,2026-07-10
1bec4baa-2a85-5705-b83e-9eed8a328fc2,a88d88af-877f-56c1-9477-69b5f3181ec4,018fefc2-38fb-5f92-8391-2fe032547753,active,2025-10-12
26442c29-d47f-5fb8-8fa0-485ba980dad4,a88d88af-877f-56c1-9477-69b5f3181ec4,f080ca1b-6cb2-5242-98ed-4612ac098b94,active,2025-11-11
cbeffc81-b3c3-5b74-82e1-57032d26e506,a88d88af-877f-56c1-9477-69b5f3181ec4,9502494a-7b3f-5213-8df6-4e5e5e22101f,active,2026-06-22
5b39a681-76dd-5630-959b-0007c2cc97f0,a88d88af-877f-56c1-9477-69b5f3181ec4,0a1506ca-ede6-548b-91b8-0730277089b0,active,2026-08-06
0a04fcbf-bf6b-5af6-8013-f916fdb999db,1489d537-b510-5d2e-8462-6a04a053779b,0b4a6e3b-d5cd-5d10-87c4-ab6fda0aa831,inactive,2026-03-24
6e73b5a9-6b0a-54a9-a3c0-1b98b7bdd6a8,1489d537-b510-5d2e-8462-6a04a053779b,018fefc2-38fb-5f92-8391-2fe032547753,active,2025-09-24
d42b6332-62b8-5ec4-bc3a-77e74d37babc,1489d537-b510-5d2e-8462-6a04a053779b,4b343160-5928-5bdb-83ef-2c0f9faba1dd,inactive,2025-09-18
94c481cc-14d2-57d9-b6aa-f616bba9b0c7,0cac86aa-94c6-5442-9a2c-abdb872c090f,0b4a6e3b-d5cd-5d10-87c4-ab6fda0aa831,active,2026-05-23
e886e7e8-9a9a-5ae4-8c6b-cda13bf44af2,0cac86aa-94c6-5442-9a2c-abdb872c090f,018fefc2-38fb-5f92-8391-2fe032547753,active,2026-04-23
6144308e-59f4-52d1-a07e-3af15b6f9dd8,0cac86aa-94c6-5442-9a2c-abdb872c090f,868b1dbf-370d-5142-be8c-5a80dfad818d,inactive,2025-12-16
f5fe9166-efa3-5cd3-9226-93da820cbf11,0cac86aa-94c6-5442-9a2c-abdb872c090f,4b343160-5928-5bdb-83ef-2c0f9faba1dd,active,2025-12-27
def11fe4-ff73-5c94-9351-597066f75c2e,44015697-3e20-5cfe-bf53-1eed5cfb9c5f,0b4a6e3b-d5cd-5d10-87c4-ab6fda0aa831,active,2026-08-23
204db1ff-c886-551a-9885-68ae0e846018,44015697-3e20-5cfe-bf53-1eed5cfb9c5f,018fefc2-38fb-5f92-8391-2fe032547753,active,2026-06-08
abd9294e-e27f-5eb4-b902-b32b634657e9,44015697-3e20-5cfe-bf53-1eed5cfb9c5f,9502494a-7b3f-5213-8df6-4e5e5e22101f,active,2025-11-15
873a37bf-32bb-5d16-bd8d-bbc9eb0477be,44015697-3e20-5cfe-bf53-1eed5cfb9c5f,fc407d89-26e4-55ce-a2dc-fdae931500f1,active,2025-09-14
9514d479-52a6-544c-a2cd-64914cb7f79f,44015697-3e20-5cfe-bf53-1eed5cfb9c5f,868b1dbf-370d-5142-be8c-5a80dfad818d,active,2025-12-14
d9b8e5b8-c6c4-50fe-a0bd-b5ba49602e80,44015697-3e20-5cfe-bf53-1eed5cfb9c5f,4b343160-5928-5bdb-83ef-2c0f9faba1dd,active,2025-09-27
8bc2bc01-9118-56d4-9220-026d7fc66b40,44015697-3e20-5cfe-bf53-1eed5cfb9c5f,0a1506ca-ede6-548b-91b8-0730277089b0,active,2025-11-19
4c138e11-66c9-5162-8614-dee8e33ba520,44015697-3e20-5cfe-bf53-1eed5cfb9c5f,a9db23aa-1685-5f58-8beb-3c1c13702b6a,active,2026-03-01
d4f8429c-a826-5cb8-8077-f5e9139df032,af01f3b6-58f8-5da7-b010-4af3143c45bd,0b4a6e3b-d5cd-5d10-87c4-ab6fda0aa831,active,2026-01-02
c2749656-ec9e-5c71-a2d8-e269e3b7449f,af01f3b6-58f8-5da7-b010-4af3143c45bd,018fefc2-38fb-5f92-8391-2fe032547753,active,2026-05-29
53d108cd-5d6e-566d-909d-9d26ba8720fe,af01f3b6-58f8-5da7-b010-4af3143c45bd,a9db23aa-1685-5f58-8beb-3c1c13702b6a,active,2026-02-08
9b5287ed-4314-5b91-9353-9ba8709d421a,af01f3b6-58f8-5da7-b010-4af3143c45bd,fc407d89-26e4-55ce-a2dc-fdae931500f1,inactive,2026-06-11
028d88de-84dc-5463-a9d9-04ea2fa86988,af01f3b6-58f8-5da7-b010-4af3143c45bd,0a1506ca-ede6-548b-91b8-0730277089b0,active,2025-12-25
92c5f0f8-4c11-5e68-8ec6-f8703a40504d,af01f3b6-58f8-5da7-b010-4af3143c45bd,868b1dbf-370d-5142-be8c-5a80dfad818d,inactive,2025-12-21
8155f2c0-3179-516e-a592-4eb9d30a26e8,bd68906f-9496-59ec-b6f7-a1c7cbd457e5,0b4a6e3b-d5cd-5d10-87c4-ab6fda0aa831,inactive,2026-04-27
4577aa79-484f-53ff-98e9-4caa235c9abd,bd68906f-9496-59ec-b6f7-a1c7cbd457e5,018fefc2-38fb-5f92-8391-2fe032547753,pending,2026-03-29
ede95ee1-175f-5751-8428-35b81e5ba45d,bd68906f-9496-59ec-b6f7-a1c7cbd457e5,a9db23aa-1685-5f58-8beb-3c1c13702b6a,active,2026-07-30
1958fe37-269c-5a2d-aee2-67d356c040ff,bd68906f-9496-59ec-b6f7-a1c7cbd457e5,9502494a-7b3f-5213-8df6-4e5e5e22101f,active,2026-08-27
4eddad1c-c123-58b8-8c2c-35771826caff,bd68906f-9496-59ec-b6f7-a1c7cbd457e5,f080ca1b-6cb2-5242-98ed-4612ac098b94,active,2025-12-09
f61dc08d-557d-5806-9bb5-5e365e199028,23826633-9aad-5005-85cf-96f377012cf8,0b4a6e3b-d5cd-5d10-87c4-ab6fda0aa831,active,2025-11-02
4ce0a780-7307-5384-8bc5-abb6f5078175,23826633-9aad-5005-85cf-96f377012cf8,018fefc2-38fb-5f92-8391-2fe032547753,active,2026-04-18
5c9323c3-3ec1-5904-9732-27f01d9c4975,23826633-9aad-5005-85cf-96f377012cf8,69d2e248-598e-501c-a2eb-fb4fb8ccf487,active,2026-06-17
8ef33ad1-38c4-5428-8a9c-4f25905df2a5,23826633-9aad-5005-85cf-96f377012cf8,9502494a-7b3f-5213-8df6-4e5e5e22101f,active,2026-01-07
f438e9ea-9a66-5b93-9075-24fafab3ed77,23826633-9aad-5005-85cf-96f377012cf8,f080ca1b-6cb2-5242-98ed-4612ac098b94,active,2025-08-31
3ef39ac3-f5ce-59ca-953a-9dc8638d1185,23826633-9aad-5005-85cf-96f377012cf8,a9db23aa-1685-5f58-8beb-3c1c13702b6a,active,2025-11-23
eba4ebf2-3e5c-52c9-99a9-5c17ae1eaf14,23826633-9aad-5005-85cf-96f377012cf8,868b1dbf-370d-5142-be8c-5a80dfad818d,inactive,2026-03-20
bc790e28-8822-55b6-9195-7e0261bc408a,23826633-9aad-5005-85cf-96f377012cf8,4b343160-5928-5bdb-83ef-2c0f9faba1dd,active,2026-05-02
724f2b0a-2e1e-5158-89bd-4eccaf1948af,6bda4027-616b-55bf-9c25-12cfc5146718,0b4a6e3b-d5cd-5d10-87c4-ab6fda0aa831,active,2026-03-08
d9cc454c-aa53-5b0e-ab7c-118ccb98bb6d,6bda4027-616b-55bf-9c25-12cfc5146718,018fefc2-38fb-5f92-8391-2fe032547753,active,2026-05-14
fca9cadf-3e92-5700-8cf5-923ff7b2070d,6bda4027-616b-55bf-9c25-12cfc5146718,4b343160-5928-5bdb-83ef-2c0f9faba1dd,active,2026-08-24
6a18ed99-dbdb-5322-9322-81c8cfccb1b3,6bda4027-616b-55bf-9c25-12cfc5146718,0a1506ca-ede6-548b-91b8-0730277089b0,active,2026-08-06
31e3fbc6-f281-5db1-9335-4b2519decc9b,ca8462ce-fb7b-5338-830e-f468a915e3f1,0b4a6e3b-d5cd-5d10-87c4-ab6fda0aa831,active,2026-04-24
785ce5cf-27e8-54fb-a092-8dca839d2614,ca8462ce-fb7b-5338-830e-f468a915e3f1,018fefc2-38fb-5f92-8391-2fe032547753,active,2025-10-30
9232be6d-4575-55f0-80a9-eccc883d2b1d,ca8462ce-fb7b-5338-830e-f468a915e3f1,4b343160-5928-5bdb-83ef-2c0f9faba1dd,active,2026-07-07
9a77d7c8-fc49-5ac3-9bc7-39faacfc6b8f,ca8462ce-fb7b-5338-830e-f468a915e3f1,a9db23aa-1685-5f58-8beb-3c1c13702b6a,active,2025-10-03
846b9601-ce42-5324-b894-a37a019d470b,ca8462ce-fb7b-5338-830e-f468a915e3f1,9502494a-7b3f-5213-8df6-4e5e5e22101f,active,2025-12-22
80e5e563-67e2-5566-9612-d1ddc43ccc34,ca8462ce-fb7b-5338-830e-f468a915e3f1,f080ca1b-6cb2-5242-98ed-4612ac098b94,pending,2026-08-03
ce7e8dc8-7b95-58de-8dd0-0b86821e54bc,ca8462ce-fb7b-5338-830e-f468a915e3f1,fc407d89-26e4-55ce-a2dc-fdae931500f1,active,2025-10-09
bd4ffca2-6464-5681-808b-ef14335ed3e1,ca8462ce-fb7b-5338-830e-f468a915e3f1,69d2e248-598e-501c-a2eb-fb4fb8ccf487,active,2026-03-23
8100efa7-4c41-5012-a867-53283e956d72,83a5753b-2def-57f3-97c0-f5d18385ccc0,0b4a6e3b-d5cd-5d10-87c4-ab6fda0aa831,pending,2025-12-08
56a805f2-78d6-55a8-863b-be53f7457204,83a5753b-2def-57f3-97c0-f5d18385ccc0,018fefc2-38fb-5f92-8391-2fe032547753,inactive,2026-03-19
46c0cbeb-7ac6-5d55-89c5-275e22ce6027,83a5753b-2def-57f3-97c0-f5d18385ccc0,4b343160-5928-5bdb-83ef-2c0f9faba1dd,active,2026-08-06
9d1ceb6a-3323-59b1-9668-b7d54adc7b15,83a5753b-2def-57f3-97c0-f5d18385ccc0,0a1506ca-ede6-548b-91b8-0730277089b0,pending,2025-12-23
c4382705-076d-5808-934f-01d7a468a5b5,83a5753b-2def-57f3-97c0-f5d18385ccc0,a9db23aa-1685-5f58-8beb-3c1c13702b6a,active,2026-01-06
e4faca3a-df6f-58df-b5c5-4bebd542ea5f,9400bc5a-a0e8-51d4-ac65-198f7c034d14,0b4a6e3b-d5cd-5d10-87c4-ab6fda0aa831,active,2025-09-11
72f66812-bf2e-5101-956a-3664cc2f8b34,9400bc5a-a0e8-51d4-ac65-198f7c034d14,018fefc2-38fb-5f92-8391-2fe032547753,pending,2025-09-10
8794bf55-45f7-542b-a675-d444c4137392,9400bc5a-a0e8-51d4-ac65-198f7c034d14,0a1506ca-ede6-548b-91b8-0730277089b0,active,2026-03-04
b9988f73-c70f-5e87-897c-672abbe68a54,9400bc5a-a0e8-51d4-ac65-198f7c034d14,a9db23aa-1685-5f58-8beb-3c1c13702b6a,pending,2026-03-15
160c7124-5442-5ad4-b76b-7c2054ff5035,9400bc5a-a0e8-51d4-ac65-198f7c034d14,868b1dbf-370d-5142-be8c-5a80dfad818d,active,2026-06-23
7be3faa6-7388-58d0-b744-044b65f7273b,9400bc5a-a0e8-51d4-ac65-198f7c034d14,fc407d89-26e4-55ce-a2dc-fdae931500f1,pending,2026-08-10
5d4af9ed-ede9-50f2-82da-1a4831d3410b,b6fe779b-5c1b-5168-b1fe-21fba9d1ac9e,0b4a6e3b-d5cd-5d10-87c4-ab6fda0aa831,active,2026-07-18
91cf436b-5112-5995-809b-193b542f71d1,b6fe779b-5c1b-5168-b1fe-21fba9d1ac9e,018fefc2-38fb-5f92-8391-2fe032547753,active,2026-08-06
15050c6c-2239-5112-bf50-7ff15bcc45f2,b6fe779b-5c1b-5168-b1fe-21fba9d1ac9e,69d2e248-598e-501c-a2eb-fb4fb8ccf487,active,2026-04-11
cdb9b250-c33c-58d2-a8e9-612ede06e57e,b6fe779b-5c1b-5168-b1fe-21fba9d1ac9e,868b1dbf-370d-5142-be8c-5a80dfad818d,active,2026-06-22
20b15538-937f-5ff7-8424-3fe891b53a97,b6fe779b-5c1b-5168-b1fe-21fba9d1ac9e,9502494a-7b3f-5213-8df6-4e5e5e22101f,active,2026-04-24
53809497-5790-559f-bc95-a81630656083,b6fe779b-5c1b-5168-b1fe-21fba9d1ac9e,a9db23aa-1685-5f58-8beb-3c1c13702b6a,active,2026-05-10
a5645a87-2a92-539f-8190-da6969d87b05,b6fe779b-5c1b-5168-b1fe-21fba9d1ac9e,4b343160-5928-5bdb-83ef-2c0f9faba1dd,active,2026-07-07
89dee8a6-0148-57ec-bbc9-4fb878070811,b6fe779b-5c1b-5168-b1fe-21fba9d1ac9e,fc407d89-26e4-55ce-a2dc-fdae931500f1,active,2025-11-18
fcf36e91-6a78-5717-a14e-cca74425b8ed,b4077fc4-2cf7-5ff9-8d68-edb22986e213,0b4a6e3b-d5cd-5d10-87c4-ab6fda0aa831,active,2026-02-03
73b768ec-bf08-5ed2-be0e-b2c0e646dcdd,b4077fc4-2cf7-5ff9-8d68-edb22986e213,018fefc2-38fb-5f92-8391-2fe032547753,active,2026-06-14
f12f16b8-eb39-539c-8566-bef74770a530,b4077fc4-2cf7-5ff9-8d68-edb22986e213,fc407d89-26e4-55ce-a2dc-fdae931500f1,active,2025-09-28
0b364500-639a-556d-b964-4ea1385e15f2,b4077fc4-2cf7-5ff9-8d68-edb22986e213,a9db23aa-1685-5f58-8beb-3c1c13702b6a,active,2026-01-22
1608a58c-fdf9-5adc-b348-7cd458ad8824,b4077fc4-2cf7-5ff9-8d68-edb22986e213,f080ca1b-6cb2-5242-98ed-4612ac098b94,active,2026-03-04
a1cc6875-6144-59f4-b660-52f60464a711,b4077fc4-2cf7-5ff9-8d68-edb22986e213,9502494a-7b3f-5213-8df6-4e5e5e22101f,active,2026-02-05
87997c6e-d4c1-5b8f-a911-3c54ec6f453d,f0d978da-a823-54ce-b4fa-57d8d0b0a4f2,0b4a6e3b-d5cd-5d10-87c4-ab6fda0aa831,active,2026-01-12
0af3e97d-7f20-5be9-a8bc-4c0ae8e13d4f,f0d978da-a823-54ce-b4fa-57d8d0b0a4f2,018fefc2-38fb-5f92-8391-2fe032547753,active,2025-11-23
7a0e6f76-17bb-5c71-b70a-530c72d101ec,f0d978da-a823-54ce-b4fa-57d8d0b0a4f2,9502494a-7b3f-5213-8df6-4e5e5e22101f,active,2026-05-23
c01afc6d-4654-55bb-bb6d-b7770c21dfa8,b3846a6a-3c83-5d01-8118-53db0ce7111d,0b4a6e3b-d5cd-5d10-87c4-ab6fda0aa831,active,2026-04-09
dc1c5465-6653-56fa-a8bd-7b0c6ee8b41b,b3846a6a-3c83-5d01-8118-53db0ce7111d,018fefc2-38fb-5f92-8391-2fe032547753,active,2026-06-29
01c7a236-6b51-595b-b3d0-8d1bba5dd086,b3846a6a-3c83-5d01-8118-53db0ce7111d,9502494a-7b3f-5213-8df6-4e5e5e22101f,inactive,2025-11-28
4ffc9b49-1462-5418-ae85-dd11ddac0b40,b3846a6a-3c83-5d01-8118-53db0ce7111d,69d2e248-598e-501c-a2eb-fb4fb8ccf487,active,2026-07-26
8105f183-1f7e-5c67-ae9e-3ed4f959a329,b3846a6a-3c83-5d01-8118-53db0ce7111d,0a1506ca-ede6-548b-91b8-0730277089b0,active,2026-07-06
01571cbd-2dfd-575a-8cd6-835ca56d7dcc,5d2d7e8e-dd31-5892-a306-980c402b03c4,0b4a6e3b-d5cd-5d10-87c4-ab6fda0aa831,active,2026-03-04
4bf5bb29-69b1-5f35-8e7e-aae9630fdbd8,5d2d7e8e-dd31-5892-a306-980c402b03c4,018fefc2-38fb-5f92-8391-2fe032547753,pending,2025-12-14
19d2853e-3401-52eb-b900-2106dc5722c3,5d2d7e8e-dd31-5892-a306-980c402b03c4,0a1506ca-ede6-548b-91b8-0730277089b0,active,2026-07-03
319707aa-a0cc-5a33-ab54-54a56523bce0,5d2d7e8e-dd31-5892-a306-980c402b03c4,868b1dbf-370d-5142-be8c-5a80dfad818d,active,2026-05-20
8f115c30-7515-5242-ba54-4fb697dbb9b8,5d2d7e8e-dd31-5892-a306-980c402b03c4,9502494a-7b3f-5213-8df6-4e5e5e22101f,active,2025-11-29
9757d040-912a-5358-b26f-0695179c87db,9eb33723-4279-5c9e-9659-739a57fe1735,0b4a6e3b-d5cd-5d10-87c4-ab6fda0aa831,active,2025-09-29
57d2033f-f1ac-5b2f-912a-a7e5a048e4b4,9eb33723-4279-5c9e-9659-739a57fe1735,018fefc2-38fb-5f92-8391-2fe032547753,active,2026-05-15
86c95bac-8abc-5bc1-8eb9-b7a2ac74e1dc,9eb33723-4279-5c9e-9659-739a57fe1735,69d2e248-598e-501c-a2eb-fb4fb8ccf487,pending,2025-10-13
0a22b7fb-2de9-5249-a5b2-0e4c83d2f40c,9eb33723-4279-5c9e-9659-739a57fe1735,a9db23aa-1685-5f58-8beb-3c1c13702b6a,active,2025-12-01
413ad913-943d-59f4-9f14-effa3cad5179,9eb33723-4279-5c9e-9659-739a57fe1735,4b343160-5928-5bdb-83ef-2c0f9faba1dd,inactive,2025-10-14
6816513a-6931-5a05-ae1d-88d4bf1240bb,9eb33723-4279-5c9e-9659-739a57fe1735,f080ca1b-6cb2-5242-98ed-4612ac098b94,active,2026-03-28
f1892774-9132-5a27-8f75-45458fffbf9c,4c97df8a-b536-5991-bed8-a6d0664d9c6a,0b4a6e3b-d5cd-5d10-87c4-ab6fda0aa831,active,2026-01-21
b7b9a57b-4d50-5790-9622-c837d4e4963d,4c97df8a-b536-5991-bed8-a6d0664d9c6a,018fefc2-38fb-5f92-8391-2fe032547753,active,2026-02-20
35e26195-945d-55ac-bcbc-18557eb02793,4c97df8a-b536-5991-bed8-a6d0664d9c6a,868b1dbf-370d-5142-be8c-5a80dfad818d,active,2026-03-31
e21f0f94-3157-5b84-b2b3-bcc7ac00a9f4,4c97df8a-b536-5991-bed8-a6d0664d9c6a,4b343160-5928-5bdb-83ef-2c0f9faba1dd,active,2025-09-02
c10f6c2f-dfbe-501c-864d-8b919b661cd4,4c97df8a-b536-5991-bed8-a6d0664d9c6a,69d2e248-598e-501c-a2eb-fb4fb8ccf487,active,2025-09-13
a6bb6e1d-53fe-59f1-b33c-804ed43945e8,c3753c2f-d009-5a3a-8cff-e16d8c15df87,0b4a6e3b-d5cd-5d10-87c4-ab6fda0aa831,inactive,2026-03-17
8de25f51-4750-5f15-b791-87e6c5582554,c3753c2f-d009-5a3a-8cff-e16d8c15df87,018fefc2-38fb-5f92-8391-2fe032547753,active,2025-12-20
29192019-a252-5acf-8d86-39447e9aecaa,c3753c2f-d009-5a3a-8cff-e16d8c15df87,4b343160-5928-5bdb-83ef-2c0f9faba1dd,active,2026-02-01
3147322a-c39a-5b45-9478-92f6b13aa47d,c3753c2f-d009-5a3a-8cff-e16d8c15df87,69d2e248-598e-501c-a2eb-fb4fb8ccf487,active,2025-10-08
1affca02-dcde-5288-8744-f9d4d320e825,c3753c2f-d009-5a3a-8cff-e16d8c15df87,f080ca1b-6cb2-5242-98ed-4612ac098b94,active,2026-03-03
4895d41f-7356-53d1-88d2-5ea4504a7902,c3753c2f-d009-5a3a-8cff-e16d8c15df87,a9db23aa-1685-5f58-8beb-3c1c13702b6a,active,2026-05-28
652ad3c4-449b-56c9-8618-81f12ff1fe68,215ae3ed-2b44-5040-8217-2093422d167d,0b4a6e3b-d5cd-5d10-87c4-ab6fda0aa831,active,2026-02-20
a62cffb3-e1c5-5e55-80ab-48f13f2eb836,215ae3ed-2b44-5040-8217-2093422d167d,018fefc2-38fb-5f92-8391-2fe032547753,active,2025-09-14
a770c774-2d12-51e4-81a3-a44959f205b9,215ae3ed-2b44-5040-8217-2093422d167d,69d2e248-598e-501c-a2eb-fb4fb8ccf487,active,2026-03-29
dba90b75-2404-5841-8993-89ec4841e1e0,215ae3ed-2b44-5040-8217-2093422d167d,4b343160-5928-5bdb-83ef-2c0f9faba1dd,inactive,2026-08-19
9234c60c-4869-5895-9d88-4695b0e53a32,215ae3ed-2b44-5040-8217-2093422d167d,9502494a-7b3f-5213-8df6-4e5e5e22101f,active,2025-10-29
fe50d3f3-fa38-5b85-a14c-dff1ed1ce577,215ae3ed-2b44-5040-8217-2093422d167d,868b1dbf-370d-5142-be8c-5a80dfad818d,pending,2026-07-26
d257fd92-c4bc-5f33-94b1-d89ad902b1f3,5c9ee565-043b-52a5-bbef-ca3aaf316974,0b4a6e3b-d5cd-5d10-87c4-ab6fda0aa831,active,2026-01-13
3b071ba5-2012-53cd-a0f2-66caa15a5561,5c9ee565-043b-52a5-bbef-ca3aaf316974,018fefc2-38fb-5f92-8391-2fe032547753,active,2026-02-02
84e69606-35c7-52dd-84d3-2dc8fc152f18,5c9ee565-043b-52a5-bbef-ca3aaf316974,f080ca1b-6cb2-5242-98ed-4612ac098b94,active,2026-07-26
9b433955-92f8-5ec8-aeb5-699781e2affc,5c9ee565-043b-52a5-bbef-ca3aaf316974,69d2e248-598e-501c-a2eb-fb4fb8ccf487,active,2025-11-15
5df0d10b-00b3-591a-b910-122e8845fe6b,5c9ee565-043b-52a5-bbef-ca3aaf316974,fc407d89-26e4-55ce-a2dc-fdae931500f1,active,2026-06-25
760ee431-5fd8-5113-ba19-a09231096936,5c9ee565-043b-52a5-bbef-ca3aaf316974,a9db23aa-1685-5f58-8beb-3c1c13702b6a,inactive,2026-06-06
5b8897a1-60d2-5def-8363-14067f78b951,5c9ee565-043b-52a5-bbef-ca3aaf316974,0a1506ca-ede6-548b-91b8-0730277089b0,active,2026-02-18
339908af-e4eb-5096-add2-b7038cf8bfdc,1d2c9cb9-8b37-50de-ba65-e9a6f65dc5b0,0b4a6e3b-d5cd-5d10-87c4-ab6fda0aa831,active,2026-04-30
5b41094b-1ea5-569c-b5ee-f8f286d16ad6,1d2c9cb9-8b37-50de-ba65-e9a6f65dc5b0,018fefc2-38fb-5f92-8391-2fe032547753,active,2026-03-09
91349413-c3c6-5c30-ad48-af8f269d27ba,1d2c9cb9-8b37-50de-ba65-e9a6f65dc5b0,a9db23aa-1685-5f58-8beb-3c1c13702b6a,pending,2026-05-15
3b217cad-8663-5d87-bde2-026c126db84f,1d2c9cb9-8b37-50de-ba65-e9a6f65dc5b0,0a1506ca-ede6-548b-91b8-0730277089b0,pending,2025-09-04
760c26bd-3865-595a-aef9-44d99b1193bc,864c3b09-e16e-5faa-8caa-f47102a11352,0b4a6e3b-d5cd-5d10-87c4-ab6fda0aa831,active,2025-10-05
6e9d83f6-6aa2-550b-bcc5-b0fca5a48c88,864c3b09-e16e-5faa-8caa-f47102a11352,018fefc2-38fb-5f92-8391-2fe032547753,active,2026-07-10
03be953c-6a58-5269-a5db-c7ed5f88c6e3,864c3b09-e16e-5faa-8caa-f47102a11352,868b1dbf-370d-5142-be8c-5a80dfad818d,active,2026-02-08
0c767705-e8ab-500e-b352-b7b861c8e38d,4be5ab66-a8df-5fbf-945e-19504788428c,0b4a6e3b-d5cd-5d10-87c4-ab6fda0aa831,pending,2026-07-21
45fe1ef9-2494-52d9-8079-7e9d62b5079f,4be5ab66-a8df-5fbf-945e-19504788428c,018fefc2-38fb-5f92-8391-2fe032547753,active,2026-01-28
62b382e7-f0dc-5a5d-a997-2eefa262e090,4be5ab66-a8df-5fbf-945e-19504788428c,0a1506ca-ede6-548b-91b8-0730277089b0,active,2026-06-29
a83cdde0-15c3-56e8-9f83-f14870182c56,2f1e66ae-eeb5-5f54-9e48-d24f4c98c313,0b4a6e3b-d5cd-5d10-87c4-ab6fda0aa831,active,2026-06-23
9d0f4b6b-3a49-5bdd-bdc5-04e66ea1d2ca,2f1e66ae-eeb5-5f54-9e48-d24f4c98c313,018fefc2-38fb-5f92-8391-2fe032547753,active,2026-04-23
70cc89ca-e7b0-5d26-b6a2-9a040148623b,2f1e66ae-eeb5-5f54-9e48-d24f4c98c313,69d2e248-598e-501c-a2eb-fb4fb8ccf487,active,2026-08-21
512869de-732f-5d14-a8c8-e5a15787d2fe,2f1e66ae-eeb5-5f54-9e48-d24f4c98c313,fc407d89-26e4-55ce-a2dc-fdae931500f1,active,2026-05-01
6a3af17d-b765-514c-8031-4e92a54936d2,2f1e66ae-eeb5-5f54-9e48-d24f4c98c313,0a1506ca-ede6-548b-91b8-0730277089b0,pending,2026-06-17
b187a5ca-4208-5bbc-a82d-dbed14957dc2,2f1e66ae-eeb5-5f54-9e48-d24f4c98c313,9502494a-7b3f-5213-8df6-4e5e5e22101f,active,2026-05-06
471ef66d-6870-5f2a-a33a-ea1c9b68831b,2f1e66ae-eeb5-5f54-9e48-d24f4c98c313,a9db23aa-1685-5f58-8beb-3c1c13702b6a,active,2026-05-19
41a0e4ab-9358-5454-8476-5a0d6e38b0c5,2f1e66ae-eeb5-5f54-9e48-d24f4c98c313,f080ca1b-6cb2-5242-98ed-4612ac098b94,active,2025-11-01
721e2122-cdbf-5861-9b5e-c161b536f5ad,eccf8f2f-74c8-5c68-974f-0bc7901dab2c,0b4a6e3b-d5cd-5d10-87c4-ab6fda0aa831,active,2025-08-31
d4e82334-5281-5241-be14-e747a1dfe1d5,eccf8f2f-74c8-5c68-974f-0bc7901dab2c,018fefc2-38fb-5f92-8391-2fe032547753,inactive,2026-05-07
6e7e6bf0-2b37-53f7-bf3c-435abc873dbd,eccf8f2f-74c8-5c68-974f-0bc7901dab2c,f080ca1b-6cb2-5242-98ed-4612ac098b94,active,2026-02-24
c4591cfe-ad6c-56eb-a8b2-c6bd6fa6248a,eccf8f2f-74c8-5c68-974f-0bc7901dab2c,a9db23aa-1685-5f58-8beb-3c1c13702b6a,active,2026-02-10
fbb96e33-5dab-5ee4-b204-aa2e4f6d7acd,eccf8f2f-74c8-5c68-974f-0bc7901dab2c,4b343160-5928-5bdb-83ef-2c0f9faba1dd,active,2025-10-02
2d027c60-9ccc-5a0f-baf4-e91dcedcda11,eccf8f2f-74c8-5c68-974f-0bc7901dab2c,868b1dbf-370d-5142-be8c-5a80dfad818d,active,2026-06-14
14456bf2-d8fe-5c56-adad-66d5e268e85c,1a77d982-a47b-58a0-bd2b-de19d4248d2a,0b4a6e3b-d5cd-5d10-87c4-ab6fda0aa831,active,2026-06-28
d18ab592-854a-5fd4-810b-a5e8119bee81,1a77d982-a47b-58a0-bd2b-de19d4248d2a,018fefc2-38fb-5f92-8391-2fe032547753,pending,2026-06-06
9e43e7ca-96a3-5fd4-ac5e-b4031374bcae,1a77d982-a47b-58a0-bd2b-de19d4248d2a,fc407d89-26e4-55ce-a2dc-fdae931500f1,active,2026-06-16
b3081438-c239-5c2e-9eef-d787fa3106b3,1a77d982-a47b-58a0-bd2b-de19d4248d2a,69d2e248-598e-501c-a2eb-fb4fb8ccf487,pending,2025-11-24
53685704-6043-56a1-a8a1-f4954f874d07,1a77d982-a47b-58a0-bd2b-de19d4248d2a,a9db23aa-1685-5f58-8beb-3c1c13702b6a,pending,2026-05-30
d80f14d5-d1f0-5e91-8099-50c412f87517,1a77d982-a47b-58a0-bd2b-de19d4248d2a,868b1dbf-370d-5142-be8c-5a80dfad818d,active,2025-12-13
749c5649-d4f4-59d3-8f3c-4e54e8be8df3,1a77d982-a47b-58a0-bd2b-de19d4248d2a,9502494a-7b3f-5213-8df6-4e5e5e22101f,pending,2025-11-22
9c8ce9f0-a431-5f04-86da-eaa87ed5b523,1a77d982-a47b-58a0-bd2b-de19d4248d2a,0a1506ca-ede6-548b-91b8-0730277089b0,active,2026-05-16
f7bf4c20-dea6-5564-8206-410c7d6d3715,85aa98f4-084b-5288-9dbb-124f2d9ea885,0b4a6e3b-d5cd-5d10-87c4-ab6fda0aa831,active,2025-09-12
3a2454cf-34bb-5b83-ae9a-b78ddb74ac5a,85aa98f4-084b-5288-9dbb-124f2d9ea885,018fefc2-38fb-5f92-8391-2fe032547753,active,2026-01-24
7879ec01-6e40-5cc9-a567-f3c5a754c9fd,85aa98f4-084b-5288-9dbb-124f2d9ea885,868b1dbf-370d-5142-be8c-5a80dfad818d,active,2025-09-15
887cc090-fef0-5d94-ac4d-df1d4937eab5,85aa98f4-084b-5288-9dbb-124f2d9ea885,0a1506ca-ede6-548b-91b8-0730277089b0,pending,2026-01-31
4141271f-fcde-5856-af7e-9c1e4fae66ce,85aa98f4-084b-5288-9dbb-124f2d9ea885,a9db23aa-1685-5f58-8beb-3c1c13702b6a,pending,2026-03-15
5bc79495-de0d-518c-9c00-423f9a5720c4,85aa98f4-084b-5288-9dbb-124f2d9ea885,4b343160-5928-5bdb-83ef-2c0f9faba1dd,pending,2026-04-25
7f4135d1-81f0-5adb-943f-b077dfceaf72,85aa98f4-084b-5288-9dbb-124f2d9ea885,69d2e248-598e-501c-a2eb-fb4fb8ccf487,active,2026-08-24
2d694e74-b231-50da-bcd9-c278a91d5908,85aa98f4-084b-5288-9dbb-124f2d9ea885,f080ca1b-6cb2-5242-98ed-4612ac098b94,active,2026-05-07
28882675-6cc6-5f3e-8af6-72fbbac2c2d9,d07c4afd-0945-5bc3-be6f-f3bbc4e34385,0b4a6e3b-d5cd-5d10-87c4-ab6fda0aa831,active,2025-09-04
25a60a05-32d0-54d5-9935-f041a5ea3782,d07c4afd-0945-5bc3-be6f-f3bbc4e34385,018fefc2-38fb-5f92-8391-2fe032547753,pending,2026-01-23
471c894d-538c-5a10-9ca4-20ebfc8763f4,d07c4afd-0945-5bc3-be6f-f3bbc4e34385,fc407d89-26e4-55ce-a2dc-fdae931500f1,active,2026-07-16
0bdd123f-6ae1-50f4-8b8e-01f779e01893,d07c4afd-0945-5bc3-be6f-f3bbc4e34385,f080ca1b-6cb2-5242-98ed-4612ac098b94,active,2026-07-23
31225c3c-de88-5c9d-b720-0e390f7c72b4,91c5c8f3-6bb3-5821-853c-78275cabba38,0b4a6e3b-d5cd-5d10-87c4-ab6fda0aa831,inactive,2025-11-12
cf7c38eb-125c-53c6-a9e0-c5140f021b0c,91c5c8f3-6bb3-5821-853c-78275cabba38,018fefc2-38fb-5f92-8391-2fe032547753,active,2025-12-23
bed059eb-8bb0-54d2-8570-44baf08b41aa,91c5c8f3-6bb3-5821-853c-78275cabba38,f080ca1b-6cb2-5242-98ed-4612ac098b94,active,2025-09-18
b309bf62-8b15-5272-bb52-3a732f59f01f,cbfa0efd-9c36-5326-b5bb-5bdb4b4ca623,0b4a6e3b-d5cd-5d10-87c4-ab6fda0aa831,active,2025-12-10
d0ddb191-f71c-567c-9994-174010abf94b,cbfa0efd-9c36-5326-b5bb-5bdb4b4ca623,018fefc2-38fb-5f92-8391-2fe032547753,active,2026-03-07
829e4897-0987-56e5-8f6c-54a70e674eff,cbfa0efd-9c36-5326-b5bb-5bdb4b4ca623,868b1dbf-370d-5142-be8c-5a80dfad818d,active,2025-10-31
51186d35-9645-5cad-99b8-edab19c56e93,cbfa0efd-9c36-5326-b5bb-5bdb4b4ca623,0a1506ca-ede6-548b-91b8-0730277089b0,inactive,2026-04-24
523f9a2a-f7d0-5ede-82e7-a1317156e7f1,cbfa0efd-9c36-5326-b5bb-5bdb4b4ca623,9502494a-7b3f-5213-8df6-4e5e5e22101f,pending,2026-04-21
8fdc1927-13bd-5346-99fd-50e44a285358,34bc1027-e52d-5ec1-b3f9-75e3237a8674,0b4a6e3b-d5cd-5d10-87c4-ab6fda0aa831,active,2026-02-19
9c1760a8-023c-5908-bca8-c2d5f47ab59a,34bc1027-e52d-5ec1-b3f9-75e3237a8674,018fefc2-38fb-5f92-8391-2fe032547753,active,2026-01-27
139d9f45-94ce-5d90-8c84-f8a370a5b280,34bc1027-e52d-5ec1-b3f9-75e3237a8674,0a1506ca-ede6-548b-91b8-0730277089b0,active,2026-04-13
7aa2f191-f2b4-5145-ad5e-ad1dcaf9d492,34bc1027-e52d-5ec1-b3f9-75e3237a8674,4b343160-5928-5bdb-83ef-2c0f9faba1dd,inactive,2026-05-03
cd5bbf67-a37a-5030-a647-98748db51d72,34bc1027-e52d-5ec1-b3f9-75e3237a8674,fc407d89-26e4-55ce-a2dc-fdae931500f1,inactive,2026-01-24
5448101a-90fb-514b-a3f4-2801793dfade,34bc1027-e52d-5ec1-b3f9-75e3237a8674,868b1dbf-370d-5142-be8c-5a80dfad818d,active,2025-11-06
909fb640-0b1e-51bc-87d3-ec877b6758ec,8775b7ab-34d1-5841-9ec0-e6e696688307,0b4a6e3b-d5cd-5d10-87c4-ab6fda0aa831,active,2026-03-22
59cc938b-55ee-51e6-b594-d779f0229658,8775b7ab-34d1-5841-9ec0-e6e696688307,018fefc2-38fb-5f92-8391-2fe032547753,active,2026-04-27
ff3d77c4-4b58-51b9-8f19-bb682f7ff38f,8775b7ab-34d1-5841-9ec0-e6e696688307,4b343160-5928-5bdb-83ef-2c0f9faba1dd,active,2026-02-20
56675aa7-9d23-5643-a144-c9e67231b0fb,8775b7ab-34d1-5841-9ec0-e6e696688307,f080ca1b-6cb2-5242-98ed-4612ac098b94,active,2026-01-12
81b42f72-816f-5037-a3cb-090227055738,8775b7ab-34d1-5841-9ec0-e6e696688307,9502494a-7b3f-5213-8df6-4e5e5e22101f,active,2025-10-07
e7ae66e6-de84-571c-93bb-b58360fa200d,8775b7ab-34d1-5841-9ec0-e6e696688307,69d2e248-598e-501c-a2eb-fb4fb8ccf487,active,2026-04-24
e51597f0-66ae-5b38-b669-783ecba1f4c2,8775b7ab-34d1-5841-9ec0-e6e696688307,fc407d89-26e4-55ce-a2dc-fdae931500f1,active,2026-07-26
09c57da0-9af4-51b9-b64f-378004ff3759,8775b7ab-34d1-5841-9ec0-e6e696688307,a9db23aa-1685-5f58-8beb-3c1c13702b6a,active,2026-08-22
ddba19e7-61d0-5f4a-9236-12b0f7422adc,8f419a04-5d26-5b30-8b18-7a3e176afd95,0b4a6e3b-d5cd-5d10-87c4-ab6fda0aa831,active,2026-06-26
600c35ec-5378-57ef-8979-39a869aa47b4,8f419a04-5d26-5b30-8b18-7a3e176afd95,018fefc2-38fb-5f92-8391-2fe032547753,active,2026-04-09
fd785902-c74a-5dbc-a022-c6ab6dc2bb21,8f419a04-5d26-5b30-8b18-7a3e176afd95,0a1506ca-ede6-548b-91b8-0730277089b0,active,2026-07-13
2aa601b4-99ba-5703-a5fa-5d0c47a40c41,8f419a04-5d26-5b30-8b18-7a3e176afd95,f080ca1b-6cb2-5242-98ed-4612ac098b94,active,2026-08-12
135ddfb8-c3af-53a8-a59a-09fd15607c68,8f419a04-5d26-5b30-8b18-7a3e176afd95,868b1dbf-370d-5142-be8c-5a80dfad818d,inactive,2026-03-02
5b6c7f0c-ab6d-5a04-bf71-79161b8df778,d52c3009-7a12-53ac-9140-2a40df2499ba,0b4a6e3b-d5cd-5d10-87c4-ab6fda0aa831,active,2026-04-29
16885d5b-ee6d-5086-b535-58a546b528bb,d52c3009-7a12-53ac-9140-2a40df2499ba,018fefc2-38fb-5f92-8391-2fe032547753,active,2025-11-09
c9b8feff-0909-57a4-b885-b7493278d270,d52c3009-7a12-53ac-9140-2a40df2499ba,f080ca1b-6cb2-5242-98ed-4612ac098b94,inactive,2026-03-24
3c8109c4-825e-52cf-af7e-4bf35eda4e6b,d52c3009-7a12-53ac-9140-2a40df2499ba,4b343160-5928-5bdb-83ef-2c0f9faba1dd,active,2025-10-16
14fae6cd-1030-50b2-973b-30577c917b07,d52c3009-7a12-53ac-9140-2a40df2499ba,a9db23aa-1685-5f58-8beb-3c1c13702b6a,active,2026-03-27
b9d16520-599f-5d0c-a068-85236e6d7190,d52c3009-7a12-53ac-9140-2a40df2499ba,0a1506ca-ede6-548b-91b8-0730277089b0,active,2026-06-15
fd5b6f6e-997c-5ea9-a29d-fbe8c3ca8c71,bab5a528-dcce-5960-9f34-718a92058e92,0b4a6e3b-d5cd-5d10-87c4-ab6fda0aa831,active,2026-07-19
b4a2656f-9745-5b4d-a9ce-28aa167c031e,bab5a528-dcce-5960-9f34-718a92058e92,018fefc2-38fb-5f92-8391-2fe032547753,active,2026-04-21
e851491f-ebfc-52aa-8786-ec3c65640543,bab5a528-dcce-5960-9f34-718a92058e92,fc407d89-26e4-55ce-a2dc-fdae931500f1,active,2026-04-07
cbab91ff-c805-5678-bd36-6f07c8f82c2d,bab5a528-dcce-5960-9f34-718a92058e92,0a1506ca-ede6-548b-91b8-0730277089b0,active,2026-03-02
55be3ea0-9235-5f56-a942-1edc28c6f586,bab5a528-dcce-5960-9f34-718a92058e92,a9db23aa-1685-5f58-8beb-3c1c13702b6a,active,2025-09-23
c491acaa-9cbe-50b9-a184-9c84434c96b8,bab5a528-dcce-5960-9f34-718a92058e92,9502494a-7b3f-5213-8df6-4e5e5e22101f,active,2025-12-28
bb8c26e5-8c32-598d-91fc-a0e9b4683a15,bab5a528-dcce-5960-9f34-718a92058e92,69d2e248-598e-501c-a2eb-fb4fb8ccf487,active,2026-05-28
ca026177-84db-589f-af4b-f6a4ee85e4ec,c5186f6b-e1d0-5700-9d71-31de5ea7ac8a,0b4a6e3b-d5cd-5d10-87c4-ab6fda0aa831,active,2026-06-13
2da197f4-4afe-543d-8ab2-c138d74ce95c,c5186f6b-e1d0-5700-9d71-31de5ea7ac8a,018fefc2-38fb-5f92-8391-2fe032547753,active,2026-01-14
fb218019-8ede-5e09-b750-6a4663c85c81,c5186f6b-e1d0-5700-9d71-31de5ea7ac8a,fc407d89-26e4-55ce-a2dc-fdae931500f1,pending,2026-01-04
ee7276b0-a914-5602-9e73-886db4efa694,c5186f6b-e1d0-5700-9d71-31de5ea7ac8a,9502494a-7b3f-5213-8df6-4e5e5e22101f,active,2026-05-23
2f77be84-99ae-5a68-a4a2-590176bcad62,04c79f7f-4041-5a63-97bf-2ece651d40b2,0b4a6e3b-d5cd-5d10-87c4-ab6fda0aa831,active,2025-10-06
deb899b5-0b15-5268-95f3-1b1681c66522,04c79f7f-4041-5a63-97bf-2ece651d40b2,018fefc2-38fb-5f92-8391-2fe032547753,active,2026-03-11
3bc8e57d-6a85-5f80-a49b-bc98596e13f2,04c79f7f-4041-5a63-97bf-2ece651d40b2,69d2e248-598e-501c-a2eb-fb4fb8ccf487,active,2025-12-06
4f71b4c7-0ac1-5f59-85c8-4bdafb53f3ee,04c79f7f-4041-5a63-97bf-2ece651d40b2,0a1506ca-ede6-548b-91b8-0730277089b0,active,2026-07-17
c2e90ea8-9c10-542a-9c22-5aad13186f5f,7006925e-6af2-5e3c-bd85-788a1d1343ac,0b4a6e3b-d5cd-5d10-87c4-ab6fda0aa831,active,2025-12-27
fc48ea25-88d6-5cf9-904c-ca4ce3ffdf7b,7006925e-6af2-5e3c-bd85-788a1d1343ac,018fefc2-38fb-5f92-8391-2fe032547753,inactive,2026-01-27
6c6038f8-06ac-5392-80e9-4a203ec56621,7006925e-6af2-5e3c-bd85-788a1d1343ac,4b343160-5928-5bdb-83ef-2c0f9faba1dd,active,2025-11-06
b41c2014-e411-53a2-a353-8498df8e9b40,7006925e-6af2-5e3c-bd85-788a1d1343ac,a9db23aa-1685-5f58-8beb-3c1c13702b6a,active,2026-06-21
330adc8f-476c-5851-80f1-7b01fd3b4f14,7006925e-6af2-5e3c-bd85-788a1d1343ac,9502494a-7b3f-5213-8df6-4e5e5e22101f,active,2026-08-24
575c4b03-9ba9-50c5-93fd-92d024e744f9,7006925e-6af2-5e3c-bd85-788a1d1343ac,868b1dbf-370d-5142-be8c-5a80dfad818d,active,2025-10-30
6a7c1dd9-d807-5b1c-a4c3-c7c57bfe1f20,7006925e-6af2-5e3c-bd85-788a1d1343ac,fc407d89-26e4-55ce-a2dc-fdae931500f1,active,2026-03-11
749ccf7c-bad4-5b14-9309-164326586ebe,ec51a59e-c5e4-514b-9501-31ac0d1e80ca,0b4a6e3b-d5cd-5d10-87c4-ab6fda0aa831,pending,2025-10-25
852f535f-d251-5588-8074-2e83f670abeb,ec51a59e-c5e4-514b-9501-31ac0d1e80ca,018fefc2-38fb-5f92-8391-2fe032547753,active,2025-12-05
ec33f5b8-9c9c-5c3b-8258-71b6ef628db0,ec51a59e-c5e4-514b-9501-31ac0d1e80ca,fc407d89-26e4-55ce-a2dc-fdae931500f1,inactive,2026-03-02
62a96cfd-5042-51b2-90d9-a1db4285ff6e,ec51a59e-c5e4-514b-9501-31ac0d1e80ca,a9db23aa-1685-5f58-8beb-3c1c13702b6a,active,2026-02-08
671705b1-516b-50bf-a8cf-cb0302e21af2,ec51a59e-c5e4-514b-9501-31ac0d1e80ca,f080ca1b-6cb2-5242-98ed-4612ac098b94,active,2025-10-08
504c895d-282d-5380-8335-4b76986ca161,ec51a59e-c5e4-514b-9501-31ac0d1e80ca,868b1dbf-370d-5142-be8c-5a80dfad818d,active,2026-05-29
da44221a-f8bc-5e5f-8ac7-227b1a7fcf5d,ec51a59e-c5e4-514b-9501-31ac0d1e80ca,0a1506ca-ede6-548b-91b8-0730277089b0,active,2025-10-15
c526faeb-454a-5c16-b79a-c06bf164591f,ec51a59e-c5e4-514b-9501-31ac0d1e80ca,69d2e248-598e-501c-a2eb-fb4fb8ccf487,active,2025-09-13
ce7e06eb-e141-592e-8955-a16edbd3d7fe,3bcd50f7-f0eb-5174-b1a9-9deab11031da,0b4a6e3b-d5cd-5d10-87c4-ab6fda0aa831,active,2026-07-12
830b4c02-5bc1-56a2-a7a3-ff22a7697f71,3bcd50f7-f0eb-5174-b1a9-9deab11031da,018fefc2-38fb-5f92-8391-2fe032547753,active,2025-11-07
6767a77c-f7f9-5c35-9842-312fe9df6e4e,3bcd50f7-f0eb-5174-b1a9-9deab11031da,f080ca1b-6cb2-5242-98ed-4612ac098b94,active,2026-07-10
664f67ef-26d6-5d13-8c9b-e9795737362d,3bcd50f7-f0eb-5174-b1a9-9deab11031da,4b343160-5928-5bdb-83ef-2c0f9faba1dd,active,2026-03-19
47b9b520-e80d-578a-9361-10d8c27dd1b4,3bcd50f7-f0eb-5174-b1a9-9deab11031da,69d2e248-598e-501c-a2eb-fb4fb8ccf487,active,2026-07-15
5008f538-4ab3-5636-8a53-83559e93a1a8,3bcd50f7-f0eb-5174-b1a9-9deab11031da,0a1506ca-ede6-548b-91b8-0730277089b0,active,2025-12-29
db2d9382-ac1b-53a2-9ce5-ecfbcb70b868,3bcd50f7-f0eb-5174-b1a9-9deab11031da,fc407d89-26e4-55ce-a2dc-fdae931500f1,active,2026-01-29
c23d487c-a420-5109-a671-f397785f8e27,6c3f6314-f245-5946-9a2e-ea5fbb951e7f,0b4a6e3b-d5cd-5d10-87c4-ab6fda0aa831,pending,2025-12-20
37962e8f-5812-5b90-9341-50932b793a3e,6c3f6314-f245-5946-9a2e-ea5fbb951e7f,018fefc2-38fb-5f92-8391-2fe032547753,active,2026-07-08
b921e4db-28ac-521f-aeb8-65a263fd6cf7,6c3f6314-f245-5946-9a2e-ea5fbb951e7f,0a1506ca-ede6-548b-91b8-0730277089b0,active,2026-06-30
479ed7a5-75ef-57ea-8214-dceb62f40870,6c3f6314-f245-5946-9a2e-ea5fbb951e7f,69d2e248-598e-501c-a2eb-fb4fb8ccf487,active,2026-06-12
ae6a7a09-237c-5303-9881-610be9b4fb41,6c3f6314-f245-5946-9a2e-ea5fbb951e7f,868b1dbf-370d-5142-be8c-5a80dfad818d,active,2026-04-21
6410084f-467c-50dd-a6e1-8918ed3adf7a,6c3f6314-f245-5946-9a2e-ea5fbb951e7f,a9db23aa-1685-5f58-8beb-3c1c13702b6a,active,2026-06-16
bd9e2163-1a27-511d-927e-f09e9b9dcd3a,6c3f6314-f245-5946-9a2e-ea5fbb951e7f,fc407d89-26e4-55ce-a2dc-fdae931500f1,active,2026-06-22
2694f9b8-76d7-53c5-b168-304cb4912eb8,6c3f6314-f245-5946-9a2e-ea5fbb951e7f,f080ca1b-6cb2-5242-98ed-4612ac098b94,active,2026-08-09
79c82cbf-f1fb-5dd1-b078-bc6c0ede811e,650e5b63-d760-51b3-9465-102cbe048b2e,0b4a6e3b-d5cd-5d10-87c4-ab6fda0aa831,active,2026-01-06
abfc0a51-d050-5a77-aad1-eea7fe748cff,650e5b63-d760-51b3-9465-102cbe048b2e,018fefc2-38fb-5f92-8391-2fe032547753,active,2026-06-04
8aeec935-a3d2-594b-8b3e-616aab8687fb,650e5b63-d760-51b3-9465-102cbe048b2e,a9db23aa-1685-5f58-8beb-3c1c13702b6a,active,2025-11-19
f4c129f6-075c-53f2-8aba-e24355e74b54,650e5b63-d760-51b3-9465-102cbe048b2e,9502494a-7b3f-5213-8df6-4e5e5e22101f,active,2025-09-29
b938d076-bf08-51fc-ab96-f72e9067021e,650e5b63-d760-51b3-9465-102cbe048b2e,fc407d89-26e4-55ce-a2dc-fdae931500f1,active,2025-10-03
56d66407-1889-5ac1-b3c6-1f1973242c1f,650e5b63-d760-51b3-9465-102cbe048b2e,868b1dbf-370d-5142-be8c-5a80dfad818d,active,2025-11-05
5d2b2490-a9d8-550f-884a-f426eb5b56a5,650e5b63-d760-51b3-9465-102cbe048b2e,69d2e248-598e-501c-a2eb-fb4fb8ccf487,active,2025-09-22
bc6a6873-7879-59e9-9411-e1f3bf2fb5a5,bf913de2-6da4-5acc-8ad9-fbfe79c8f948,0b4a6e3b-d5cd-5d10-87c4-ab6fda0aa831,active,2026-03-28
d274f39c-0328-51d0-af56-c95b6c6f99d1,bf913de2-6da4-5acc-8ad9-fbfe79c8f948,018fefc2-38fb-5f92-8391-2fe032547753,active,2026-08-08
e48c0138-49d5-5888-9df7-e7e8ac0dbd29,bf913de2-6da4-5acc-8ad9-fbfe79c8f948,9502494a-7b3f-5213-8df6-4e5e5e22101f,pending,2025-12-20
dac598f5-edcc-50af-9e8a-fdee54bdfee9,bf913de2-6da4-5acc-8ad9-fbfe79c8f948,f080ca1b-6cb2-5242-98ed-4612ac098b94,active,2026-06-12
3e7993d3-672f-5b2a-b0ce-a5c3ac510db7,cbf14c0f-d8df-592e-be76-01083414492b,0b4a6e3b-d5cd-5d10-87c4-ab6fda0aa831,active,2025-12-12
068ad251-2734-5304-8110-00372042e5b0,cbf14c0f-d8df-592e-be76-01083414492b,018fefc2-38fb-5f92-8391-2fe032547753,inactive,2026-08-05
5fb3cb0b-be41-596e-b9c2-0636a2061d28,cbf14c0f-d8df-592e-be76-01083414492b,69d2e248-598e-501c-a2eb-fb4fb8ccf487,active,2025-11-23
314ae510-d251-5ee8-8ca6-48ae8bad30a0,cbf14c0f-d8df-592e-be76-01083414492b,4b343160-5928-5bdb-83ef-2c0f9faba1dd,active,2025-12-17
46956097-59f8-5837-a214-80ef8e6d45aa,36850526-5951-520a-b33e-b34aa3a8d24c,0b4a6e3b-d5cd-5d10-87c4-ab6fda0aa831,active,2026-06-21
3fdfd103-a064-51bc-8a06-6cde46f32cfa,36850526-5951-520a-b33e-b34aa3a8d24c,018fefc2-38fb-5f92-8391-2fe032547753,active,2026-02-22
085ff744-0af6-54b2-bc16-226c6777fdd4,36850526-5951-520a-b33e-b34aa3a8d24c,868b1dbf-370d-5142-be8c-5a80dfad818d,pending,2026-04-12
4d967a47-e96e-5a6e-9c56-e60c33bec4c2,36850526-5951-520a-b33e-b34aa3a8d24c,69d2e248-598e-501c-a2eb-fb4fb8ccf487,active,2026-07-16
f87c83c6-df03-587c-acc4-a08ae3e883dc,36850526-5951-520a-b33e-b34aa3a8d24c,a9db23aa-1685-5f58-8beb-3c1c13702b6a,active,2026-08-08
89102016-5a7c-5e97-82b6-88605235bcc1,36850526-5951-520a-b33e-b34aa3a8d24c,fc407d89-26e4-55ce-a2dc-fdae931500f1,active,2025-09-26
3e606e3d-49a7-5ba0-960d-9880666fa061,36850526-5951-520a-b33e-b34aa3a8d24c,0a1506ca-ede6-548b-91b8-0730277089b0,active,2026-05-14
fdaadb78-6799-591d-a455-107e42361fa4,36850526-5951-520a-b33e-b34aa3a8d24c,f080ca1b-6cb2-5242-98ed-4612ac098b94,active,2025-09-29
9e6f5a4b-240a-5d95-b79b-b96209ce5cef,1a7abaf9-db83-5b34-aa30-8e65ccecd647,0b4a6e3b-d5cd-5d10-87c4-ab6fda0aa831,active,2026-06-12
a0aa627e-b4db-5d4d-aad8-df55ad33d062,1a7abaf9-db83-5b34-aa30-8e65ccecd647,018fefc2-38fb-5f92-8391-2fe032547753,inactive,2025-11-12
84bff3c0-d10f-5772-8e97-3788761fbd83,1a7abaf9-db83-5b34-aa30-8e65ccecd647,4b343160-5928-5bdb-83ef-2c0f9faba1dd,active,2026-06-16
69aad743-0b6b-555e-ab7d-ecba098aaa59,1a7abaf9-db83-5b34-aa30-8e65ccecd647,69d2e248-598e-501c-a2eb-fb4fb8ccf487,active,2025-12-30
481a63d5-bb80-5a70-9503-ddf81906d0fd,1a7abaf9-db83-5b34-aa30-8e65ccecd647,fc407d89-26e4-55ce-a2dc-fdae931500f1,active,2026-03-06
e7c01d78-9a93-5668-a817-418d8113f09f,4ed02a76-d194-55d0-b915-c6b2e0852190,0b4a6e3b-d5cd-5d10-87c4-ab6fda0aa831,inactive,2025-09-12
1e6219a9-7f54-5924-9055-fe730fb47d4b,4ed02a76-d194-55d0-b915-c6b2e0852190,018fefc2-38fb-5f92-8391-2fe032547753,active,2025-09-12
25a06dd1-035d-5798-aa32-4554ff0c9e56,4ed02a76-d194-55d0-b915-c6b2e0852190,a9db23aa-1685-5f58-8beb-3c1c13702b6a,active,2025-09-11
71c5d44b-353f-5bb8-8e9e-2fd9de24a293,4ed02a76-d194-55d0-b915-c6b2e0852190,4b343160-5928-5bdb-83ef-2c0f9faba1dd,inactive,2026-08-17
cd61a64c-a451-5933-9eef-703d66369cbb,4ed02a76-d194-55d0-b915-c6b2e0852190,f080ca1b-6cb2-5242-98ed-4612ac098b94,active,2026-02-13
b3ced021-08f9-5bf3-938e-4fb92ea91199,4297d3c8-9f0d-59cd-b6be-25fb5ae1f0ef,0b4a6e3b-d5cd-5d10-87c4-ab6fda0aa831,inactive,2026-03-16
61008fa7-e1f4-5f67-9075-f6c188f619bd,4297d3c8-9f0d-59cd-b6be-25fb5ae1f0ef,018fefc2-38fb-5f92-8391-2fe032547753,active,2025-12-01
67b98f18-f09f-522b-96d6-f44567242ba8,4297d3c8-9f0d-59cd-b6be-25fb5ae1f0ef,a9db23aa-1685-5f58-8beb-3c1c13702b6a,active,2025-09-17
9a6138ae-549f-5b9f-b5a7-9dbc6f013097,4297d3c8-9f0d-59cd-b6be-25fb5ae1f0ef,f080ca1b-6cb2-5242-98ed-4612ac098b94,active,2026-01-14
d622c910-70ea-5c1a-a933-d5caac649713,4297d3c8-9f0d-59cd-b6be-25fb5ae1f0ef,868b1dbf-370d-5142-be8c-5a80dfad818d,active,2026-04-29
8f8fce2d-8883-5f0d-b16e-10fab5306ad3,4297d3c8-9f0d-59cd-b6be-25fb5ae1f0ef,0a1506ca-ede6-548b-91b8-0730277089b0,active,2026-05-23
7fb8d0bd-0b7e-5876-9927-26b304513317,4297d3c8-9f0d-59cd-b6be-25fb5ae1f0ef,fc407d89-26e4-55ce-a2dc-fdae931500f1,active,2025-11-07
5b829d36-977f-5cd8-9f38-349e0725794d,a1350aa4-ee6f-5577-9815-4d137cb0696d,0b4a6e3b-d5cd-5d10-87c4-ab6fda0aa831,active,2026-01-30
d164d4c5-cd75-535c-8cf2-a3d864055c52,a1350aa4-ee6f-5577-9815-4d137cb0696d,018fefc2-38fb-5f92-8391-2fe032547753,active,2026-07-06
1c4b5ae8-942d-5e67-b1a2-adb36d743195,a1350aa4-ee6f-5577-9815-4d137cb0696d,9502494a-7b3f-5213-8df6-4e5e5e22101f,inactive,2025-10-13
184e0770-74c0-596f-ad2e-7f95026f1cb1,a1350aa4-ee6f-5577-9815-4d137cb0696d,a9db23aa-1685-5f58-8beb-3c1c13702b6a,pending,2025-09-21
26629858-e279-50d4-b1c9-a0a73edd9013,a1350aa4-ee6f-5577-9815-4d137cb0696d,0a1506ca-ede6-548b-91b8-0730277089b0,active,2026-07-08
28400470-9867-5b09-ad77-3238e06a838e,44c79770-368b-5537-9952-7170040a5301,0b4a6e3b-d5cd-5d10-87c4-ab6fda0aa831,active,2026-06-30
716dce47-b0f8-539a-b016-372d826c086f,44c79770-368b-5537-9952-7170040a5301,018fefc2-38fb-5f92-8391-2fe032547753,active,2025-11-01
7e2271e9-c8a8-51fb-9727-e4f81d2defbd,44c79770-368b-5537-9952-7170040a5301,868b1dbf-370d-5142-be8c-5a80dfad818d,active,2025-09-02
d672085c-caed-5eb9-891f-41c3bda5b264,3388263e-9140-51e1-be58-a373ce459010,0b4a6e3b-d5cd-5d10-87c4-ab6fda0aa831,inactive,2026-04-06
22e408e9-32b9-5bdb-b725-ecda076e01e9,3388263e-9140-51e1-be58-a373ce459010,018fefc2-38fb-5f92-8391-2fe032547753,active,2025-11-12
283c4730-1802-5ed7-ae10-4f2afab41dad,3388263e-9140-51e1-be58-a373ce459010,9502494a-7b3f-5213-8df6-4e5e5e22101f,active,2025-10-13
3f0d9c89-409a-5960-8a7a-1712d60e874b,3388263e-9140-51e1-be58-a373ce459010,0a1506ca-ede6-548b-91b8-0730277089b0,pending,2026-04-29
71543900-56c1-5966-a8fc-9aa8ad9e7205,3388263e-9140-51e1-be58-a373ce459010,fc407d89-26e4-55ce-a2dc-fdae931500f1,active,2026-05-25
2f1c411b-d3a7-5fcc-843f-530d2721e2f1,3388263e-9140-51e1-be58-a373ce459010,868b1dbf-370d-5142-be8c-5a80dfad818d,active,2026-02-14
4372cf7d-d59d-5cb7-b5ca-6f659a99326c,3388263e-9140-51e1-be58-a373ce459010,69d2e248-598e-501c-a2eb-fb4fb8ccf487,active,2026-01-21
9bfa1918-88db-58ea-b243-ef80da29e116,a8a7d198-5dd8-5f3c-9c89-9a051fe2d125,0b4a6e3b-d5cd-5d10-87c4-ab6fda0aa831,active,2026-03-29
5f3baf40-5e83-55b2-b2ab-6611c6d121ac,a8a7d198-5dd8-5f3c-9c89-9a051fe2d125,018fefc2-38fb-5f92-8391-2fe032547753,inactive,2025-11-05
3092567d-a2de-5eb0-9f69-e97f5f422fc9,a8a7d198-5dd8-5f3c-9c89-9a051fe2d125,9502494a-7b3f-5213-8df6-4e5e5e22101f,active,2026-02-28
2a4e3926-a42d-5a1a-a26f-ed8472639d5b,a8a7d198-5dd8-5f3c-9c89-9a051fe2d125,fc407d89-26e4-55ce-a2dc-fdae931500f1,active,2025-09-13
31f3d6e6-6a29-53b7-8778-90612786cd6e,a8a7d198-5dd8-5f3c-9c89-9a051fe2d125,69d2e248-598e-501c-a2eb-fb4fb8ccf487,active,2026-04-20
ef23cfd7-ef5c-566f-8166-86524d9e722d,a8a7d198-5dd8-5f3c-9c89-9a051fe2d125,0a1506ca-ede6-548b-91b8-0730277089b0,active,2026-04-03
b31b3e42-ef04-5382-be79-1f705d79ae5f,a8a7d198-5dd8-5f3c-9c89-9a051fe2d125,a9db23aa-1685-5f58-8beb-3c1c13702b6a,active,2025-09-29
5183aa00-0d0e-5e1d-9ea1-6c72f10c621c,dbdcd508-7f78-578c-834f-4a1aebe41e89,0b4a6e3b-d5cd-5d10-87c4-ab6fda0aa831,active,2025-09-12
532dc16d-c852-5608-9833-7f07277605ff,dbdcd508-7f78-578c-834f-4a1aebe41e89,018fefc2-38fb-5f92-8391-2fe032547753,inactive,2026-08-23
1fb3a7fd-d145-584c-88b9-8cc0737430fc,dbdcd508-7f78-578c-834f-4a1aebe41e89,9502494a-7b3f-5213-8df6-4e5e5e22101f,inactive,2026-08-15
0dfde453-16ce-551b-ba56-0e336c1ba633,dbdcd508-7f78-578c-834f-4a1aebe41e89,f080ca1b-6cb2-5242-98ed-4612ac098b94,active,2026-05-26
7fa16b55-dbf0-56df-8ee4-d7d2e7bd13a4,dbdcd508-7f78-578c-834f-4a1aebe41e89,4b343160-5928-5bdb-83ef-2c0f9faba1dd,active,2025-12-25
43cf5584-9c67-50d0-94c6-3649d59bf9a9,dbdcd508-7f78-578c-834f-4a1aebe41e89,fc407d89-26e4-55ce-a2dc-fdae931500f1,active,2026-05-10
c5cf5959-e0c1-5211-b1af-402708deafdd,dbdcd508-7f78-578c-834f-4a1aebe41e89,69d2e248-598e-501c-a2eb-fb4fb8ccf487,active,2026-02-19
1f724260-58e9-5af0-accf-7b20ee320b94,dbdcd508-7f78-578c-834f-4a1aebe41e89,a9db23aa-1685-5f58-8beb-3c1c13702b6a,active,2026-07-14
4b78f15a-e872-5b98-a8a3-4881a69bff64,cea22206-d9ec-533a-ba11-23436d13a5ca,0b4a6e3b-d5cd-5d10-87c4-ab6fda0aa831,active,2026-05-31
fd4a9a80-832e-52c8-b8be-6e3c73b6ce4f,cea22206-d9ec-533a-ba11-23436d13a5ca,018fefc2-38fb-5f92-8391-2fe032547753,inactive,2026-03-30
8f6c2109-d0fa-5b28-bf84-7cee29260d3d,cea22206-d9ec-533a-ba11-23436d13a5ca,69d2e248-598e-501c-a2eb-fb4fb8ccf487,active,2025-12-17
9a9fe99f-495b-5b5f-837b-83a1598485e1,cea22206-d9ec-533a-ba11-23436d13a5ca,a9db23aa-1685-5f58-8beb-3c1c13702b6a,inactive,2025-09-29
b0ffd422-8ddf-5f8a-ae36-7b57514cbc09,cea22206-d9ec-533a-ba11-23436d13a5ca,4b343160-5928-5bdb-83ef-2c0f9faba1dd,active,2025-12-24
a3433e3b-54cc-591a-ab02-2988ec399a2e,98847415-a6bc-5eed-9f05-a9af7bd353d4,0b4a6e3b-d5cd-5d10-87c4-ab6fda0aa831,active,2026-02-04
2a4e799b-7f79-5ee8-9831-863ac14e961a,98847415-a6bc-5eed-9f05-a9af7bd353d4,018fefc2-38fb-5f92-8391-2fe032547753,active,2026-07-18
77f3993f-48cb-5342-af8b-4e614a913408,98847415-a6bc-5eed-9f05-a9af7bd353d4,9502494a-7b3f-5213-8df6-4e5e5e22101f,active,2025-10-15
b0e7e627-98ea-5f68-b2ca-7564c7d48159,a07d29f4-fe3f-58dd-94b4-6903c65af63c,0b4a6e3b-d5cd-5d10-87c4-ab6fda0aa831,active,2026-03-11
b526434b-7a78-5265-86c5-6211d87a22e7,a07d29f4-fe3f-58dd-94b4-6903c65af63c,018fefc2-38fb-5f92-8391-2fe032547753,active,2026-07-21
c8d1d2eb-c2b9-571b-98e5-7118873bae0e,a07d29f4-fe3f-58dd-94b4-6903c65af63c,69d2e248-598e-501c-a2eb-fb4fb8ccf487,pending,2026-07-02
822a242e-b6a8-584e-973e-a7838d532673,a07d29f4-fe3f-58dd-94b4-6903c65af63c,868b1dbf-370d-5142-be8c-5a80dfad818d,pending,2026-07-18
3820800a-adb8-52c9-a6aa-09cc6c4c1516,a07d29f4-fe3f-58dd-94b4-6903c65af63c,a9db23aa-1685-5f58-8beb-3c1c13702b6a,active,2026-02-13
7c615aab-681e-59d8-bc3f-8a1e5b2133ae,a07d29f4-fe3f-58dd-94b4-6903c65af63c,fc407d89-26e4-55ce-a2dc-fdae931500f1,active,2026-07-25
110716c3-6760-5065-b823-26acf81f487b,a07d29f4-fe3f-58dd-94b4-6903c65af63c,0a1506ca-ede6-548b-91b8-0730277089b0,active,2026-06-08
562e7aae-9b99-510f-b747-72899b695798,1ac54af3-5707-5492-aee2-05ef12942473,0b4a6e3b-d5cd-5d10-87c4-ab6fda0aa831,active,2026-05-23
6807adc7-7b8b-5daa-8fb2-9c5a943541ef,1ac54af3-5707-5492-aee2-05ef12942473,018fefc2-38fb-5f92-8391-2fe032547753,active,2026-06-01
d084404d-5b6d-5254-844a-0decd5220227,1ac54af3-5707-5492-aee2-05ef12942473,4b343160-5928-5bdb-83ef-2c0f9faba1dd,active,2025-09-29
89441c7f-0160-59a0-bb20-dff006e2536d,1ac54af3-5707-5492-aee2-05ef12942473,0a1506ca-ede6-548b-91b8-0730277089b0,active,2026-08-20
19fff7cc-1e26-5622-a3a6-be0739be3f85,1ac54af3-5707-5492-aee2-05ef12942473,fc407d89-26e4-55ce-a2dc-fdae931500f1,active,2026-03-19
af5c3056-1db7-515b-802a-2eec2a92f7ec,1ac54af3-5707-5492-aee2-05ef12942473,9502494a-7b3f-5213-8df6-4e5e5e22101f,active,2026-04-02
709fd49e-7fd7-59ca-8ac3-4446a203b984,1ac54af3-5707-5492-aee2-05ef12942473,a9db23aa-1685-5f58-8beb-3c1c13702b6a,pending,2026-08-28
2c264cf2-55d2-5371-a464-99831a542787,b6820f4f-8105-5eae-8388-93df55b5a919,0b4a6e3b-d5cd-5d10-87c4-ab6fda0aa831,active,2026-06-05
40a54d00-ea07-55f0-bd4d-a6a54cc9f5b2,b6820f4f-8105-5eae-8388-93df55b5a919,018fefc2-38fb-5f92-8391-2fe032547753,inactive,2025-10-23
01162950-fed3-53c6-8899-2176be065171,b6820f4f-8105-5eae-8388-93df55b5a919,f080ca1b-6cb2-5242-98ed-4612ac098b94,active,2026-06-03
b4fcf65e-963f-55a2-a0e0-9a4300ba7100,b6820f4f-8105-5eae-8388-93df55b5a919,9502494a-7b3f-5213-8df6-4e5e5e22101f,inactive,2026-04-09
5edeabc2-4629-57f1-a061-52e8b977b517,b6820f4f-8105-5eae-8388-93df55b5a919,4b343160-5928-5bdb-83ef-2c0f9faba1dd,active,2026-04-13
201c3a60-c170-5832-a9e8-2c2b64e954e2,ad8e66ee-9869-50f3-b05c-bb30f86aa457,0b4a6e3b-d5cd-5d10-87c4-ab6fda0aa831,active,2026-06-09
7182a396-3fbc-5056-8c39-91dd740250e2,ad8e66ee-9869-50f3-b05c-bb30f86aa457,018fefc2-38fb-5f92-8391-2fe032547753,active,2025-10-13
e9946d26-cf03-5598-8394-1e74698d5f69,ad8e66ee-9869-50f3-b05c-bb30f86aa457,4b343160-5928-5bdb-83ef-2c0f9faba1dd,active,2025-10-22
6fcf1a7d-8c46-5ee0-b6bc-6f1da3dde712,ad8e66ee-9869-50f3-b05c-bb30f86aa457,f080ca1b-6cb2-5242-98ed-4612ac098b94,active,2026-01-10
579cf806-3b8d-5149-99e4-5325c254d46d,ad8e66ee-9869-50f3-b05c-bb30f86aa457,9502494a-7b3f-5213-8df6-4e5e5e22101f,active,2026-03-21
f74e8434-a670-5e14-971d-a85aff2b72ef,ad8e66ee-9869-50f3-b05c-bb30f86aa457,868b1dbf-370d-5142-be8c-5a80dfad818d,active,2026-04-29
43c9afe2-69fb-5cde-9e7c-3c5b5bbf5d9a,f8461778-159b-5e50-ac02-3e4291767ff1,0b4a6e3b-d5cd-5d10-87c4-ab6fda0aa831,active,2026-02-19
d5f23e8d-f1df-52b9-bda3-7add0f029e97,f8461778-159b-5e50-ac02-3e4291767ff1,018fefc2-38fb-5f92-8391-2fe032547753,active,2026-05-20
24eace1f-55e3-5000-a2ce-48f8a1cbb022,f8461778-159b-5e50-ac02-3e4291767ff1,9502494a-7b3f-5213-8df6-4e5e5e22101f,active,2026-02-04
c163b3ce-fecd-5e2d-860f-0a8cc5749555,f8461778-159b-5e50-ac02-3e4291767ff1,0a1506ca-ede6-548b-91b8-0730277089b0,active,2026-03-29
0915eac7-97e7-5836-9f3c-1d9e3a9962a5,16f4f844-5038-5b1e-8c65-ea315a585e05,0b4a6e3b-d5cd-5d10-87c4-ab6fda0aa831,active,2025-10-11
922eb31f-3f87-5ee4-b748-36c00114942f,16f4f844-5038-5b1e-8c65-ea315a585e05,018fefc2-38fb-5f92-8391-2fe032547753,active,2026-01-25
1663a8de-b529-590e-8aca-0dfa4f6b43d3,16f4f844-5038-5b1e-8c65-ea315a585e05,fc407d89-26e4-55ce-a2dc-fdae931500f1,active,2026-07-14
83f03e42-0a99-5967-9fef-c8c42e7440b7,16f4f844-5038-5b1e-8c65-ea315a585e05,69d2e248-598e-501c-a2eb-fb4fb8ccf487,active,2026-05-25
e9056a39-18b8-55b0-a455-9b7486b64e20,16f4f844-5038-5b1e-8c65-ea315a585e05,868b1dbf-370d-5142-be8c-5a80dfad818d,active,2025-12-02
9c073b6d-b6ee-51d2-b0a8-d7adcb18792c,000280a2-bb34-5e35-b16e-a231e8b7be80,0b4a6e3b-d5cd-5d10-87c4-ab6fda0aa831,active,2026-04-15
9607ac97-ac84-589d-ba52-be994694cecb,000280a2-bb34-5e35-b16e-a231e8b7be80,018fefc2-38fb-5f92-8391-2fe032547753,active,2026-02-17
3244f102-cd17-51c2-85eb-274a9792f7c5,000280a2-bb34-5e35-b16e-a231e8b7be80,9502494a-7b3f-5213-8df6-4e5e5e22101f,active,2026-03-11
15870735-f398-5833-8a30-0b9596682956,000280a2-bb34-5e35-b16e-a231e8b7be80,69d2e248-598e-501c-a2eb-fb4fb8ccf487,active,2025-11-08
eb7abbef-9ccc-517f-83b8-2026435d1539,000280a2-bb34-5e35-b16e-a231e8b7be80,868b1dbf-370d-5142-be8c-5a80dfad818d,active,2026-01-14
2899e966-cd91-5b58-950d-af091fbf8ed3,af363d3c-860c-5698-a9cf-bb1c6f450514,0b4a6e3b-d5cd-5d10-87c4-ab6fda0aa831,pending,2026-08-07
7955d41c-1bb8-5006-91eb-cfff31101cec,af363d3c-860c-5698-a9cf-bb1c6f450514,018fefc2-38fb-5f92-8391-2fe032547753,active,2026-08-21
841b7b58-e3a6-55c5-bd25-db694fbe9db5,af363d3c-860c-5698-a9cf-bb1c6f450514,f080ca1b-6cb2-5242-98ed-4612ac098b94,active,2026-07-12
78d4618b-21a4-52e8-8e66-89a8c6c92101,af363d3c-860c-5698-a9cf-bb1c6f450514,868b1dbf-370d-5142-be8c-5a80dfad818d,active,2026-03-19
42e8892d-1b08-5fb3-b25c-019f576b4361,0134a9b6-3357-5d15-ab71-31131d587d56,0b4a6e3b-d5cd-5d10-87c4-ab6fda0aa831,inactive,2025-11-10
3cafd8ae-647f-55a1-bbc6-f69e08d5aa49,0134a9b6-3357-5d15-ab71-31131d587d56,018fefc2-38fb-5f92-8391-2fe032547753,active,2026-04-14
ac7d75b3-ce5e-5f2c-b37f-2f3b758a4b5c,0134a9b6-3357-5d15-ab71-31131d587d56,69d2e248-598e-501c-a2eb-fb4fb8ccf487,active,2025-10-27
4056c17c-c2ba-5f7b-a90a-482060d89ed2,0134a9b6-3357-5d15-ab71-31131d587d56,fc407d89-26e4-55ce-a2dc-fdae931500f1,active,2025-10-23
bbef1166-c87f-5a1c-89a9-cd4807264f75,0134a9b6-3357-5d15-ab71-31131d587d56,0a1506ca-ede6-548b-91b8-0730277089b0,active,2026-01-10
82849fd5-cee7-558f-ba27-ba5fa5e9c8e7,0134a9b6-3357-5d15-ab71-31131d587d56,9502494a-7b3f-5213-8df6-4e5e5e22101f,active,2026-04-03
aaf0a7b8-843b-5fe9-8a96-1db9eccb5414,0134a9b6-3357-5d15-ab71-31131d587d56,868b1dbf-370d-5142-be8c-5a80dfad818d,active,2026-03-02
add8b113-e4b8-553e-8c3c-3e18bd47addd,837a3fa8-373e-5f55-9434-54aac1e44546,0b4a6e3b-d5cd-5d10-87c4-ab6fda0aa831,active,2026-02-05
963844bf-6442-5d1e-a9b8-145c1c168691,837a3fa8-373e-5f55-9434-54aac1e44546,018fefc2-38fb-5f92-8391-2fe032547753,active,2026-06-13
52778eed-e407-5aac-8565-a971203ef671,837a3fa8-373e-5f55-9434-54aac1e44546,f080ca1b-6cb2-5242-98ed-4612ac098b94,active,2026-03-09
c9f9b1fa-fea9-5dbc-a0b2-a7f6f8926b68,837a3fa8-373e-5f55-9434-54aac1e44546,0a1506ca-ede6-548b-91b8-0730277089b0,active,2026-05-27
fd917d51-b3f3-5c38-8c49-674178e943b2,837a3fa8-373e-5f55-9434-54aac1e44546,9502494a-7b3f-5213-8df6-4e5e5e22101f,inactive,2025-12-22
f62406dd-ef56-5a60-981d-31b2ec543f0b,837a3fa8-373e-5f55-9434-54aac1e44546,4b343160-5928-5bdb-83ef-2c0f9faba1dd,active,2025-09-01
59f7764b-1003-5544-8e25-6820dbef8e85,837a3fa8-373e-5f55-9434-54aac1e44546,fc407d89-26e4-55ce-a2dc-fdae931500f1,active,2026-07-16
c37b9537-4345-50b5-9fa5-a0e1c5c57e80,837a3fa8-373e-5f55-9434-54aac1e44546,868b1dbf-370d-5142-be8c-5a80dfad818d,active,2026-01-13
0f8b5803-d3ae-5d5d-bf3a-a30965d534c5,d3df0796-a8ca-57c8-badb-f41272fb61cf,0b4a6e3b-d5cd-5d10-87c4-ab6fda0aa831,inactive,2025-09-24
f0d704ec-cd9b-52f8-8cda-506c3617bd56,d3df0796-a8ca-57c8-badb-f41272fb61cf,018fefc2-38fb-5f92-8391-2fe032547753,pending,2026-03-09
15915e0d-9e1f-5085-89c5-51e9953c49ec,d3df0796-a8ca-57c8-badb-f41272fb61cf,fc407d89-26e4-55ce-a2dc-fdae931500f1,active,2025-11-06
bf0b3864-2f83-53bc-ab1b-fd6dbf15c357,62707310-8f7f-5b6b-b019-d6ac621cb7ce,0b4a6e3b-d5cd-5d10-87c4-ab6fda0aa831,inactive,2026-02-02
1c224e07-7bc5-5533-8665-64e5a27d317d,62707310-8f7f-5b6b-b019-d6ac621cb7ce,018fefc2-38fb-5f92-8391-2fe032547753,active,2026-05-29
9bfa07c6-f61b-5a17-a4c5-0eced838a96b,62707310-8f7f-5b6b-b019-d6ac621cb7ce,a9db23aa-1685-5f58-8beb-3c1c13702b6a,active,2026-03-14
c34bfd45-a6a2-5f0e-9967-4d437dec4ef4,62707310-8f7f-5b6b-b019-d6ac621cb7ce,f080ca1b-6cb2-5242-98ed-4612ac098b94,active,2026-02-08
7801e5b1-f955-5f0a-ae56-902230e03885,62b6c44a-0e18-50df-b381-7532d1cffe06,0b4a6e3b-d5cd-5d10-87c4-ab6fda0aa831,active,2025-10-18
f5c33f0d-4125-573e-92fa-49a37529424f,62b6c44a-0e18-50df-b381-7532d1cffe06,018fefc2-38fb-5f92-8391-2fe032547753,active,2026-06-28
6b660044-dbbe-59bb-9ae5-9e3db978767e,62b6c44a-0e18-50df-b381-7532d1cffe06,0a1506ca-ede6-548b-91b8-0730277089b0,active,2026-05-05
b7e3bae3-ea61-5e4d-af2c-4a4ab833f1e7,62b6c44a-0e18-50df-b381-7532d1cffe06,4b343160-5928-5bdb-83ef-2c0f9faba1dd,active,2026-08-23
ea20b9cd-b4d0-53f4-812c-c471016905af,62b6c44a-0e18-50df-b381-7532d1cffe06,a9db23aa-1685-5f58-8beb-3c1c13702b6a,active,2026-04-18
f3261b1d-eb55-57a0-acf6-4306ecab87ac,62b6c44a-0e18-50df-b381-7532d1cffe06,868b1dbf-370d-5142-be8c-5a80dfad818d,inactive,2026-03-26
43f0f2dd-8541-548e-8d49-50481428d636,3f937259-bd27-5034-8819-7864795688aa,0b4a6e3b-d5cd-5d10-87c4-ab6fda0aa831,active,2026-02-05
c7fd2abf-eedd-545f-bc38-e09240f4fd96,3f937259-bd27-5034-8819-7864795688aa,018fefc2-38fb-5f92-8391-2fe032547753,active,2026-04-25
b890e093-25bc-58ec-bd7c-a2f2aa377ca7,3f937259-bd27-5034-8819-7864795688aa,fc407d89-26e4-55ce-a2dc-fdae931500f1,active,2025-11-17
edf6cf34-8ef2-5dbd-8604-134b367ffd80,3f937259-bd27-5034-8819-7864795688aa,f080ca1b-6cb2-5242-98ed-4612ac098b94,pending,2025-12-26
d85c0c84-d5aa-5edf-abfe-f8949de2b707,3f937259-bd27-5034-8819-7864795688aa,868b1dbf-370d-5142-be8c-5a80dfad818d,active,2025-09-01
23a1b1ee-c486-5094-9f83-e9d39f7b30f4,3f937259-bd27-5034-8819-7864795688aa,69d2e248-598e-501c-a2eb-fb4fb8ccf487,active,2025-09-01
671b317c-3ebb-5d94-8a1e-301f3e6bc046,3f937259-bd27-5034-8819-7864795688aa,0a1506ca-ede6-548b-91b8-0730277089b0,active,2026-06-01
c0d373e8-3295-5dba-98be-8722a1cdfdad,216c274e-2c70-50d1-bfaf-4b7cfcef9292,0b4a6e3b-d5cd-5d10-87c4-ab6fda0aa831,active,2026-07-20
e0a412b8-9955-544e-8879-08a687404fb8,216c274e-2c70-50d1-bfaf-4b7cfcef9292,018fefc2-38fb-5f92-8391-2fe032547753,active,2025-09-03
345f76cf-9c08-5f30-89b8-7b53b03f7531,216c274e-2c70-50d1-bfaf-4b7cfcef9292,4b343160-5928-5bdb-83ef-2c0f9faba1dd,inactive,2025-11-08
4c2054f3-f5f4-560f-8598-7adb4f0b62a4,216c274e-2c70-50d1-bfaf-4b7cfcef9292,0a1506ca-ede6-548b-91b8-0730277089b0,active,2025-12-21
5fa3b638-5f55-5f9d-8648-238a682f36e3,216c274e-2c70-50d1-bfaf-4b7cfcef9292,f080ca1b-6cb2-5242-98ed-4612ac098b94,active,2026-06-03
ef50f126-2e6d-5ce0-90d1-46295acbf7e2,216c274e-2c70-50d1-bfaf-4b7cfcef9292,868b1dbf-370d-5142-be8c-5a80dfad818d,active,2025-12-15
e818f5cf-c987-5d93-b77b-478f4ba9fa78,8861cd2e-b193-51b3-8310-498a0c7ecaa0,0b4a6e3b-d5cd-5d10-87c4-ab6fda0aa831,active,2026-04-13
fa76eb08-79dc-59ec-a436-98e83099bf20,8861cd2e-b193-51b3-8310-498a0c7ecaa0,018fefc2-38fb-5f92-8391-2fe032547753,active,2026-06-19
b1697392-d416-5e32-a6c1-dd14b9368665,8861cd2e-b193-51b3-8310-498a0c7ecaa0,a9db23aa-1685-5f58-8beb-3c1c13702b6a,active,2025-09-15
4c9e838a-c49f-5b23-a783-13518de2e536,4705e7ec-7a1b-5d42-97a5-ded3b344fb38,0b4a6e3b-d5cd-5d10-87c4-ab6fda0aa831,active,2026-06-07
0987eae3-a48c-5ef6-b182-2fecda36586e,4705e7ec-7a1b-5d42-97a5-ded3b344fb38,018fefc2-38fb-5f92-8391-2fe032547753,active,2026-05-22
0085de7a-f423-5e7b-935a-7e23d7ba8ddb,4705e7ec-7a1b-5d42-97a5-ded3b344fb38,fc407d89-26e4-55ce-a2dc-fdae931500f1,inactive,2025-09-09
6af72677-d022-515a-8a16-b4ba7c966122,97dedd4a-dfb7-5db8-955c-c13d50ef55cf,0b4a6e3b-d5cd-5d10-87c4-ab6fda0aa831,active,2025-09-28
8d814f6a-909f-5ee1-81ed-f43e0f99ebc1,97dedd4a-dfb7-5db8-955c-c13d50ef55cf,018fefc2-38fb-5f92-8391-2fe032547753,active,2025-10-14
e0c609e6-0db1-52c6-83d7-ac388f54a233,97dedd4a-dfb7-5db8-955c-c13d50ef55cf,868b1dbf-370d-5142-be8c-5a80dfad818d,pending,2025-12-17
20c655a6-1b01-5ec0-8468-ea1e7beace64,97dedd4a-dfb7-5db8-955c-c13d50ef55cf,9502494a-7b3f-5213-8df6-4e5e5e22101f,active,2026-06-02
0d7c9251-1f60-5b81-9d28-97ab3e974f35,97dedd4a-dfb7-5db8-955c-c13d50ef55cf,0a1506ca-ede6-548b-91b8-0730277089b0,active,2026-08-17
496b9dc2-3d57-5bb2-8265-f9ad11532efd,97dedd4a-dfb7-5db8-955c-c13d50ef55cf,4b343160-5928-5bdb-83ef-2c0f9faba1dd,active,2026-01-15
4581ee12-92da-5853-b605-596ff6328021,b5fc8288-b9e8-5d46-8a57-1c98dd1ec87c,0b4a6e3b-d5cd-5d10-87c4-ab6fda0aa831,active,2026-01-16
3996f916-774c-53b0-872e-34bb3934f6da,b5fc8288-b9e8-5d46-8a57-1c98dd1ec87c,018fefc2-38fb-5f92-8391-2fe032547753,active,2026-04-28
815af101-1143-510d-9155-169587ad5e0c,b5fc8288-b9e8-5d46-8a57-1c98dd1ec87c,868b1dbf-370d-5142-be8c-5a80dfad818d,inactive,2025-09-29
95ba7406-72d8-57cc-9e9c-312e25d438f6,b5fc8288-b9e8-5d46-8a57-1c98dd1ec87c,9502494a-7b3f-5213-8df6-4e5e5e22101f,active,2026-06-09
2cb2a90e-cd58-59bc-949b-62111a35f14f,b5fc8288-b9e8-5d46-8a57-1c98dd1ec87c,4b343160-5928-5bdb-83ef-2c0f9faba1dd,pending,2025-10-30
3a841a44-82fa-5223-b835-8892302d454b,b5fc8288-b9e8-5d46-8a57-1c98dd1ec87c,0a1506ca-ede6-548b-91b8-0730277089b0,pending,2025-09-04
3c865c7a-3764-551e-b42b-d691677117c0,b5fc8288-b9e8-5d46-8a57-1c98dd1ec87c,a9db23aa-1685-5f58-8beb-3c1c13702b6a,active,2025-11-22
efe06950-6301-5303-93be-e906a5212195,fcdd596e-f586-5d16-9b12-0e18ed346a1b,0b4a6e3b-d5cd-5d10-87c4-ab6fda0aa831,active,2025-12-14
31c594cf-1cb4-59c4-ab04-c04b88212c18,fcdd596e-f586-5d16-9b12-0e18ed346a1b,018fefc2-38fb-5f92-8391-2fe032547753,active,2026-04-17
dde600e3-c8af-530c-a3ad-4dc27712183d,fcdd596e-f586-5d16-9b12-0e18ed346a1b,9502494a-7b3f-5213-8df6-4e5e5e22101f,active,2025-12-16
c728989c-6473-5042-825c-a124bac843c1,fcdd596e-f586-5d16-9b12-0e18ed346a1b,a9db23aa-1685-5f58-8beb-3c1c13702b6a,active,2025-12-27
77ab5057-8dbc-54fd-ae68-5e346f2d7a79,fcdd596e-f586-5d16-9b12-0e18ed346a1b,4b343160-5928-5bdb-83ef-2c0f9faba1dd,active,2026-06-21
ca74539c-c40f-5385-aae8-2a5e00b50131,fcdd596e-f586-5d16-9b12-0e18ed346a1b,fc407d89-26e4-55ce-a2dc-fdae931500f1,active,2026-05-16
9f57c420-4c3c-5e1f-a24b-60cf72ea6889,8a565c7b-7994-5fe3-a6dc-0e514bd65f22,0b4a6e3b-d5cd-5d10-87c4-ab6fda0aa831,active,2025-10-04
d830e0bb-fe91-58ee-9090-02f29d03b12e,8a565c7b-7994-5fe3-a6dc-0e514bd65f22,018fefc2-38fb-5f92-8391-2fe032547753,pending,2026-05-07
bf891903-a34d-5a37-bc5b-7ae8c75fa2db,8a565c7b-7994-5fe3-a6dc-0e514bd65f22,9502494a-7b3f-5213-8df6-4e5e5e22101f,active,2026-02-10
285c49ef-296a-58f0-b9b4-9b4f5a6d3399,8a565c7b-7994-5fe3-a6dc-0e514bd65f22,f080ca1b-6cb2-5242-98ed-4612ac098b94,active,2025-12-11
c915e8a3-29fb-5c57-b3cc-715181aa8a86,8a565c7b-7994-5fe3-a6dc-0e514bd65f22,a9db23aa-1685-5f58-8beb-3c1c13702b6a,active,2026-06-14
52c430be-b243-5c24-8145-f45c56ba815e,8a565c7b-7994-5fe3-a6dc-0e514bd65f22,69d2e248-598e-501c-a2eb-fb4fb8ccf487,active,2026-08-02
ac38b0c6-44bd-5e99-928e-b68037b28d3a,f9f181b2-4dd1-599e-a863-8fc11c75cfb9,0b4a6e3b-d5cd-5d10-87c4-ab6fda0aa831,active,2025-09-25
76e4f29a-7fbc-5c22-88ab-bcac0d4bf6bf,f9f181b2-4dd1-599e-a863-8fc11c75cfb9,018fefc2-38fb-5f92-8391-2fe032547753,active,2025-10-28
22d0d0a2-7e88-59e9-a5b1-83b5fe958569,f9f181b2-4dd1-599e-a863-8fc11c75cfb9,4b343160-5928-5bdb-83ef-2c0f9faba1dd,active,2025-08-31
7050c553-f13a-5305-be33-b7e39cb5a796,f9f181b2-4dd1-599e-a863-8fc11c75cfb9,868b1dbf-370d-5142-be8c-5a80dfad818d,active,2026-03-12
c0c61571-df3a-5415-b1c4-2c5f865118ed,ffc4fb64-4c02-5513-9e93-6c4b180167e2,0b4a6e3b-d5cd-5d10-87c4-ab6fda0aa831,active,2026-06-06
997c62ba-1e8c-583e-bb62-3e204fb50cbc,ffc4fb64-4c02-5513-9e93-6c4b180167e2,018fefc2-38fb-5f92-8391-2fe032547753,active,2026-07-02
aa7d673c-de0e-553f-a979-1c852ff89e65,ffc4fb64-4c02-5513-9e93-6c4b180167e2,4b343160-5928-5bdb-83ef-2c0f9faba1dd,active,2026-04-29
3cc685d5-266b-50d4-bf1d-3a7977fe4f72,ffc4fb64-4c02-5513-9e93-6c4b180167e2,f080ca1b-6cb2-5242-98ed-4612ac098b94,active,2026-06-11
84f25654-4605-5998-b99a-65950d7b008f,ffc4fb64-4c02-5513-9e93-6c4b180167e2,fc407d89-26e4-55ce-a2dc-fdae931500f1,inactive,2025-09-22
e372ef88-ab45-5a31-b039-1a64885dc34e,ffc4fb64-4c02-5513-9e93-6c4b180167e2,9502494a-7b3f-5213-8df6-4e5e5e22101f,inactive,2025-12-17
f825ce33-9822-5643-a532-e9cbbd153bc0,ffc4fb64-4c02-5513-9e93-6c4b180167e2,868b1dbf-370d-5142-be8c-5a80dfad818d,active,2025-09-10
3bcac9eb-55b4-5c64-a4b4-b66d6e1e1f23,95707a08-7114-51be-940e-01c39a29536b,0b4a6e3b-d5cd-5d10-87c4-ab6fda0aa831,active,2025-09-05
9d095785-ea64-5095-9775-6065abaaf77a,95707a08-7114-51be-940e-01c39a29536b,018fefc2-38fb-5f92-8391-2fe032547753,active,2025-09-20
3283396e-e7c0-5e19-8c2d-46b771595c48,95707a08-7114-51be-940e-01c39a29536b,868b1dbf-370d-5142-be8c-5a80dfad818d,active,2026-03-06
d87f50ef-a45c-5389-a68d-fb7a9652c71a,95707a08-7114-51be-940e-01c39a29536b,69d2e248-598e-501c-a2eb-fb4fb8ccf487,pending,2025-12-30
d8c291c7-459a-5f7f-8dd5-c580c20cba0e,95707a08-7114-51be-940e-01c39a29536b,9502494a-7b3f-5213-8df6-4e5e5e22101f,active,2025-11-09
397a783c-5703-5d4c-abdc-fe8dcc83edd0,599fca8d-188d-56ae-b5c5-a46c63ad10cb,0b4a6e3b-d5cd-5d10-87c4-ab6fda0aa831,active,2025-12-09
b1d7b5ce-9733-5089-a06f-8b2cf22820b1,599fca8d-188d-56ae-b5c5-a46c63ad10cb,018fefc2-38fb-5f92-8391-2fe032547753,active,2026-03-16
11bf00e6-163f-5eff-89bb-cf2fd4ff3e90,599fca8d-188d-56ae-b5c5-a46c63ad10cb,fc407d89-26e4-55ce-a2dc-fdae931500f1,active,2026-07-19
7a7408f8-ef76-5b14-99fa-b88cbc8da14b,599fca8d-188d-56ae-b5c5-a46c63ad10cb,4b343160-5928-5bdb-83ef-2c0f9faba1dd,active,2026-06-11
d0b32ff7-0903-5f19-aa17-410e8c253656,599fca8d-188d-56ae-b5c5-a46c63ad10cb,868b1dbf-370d-5142-be8c-5a80dfad818d,active,2026-01-20
a3c9dec1-9167-5b8d-b986-0c656b4d9462,599fca8d-188d-56ae-b5c5-a46c63ad10cb,f080ca1b-6cb2-5242-98ed-4612ac098b94,active,2025-10-18
f961f02f-a287-5b67-81e5-0342f69989c4,599fca8d-188d-56ae-b5c5-a46c63ad10cb,0a1506ca-ede6-548b-91b8-0730277089b0,active,2025-10-25
b9e97420-7b28-5acd-b51f-f47ff85fe469,642ce7c1-f7e7-590c-adf0-c70c2abd88f0,0b4a6e3b-d5cd-5d10-87c4-ab6fda0aa831,active,2025-12-19
74ac6ea7-bd4d-598c-a63f-7004dbc3b7f7,642ce7c1-f7e7-590c-adf0-c70c2abd88f0,018fefc2-38fb-5f92-8391-2fe032547753,active,2026-05-01
42a0c45c-6f20-59da-a78b-b76e0985f803,642ce7c1-f7e7-590c-adf0-c70c2abd88f0,fc407d89-26e4-55ce-a2dc-fdae931500f1,active,2025-12-12
5be1458d-4104-5a6f-8dc9-0a0aef4c26fe,ac2f36dd-a750-567f-9055-3b273b213591,0b4a6e3b-d5cd-5d10-87c4-ab6fda0aa831,active,2025-11-16
687bf403-6b24-57c5-85bd-6c4106e3d3b7,ac2f36dd-a750-567f-9055-3b273b213591,018fefc2-38fb-5f92-8391-2fe032547753,pending,2026-04-24
fdb5e156-a016-5a31-95b4-e531cda42e50,ac2f36dd-a750-567f-9055-3b273b213591,4b343160-5928-5bdb-83ef-2c0f9faba1dd,active,2025-10-30
61d2eaff-976c-5d05-be6e-d1d094a9cdb8,ac2f36dd-a750-567f-9055-3b273b213591,fc407d89-26e4-55ce-a2dc-fdae931500f1,active,2026-08-09
a8f6f54e-505f-5183-8b6e-17009082466c,ac2f36dd-a750-567f-9055-3b273b213591,0a1506ca-ede6-548b-91b8-0730277089b0,active,2025-11-04
67e28b98-ad9c-5797-9be2-5fdcbd6233be,ac265695-21b9-54fa-950b-c30523bf2e97,0b4a6e3b-d5cd-5d10-87c4-ab6fda0aa831,active,2025-09-07
9618ebae-b332-5f23-bd49-05cd1f58efe6,ac265695-21b9-54fa-950b-c30523bf2e97,018fefc2-38fb-5f92-8391-2fe032547753,active,2025-09-22
c0c0f23c-d986-5e3c-a533-e15f3f51fd04,ac265695-21b9-54fa-950b-c30523bf2e97,0a1506ca-ede6-548b-91b8-0730277089b0,inactive,2026-07-03
15ff5b6d-d1db-5f79-a6b2-daab6bb6b186,ec16ce62-83c7-5e79-a058-53958873236b,0b4a6e3b-d5cd-5d10-87c4-ab6fda0aa831,pending,2025-09-07
0dba5b58-da6c-5a88-92b0-41c375a6f072,ec16ce62-83c7-5e79-a058-53958873236b,018fefc2-38fb-5f92-8391-2fe032547753,active,2026-05-21
914cf419-c589-57df-9aa8-f4fd54698491,ec16ce62-83c7-5e79-a058-53958873236b,f080ca1b-6cb2-5242-98ed-4612ac098b94,active,2025-10-12
6e0fd308-3f79-5e66-90fa-b99b3c0386e9,ec16ce62-83c7-5e79-a058-53958873236b,0a1506ca-ede6-548b-91b8-0730277089b0,inactive,2026-03-07
eb13b62b-4081-5c33-bad0-a73ae351a06b,ec16ce62-83c7-5e79-a058-53958873236b,69d2e248-598e-501c-a2eb-fb4fb8ccf487,active,2026-02-16
c1d0afa2-4ab3-5790-a111-54b524cda5e6,ec16ce62-83c7-5e79-a058-53958873236b,9502494a-7b3f-5213-8df6-4e5e5e22101f,active,2025-09-22
6039a15b-7ebb-5d08-9e57-7d9894252e55,cdca6c1b-b1d5-5949-95f0-594b17d63ff9,0b4a6e3b-d5cd-5d10-87c4-ab6fda0aa831,pending,2026-01-07
6a48f76c-add6-55a2-93d0-a0a510c68934,cdca6c1b-b1d5-5949-95f0-594b17d63ff9,018fefc2-38fb-5f92-8391-2fe032547753,active,2026-02-03
3aa57728-0abe-5f42-9f9e-412b1c3a7fe2,cdca6c1b-b1d5-5949-95f0-594b17d63ff9,868b1dbf-370d-5142-be8c-5a80dfad818d,active,2026-04-25
2640f716-3325-5b91-917c-1af7081be29c,cdca6c1b-b1d5-5949-95f0-594b17d63ff9,69d2e248-598e-501c-a2eb-fb4fb8ccf487,pending,2026-03-01
d4a025bb-cb7f-5c7e-aa91-21992cc803a6,cdca6c1b-b1d5-5949-95f0-594b17d63ff9,f080ca1b-6cb2-5242-98ed-4612ac098b94,active,2025-10-14
9563bd58-bc0a-5a65-8ca7-1e2a1dabca1d,cdca6c1b-b1d5-5949-95f0-594b17d63ff9,9502494a-7b3f-5213-8df6-4e5e5e22101f,inactive,2025-11-06
cb33bfef-da42-5981-aea3-04d34b043425,cdca6c1b-b1d5-5949-95f0-594b17d63ff9,a9db23aa-1685-5f58-8beb-3c1c13702b6a,active,2025-12-11
098e0514-4fa7-510f-88f4-29ce475fcf46,cdca6c1b-b1d5-5949-95f0-594b17d63ff9,fc407d89-26e4-55ce-a2dc-fdae931500f1,active,2025-11-21
aaf05f15-6b13-56df-9c8d-85cf2b9a4fa1,e964f22c-0588-566a-a1d5-b22f570ce0cf,0b4a6e3b-d5cd-5d10-87c4-ab6fda0aa831,inactive,2025-09-14
c5417385-a2fd-5437-90dc-419272aee38a,e964f22c-0588-566a-a1d5-b22f570ce0cf,018fefc2-38fb-5f92-8391-2fe032547753,active,2026-06-20
ec56f734-9b67-5cae-b4db-e45d93d9fb93,e964f22c-0588-566a-a1d5-b22f570ce0cf,f080ca1b-6cb2-5242-98ed-4612ac098b94,active,2025-11-17
db9549af-0e18-5b84-a138-92f5171970b7,e964f22c-0588-566a-a1d5-b22f570ce0cf,a9db23aa-1685-5f58-8beb-3c1c13702b6a,active,2025-12-26
a46f1e0d-210c-5625-8234-a13037b28027,e964f22c-0588-566a-a1d5-b22f570ce0cf,868b1dbf-370d-5142-be8c-5a80dfad818d,active,2025-10-10
f5d11ab0-1ea4-58f5-8cef-c82fff24ece2,e964f22c-0588-566a-a1d5-b22f570ce0cf,69d2e248-598e-501c-a2eb-fb4fb8ccf487,active,2025-12-24
7047f9d0-ff75-5655-bc8e-bee02c5de43b,e964f22c-0588-566a-a1d5-b22f570ce0cf,4b343160-5928-5bdb-83ef-2c0f9faba1dd,active,2026-03-29
883e633e-1aa9-5866-97d6-f66a937ada82,98b4a36e-f020-56da-b90f-6c92745270df,0b4a6e3b-d5cd-5d10-87c4-ab6fda0aa831,active,2026-03-11
7a68429a-6e89-5a22-9026-26a8b0a17377,98b4a36e-f020-56da-b90f-6c92745270df,018fefc2-38fb-5f92-8391-2fe032547753,pending,2026-02-27
e1bbcd0f-c219-5b8d-a358-9965a68b66cd,98b4a36e-f020-56da-b90f-6c92745270df,f080ca1b-6cb2-5242-98ed-4612ac098b94,inactive,2026-01-18
dd35f549-664f-562d-ab34-e60a34f7929d,98b4a36e-f020-56da-b90f-6c92745270df,868b1dbf-370d-5142-be8c-5a80dfad818d,active,2026-05-10
35e2a91f-ccbb-5a6d-99ec-a3af6494b705,98b4a36e-f020-56da-b90f-6c92745270df,fc407d89-26e4-55ce-a2dc-fdae931500f1,inactive,2026-08-15
4c433d15-1b51-5961-a2c2-e7fcfc1e2c12,98b4a36e-f020-56da-b90f-6c92745270df,69d2e248-598e-501c-a2eb-fb4fb8ccf487,active,2025-10-20
cbd8b83b-4edf-5a4a-b562-3df70db26bc6,98b4a36e-f020-56da-b90f-6c92745270df,4b343160-5928-5bdb-83ef-2c0f9faba1dd,active,2026-04-21
c804586a-87ca-556d-9526-dcd5eef776c7,98b4a36e-f020-56da-b90f-6c92745270df,0a1506ca-ede6-548b-91b8-0730277089b0,active,2026-06-18
37c1b896-146f-53e2-9b58-a8e6512a6cf8,0424c355-7cab-5d88-82db-de067f3a2990,0b4a6e3b-d5cd-5d10-87c4-ab6fda0aa831,active,2026-02-28
e34dd398-8803-5938-99cb-ce4fb13a447f,0424c355-7cab-5d88-82db-de067f3a2990,018fefc2-38fb-5f92-8391-2fe032547753,active,2026-03-17
93da0b55-3325-51e2-ba86-57dac1e88d72,0424c355-7cab-5d88-82db-de067f3a2990,0a1506ca-ede6-548b-91b8-0730277089b0,active,2026-01-24
681d988b-8087-5cf7-9423-51618fe72d54,0424c355-7cab-5d88-82db-de067f3a2990,a9db23aa-1685-5f58-8beb-3c1c13702b6a,active,2025-09-27
ac92555d-0eaa-5b0c-a8b5-694bdb1c7182,0424c355-7cab-5d88-82db-de067f3a2990,f080ca1b-6cb2-5242-98ed-4612ac098b94,active,2025-11-19
cc3d7e79-833d-5a70-b6f6-a9d8930dd961,0424c355-7cab-5d88-82db-de067f3a2990,fc407d89-26e4-55ce-a2dc-fdae931500f1,active,2025-12-25
83c97f50-9f37-5aa9-ae26-e91b28d9c805,6314951a-4547-56f4-82d3-2eb9d3c82e8c,0b4a6e3b-d5cd-5d10-87c4-ab6fda0aa831,active,2026-07-24
06118008-1631-5ecb-b176-2fb09736512f,6314951a-4547-56f4-82d3-2eb9d3c82e8c,018fefc2-38fb-5f92-8391-2fe032547753,active,2026-03-09
92ab20e9-4eac-5255-90d8-537131273e39,6314951a-4547-56f4-82d3-2eb9d3c82e8c,868b1dbf-370d-5142-be8c-5a80dfad818d,active,2025-09-18
9c33a695-0409-564a-9efe-d6d5d705a035,6314951a-4547-56f4-82d3-2eb9d3c82e8c,f080ca1b-6cb2-5242-98ed-4612ac098b94,active,2025-09-06
51028c4d-4972-58a2-aa0d-ed0cf3b64b60,c3576572-099b-5798-b335-0d99b42f157d,0b4a6e3b-d5cd-5d10-87c4-ab6fda0aa831,active,2026-04-04
5b419fce-17ac-5976-896c-a0acaa3ec2b6,c3576572-099b-5798-b335-0d99b42f157d,018fefc2-38fb-5f92-8391-2fe032547753,active,2025-09-24
c0ca9e61-5f20-5154-84cf-bf29c998f386,c3576572-099b-5798-b335-0d99b42f157d,69d2e248-598e-501c-a2eb-fb4fb8ccf487,active,2026-07-03
e019ae68-ae4e-5f89-aa17-6f1455eb31dc,c3576572-099b-5798-b335-0d99b42f157d,868b1dbf-370d-5142-be8c-5a80dfad818d,active,2026-04-22
2f5764f5-7dfb-5ff1-894a-c0f4c02b6ff6,c3576572-099b-5798-b335-0d99b42f157d,a9db23aa-1685-5f58-8beb-3c1c13702b6a,pending,2026-03-24
7b7b5da6-6c29-5422-aaca-d15d55890297,c3576572-099b-5798-b335-0d99b42f157d,0a1506ca-ede6-548b-91b8-0730277089b0,active,2026-06-18
cdab001a-cf0c-5f3a-ace1-b6e608250d82,c2185795-2f9f-544b-a577-334174be914d,0b4a6e3b-d5cd-5d10-87c4-ab6fda0aa831,active,2026-08-21
79ffa078-74d8-52b6-828c-a5c2fb87f7c6,c2185795-2f9f-544b-a577-334174be914d,018fefc2-38fb-5f92-8391-2fe032547753,active,2026-03-05
3fee1035-4064-57c9-a4f1-7ef4a32517b4,c2185795-2f9f-544b-a577-334174be914d,fc407d89-26e4-55ce-a2dc-fdae931500f1,active,2025-11-17
3326361a-b29b-596e-896f-dec033341dce,c2185795-2f9f-544b-a577-334174be914d,a9db23aa-1685-5f58-8beb-3c1c13702b6a,active,2026-07-12
424a0d02-7a53-5e2c-954b-bc4385492d0c,3470adad-d4ab-5bf2-b747-7d1a6088a4be,0b4a6e3b-d5cd-5d10-87c4-ab6fda0aa831,active,2026-08-08
d74e76fc-7238-5f24-8dbd-071436607474,3470adad-d4ab-5bf2-b747-7d1a6088a4be,018fefc2-38fb-5f92-8391-2fe032547753,active,2026-03-06
ab7ed179-0265-5fe1-acdf-b5ce25056549,3470adad-d4ab-5bf2-b747-7d1a6088a4be,4b343160-5928-5bdb-83ef-2c0f9faba1dd,active,2025-09-19
ad45b6b1-187d-5330-b19f-9d21f6ca0755,3470adad-d4ab-5bf2-b747-7d1a6088a4be,9502494a-7b3f-5213-8df6-4e5e5e22101f,active,2025-09-04
7f12125c-2558-5e81-821f-796936418d67,d29cf6f4-6b13-5abd-b139-5571265a0bb4,0b4a6e3b-d5cd-5d10-87c4-ab6fda0aa831,pending,2025-09-02
0bad2d69-0923-5646-a0a5-0da89a99a535,d29cf6f4-6b13-5abd-b139-5571265a0bb4,018fefc2-38fb-5f92-8391-2fe032547753,active,2025-11-09
67b78bc2-62c7-5119-90cb-03756b15d2c3,d29cf6f4-6b13-5abd-b139-5571265a0bb4,f080ca1b-6cb2-5242-98ed-4612ac098b94,active,2026-05-12
c93fe986-167a-5403-8151-35dae0ca73ed,d29cf6f4-6b13-5abd-b139-5571265a0bb4,fc407d89-26e4-55ce-a2dc-fdae931500f1,inactive,2026-07-16
81d3a9bb-a822-5213-a497-36231e17a825,d29cf6f4-6b13-5abd-b139-5571265a0bb4,4b343160-5928-5bdb-83ef-2c0f9faba1dd,pending,2026-08-06
7c372556-b333-57e6-9d3e-227f5939d8d3,d29cf6f4-6b13-5abd-b139-5571265a0bb4,a9db23aa-1685-5f58-8beb-3c1c13702b6a,active,2025-10-22
263ee4c9-f833-55fb-bcb0-c7a6e9c5bc08,d29cf6f4-6b13-5abd-b139-5571265a0bb4,69d2e248-598e-501c-a2eb-fb4fb8ccf487,active,2026-08-01
7e7aad08-82c4-598a-8a06-2a1c238eae3c,d29cf6f4-6b13-5abd-b139-5571265a0bb4,9502494a-7b3f-5213-8df6-4e5e5e22101f,inactive,2025-10-24
d754065b-df07-5e92-aecd-078475052a91,cb031250-ce8d-5084-ace6-ba86139aa6b1,0b4a6e3b-d5cd-5d10-87c4-ab6fda0aa831,active,2026-01-12
b72dfbf4-268a-57b4-9c76-0a4d28fb5286,cb031250-ce8d-5084-ace6-ba86139aa6b1,018fefc2-38fb-5f92-8391-2fe032547753,active,2026-01-20
434ba32e-f39e-50da-970b-e081a02ea1c6,cb031250-ce8d-5084-ace6-ba86139aa6b1,4b343160-5928-5bdb-83ef-2c0f9faba1dd,active,2025-11-04
72e8fd37-935e-5ba2-9efc-792329cb0d06,cb031250-ce8d-5084-ace6-ba86139aa6b1,fc407d89-26e4-55ce-a2dc-fdae931500f1,active,2026-03-19
70aca861-e0fd-54e2-b651-4d6879deab90,cb031250-ce8d-5084-ace6-ba86139aa6b1,868b1dbf-370d-5142-be8c-5a80dfad818d,active,2025-10-28
4be2cb7f-425c-5c65-b62a-f3a5a288573e,cb031250-ce8d-5084-ace6-ba86139aa6b1,0a1506ca-ede6-548b-91b8-0730277089b0,active,2025-10-04
4f204744-f5bc-5fae-a3ec-23410a0f3d0e,4d2bebeb-d1a8-548c-8752-1fe89efea6bb,0b4a6e3b-d5cd-5d10-87c4-ab6fda0aa831,active,2025-10-05
4d1583a7-ef96-5af3-8bd2-5fffcdd702f9,4d2bebeb-d1a8-548c-8752-1fe89efea6bb,018fefc2-38fb-5f92-8391-2fe032547753,active,2026-06-30
6b8d234a-5111-5cbf-83a0-3f67291c5bf6,4d2bebeb-d1a8-548c-8752-1fe89efea6bb,f080ca1b-6cb2-5242-98ed-4612ac098b94,inactive,2026-08-15
424a03c7-b70b-53f3-8236-735f14117486,4d2bebeb-d1a8-548c-8752-1fe89efea6bb,fc407d89-26e4-55ce-a2dc-fdae931500f1,active,2025-11-29
71c6328a-ccfa-54d6-ae6f-b0453619c308,4d2bebeb-d1a8-548c-8752-1fe89efea6bb,69d2e248-598e-501c-a2eb-fb4fb8ccf487,active,2025-11-06
8ae8d4b6-7bcb-5c63-a50e-a3afc885b456,4d2bebeb-d1a8-548c-8752-1fe89efea6bb,868b1dbf-370d-5142-be8c-5a80dfad818d,active,2026-05-06
877c341d-0605-5e1f-a321-01253b1d5cca,4d2bebeb-d1a8-548c-8752-1fe89efea6bb,4b343160-5928-5bdb-83ef-2c0f9faba1dd,active,2025-10-26
f74dd8bd-df7a-547f-b655-376efaafc64a,4d2bebeb-d1a8-548c-8752-1fe89efea6bb,0a1506ca-ede6-548b-91b8-0730277089b0,active,2025-12-29
c811fbdc-d571-5a5f-81fe-2f8055d90be8,8de015b8-e615-54ce-9ef4-1b31c9afadb1,0b4a6e3b-d5cd-5d10-87c4-ab6fda0aa831,active,2026-07-21
7e6d90d4-ee36-526a-8b1e-ac67152228f3,8de015b8-e615-54ce-9ef4-1b31c9afadb1,018fefc2-38fb-5f92-8391-2fe032547753,active,2025-10-08
28edeb74-d175-5799-9b58-3326f8d98353,8de015b8-e615-54ce-9ef4-1b31c9afadb1,f080ca1b-6cb2-5242-98ed-4612ac098b94,active,2026-08-19
3045f865-c01e-5ffa-9a96-0cb570907c1c,8de015b8-e615-54ce-9ef4-1b31c9afadb1,868b1dbf-370d-5142-be8c-5a80dfad818d,active,2026-07-25
bcecd60a-0010-5a65-b9c8-a5778e9b0017,8de015b8-e615-54ce-9ef4-1b31c9afadb1,9502494a-7b3f-5213-8df6-4e5e5e22101f,active,2025-09-13
5eb2fe89-e487-58ff-a4c4-c1e794bfc09e,8de015b8-e615-54ce-9ef4-1b31c9afadb1,a9db23aa-1685-5f58-8beb-3c1c13702b6a,active,2025-09-18
90248118-99f1-5068-9f57-61b8e21ad2b9,8de015b8-e615-54ce-9ef4-1b31c9afadb1,fc407d89-26e4-55ce-a2dc-fdae931500f1,active,2026-05-26
922f21cd-9b12-5c1c-8634-fe9ccf9eadb3,8de015b8-e615-54ce-9ef4-1b31c9afadb1,0a1506ca-ede6-548b-91b8-0730277089b0,inactive,2026-06-20
cf8fc061-6131-566d-b0cb-b67023b592d8,e17250dc-e2ba-525d-9966-1218ff31563b,0b4a6e3b-d5cd-5d10-87c4-ab6fda0aa831,active,2026-08-20
6583d073-f975-5b26-bf54-f38aa2f0b143,e17250dc-e2ba-525d-9966-1218ff31563b,018fefc2-38fb-5f92-8391-2fe032547753,active,2025-12-11
95b3bb4d-19a7-57d7-875b-c302302e6615,e17250dc-e2ba-525d-9966-1218ff31563b,69d2e248-598e-501c-a2eb-fb4fb8ccf487,active,2025-11-18
68d9599d-241d-5f4f-866e-d2a55e9d2a46,e17250dc-e2ba-525d-9966-1218ff31563b,868b1dbf-370d-5142-be8c-5a80dfad818d,active,2026-02-03
a04a2405-fee0-5d98-a730-d84d1058233a,e17250dc-e2ba-525d-9966-1218ff31563b,fc407d89-26e4-55ce-a2dc-fdae931500f1,active,2025-11-05
0b43aed9-b220-5539-87ec-cc08a1ae6d3f,e17250dc-e2ba-525d-9966-1218ff31563b,a9db23aa-1685-5f58-8beb-3c1c13702b6a,active,2026-05-16
9aa3266b-6f32-5ce3-a914-425a2b367570,cbc0c254-3eb6-59b8-9e08-d021442597f5,0b4a6e3b-d5cd-5d10-87c4-ab6fda0aa831,active,2026-01-03
322461a7-fd08-569a-9915-a7a9a2888f14,cbc0c254-3eb6-59b8-9e08-d021442597f5,018fefc2-38fb-5f92-8391-2fe032547753,pending,2025-12-25
a11c813a-d511-5855-9b46-74708eb7bdc6,cbc0c254-3eb6-59b8-9e08-d021442597f5,fc407d89-26e4-55ce-a2dc-fdae931500f1,active,2025-11-19
9ddd2242-1dbb-5267-b5f2-f732533a7a17,cbc0c254-3eb6-59b8-9e08-d021442597f5,f080ca1b-6cb2-5242-98ed-4612ac098b94,active,2025-12-13
6e161c14-d486-523d-a8d9-6898071a95c8,cbc0c254-3eb6-59b8-9e08-d021442597f5,a9db23aa-1685-5f58-8beb-3c1c13702b6a,active,2026-08-17
379f2774-0eda-5729-98da-ccc51f3d072b,cbc0c254-3eb6-59b8-9e08-d021442597f5,4b343160-5928-5bdb-83ef-2c0f9faba1dd,active,2025-10-16
20686a5c-e65d-5b1e-b838-2293c014247e,cbc0c254-3eb6-59b8-9e08-d021442597f5,69d2e248-598e-501c-a2eb-fb4fb8ccf487,active,2026-06-11
e4d5f091-a7d3-5201-91a8-1520fc0eb29d,cbc0c254-3eb6-59b8-9e08-d021442597f5,0a1506ca-ede6-548b-91b8-0730277089b0,active,2025-09-25
97947c65-530d-5fb3-96d9-53416936b6a6,ced124fb-be5b-5ef6-b3a2-41539be0bd20,0b4a6e3b-d5cd-5d10-87c4-ab6fda0aa831,inactive,2026-01-30
1275d00b-acbf-5fad-96d1-a72c61449770,ced124fb-be5b-5ef6-b3a2-41539be0bd20,018fefc2-38fb-5f92-8391-2fe032547753,active,2026-01-15
f852efb6-dcd9-5489-aae0-85129d10064e,ced124fb-be5b-5ef6-b3a2-41539be0bd20,0a1506ca-ede6-548b-91b8-0730277089b0,active,2026-07-04
660b2934-95d3-53ac-a95b-15b5e1927258,cd4e24ea-ad6f-58f3-bdd8-39de32c1b412,0b4a6e3b-d5cd-5d10-87c4-ab6fda0aa831,active,2026-08-01
f610132e-ece8-5982-b3a9-0e6b01642207,cd4e24ea-ad6f-58f3-bdd8-39de32c1b412,018fefc2-38fb-5f92-8391-2fe032547753,active,2026-01-05
f7e2bba0-2e35-5cc1-a2af-cef1d849dbbb,cd4e24ea-ad6f-58f3-bdd8-39de32c1b412,0a1506ca-ede6-548b-91b8-0730277089b0,active,2025-09-04
9083f930-1d9f-58ca-8125-9ea5e545b4bb,cd4e24ea-ad6f-58f3-bdd8-39de32c1b412,868b1dbf-370d-5142-be8c-5a80dfad818d,active,2025-10-22
192f336b-187a-5849-ab77-ea358fa9a204,cd4e24ea-ad6f-58f3-bdd8-39de32c1b412,69d2e248-598e-501c-a2eb-fb4fb8ccf487,active,2025-12-06
6c29c91e-1ac7-5072-bdfd-c0c51b45124b,1a94663f-aa95-558c-add3-ac9094daaea6,0b4a6e3b-d5cd-5d10-87c4-ab6fda0aa831,pending,2026-05-01
a2e45916-17cf-5e8e-9fc7-b97b4d240d80,1a94663f-aa95-558c-add3-ac9094daaea6,018fefc2-38fb-5f92-8391-2fe032547753,active,2026-02-09
d684eff7-b456-5f0c-af89-b00f14cf7afe,1a94663f-aa95-558c-add3-ac9094daaea6,f080ca1b-6cb2-5242-98ed-4612ac098b94,active,2026-05-15
6619a790-4b8b-5cbb-8bc9-cd486779daf9,1ae0052d-8327-5fd0-abce-e0277e57bc3e,0b4a6e3b-d5cd-5d10-87c4-ab6fda0aa831,active,2025-12-03
373968f0-8ce9-5861-9d57-2890c52540e3,1ae0052d-8327-5fd0-abce-e0277e57bc3e,018fefc2-38fb-5f92-8391-2fe032547753,active,2025-10-22
e889c9b7-6399-55c5-9ca8-768f997e9bb2,1ae0052d-8327-5fd0-abce-e0277e57bc3e,0a1506ca-ede6-548b-91b8-0730277089b0,active,2025-12-31
7f940626-830b-5318-8dc1-ad6fe8c9b06e,1ae0052d-8327-5fd0-abce-e0277e57bc3e,fc407d89-26e4-55ce-a2dc-fdae931500f1,active,2026-01-28
4eb81fda-c131-5758-a5b6-ecfb3a2ec450,a43b0bda-dfe3-5bb3-8edb-d5235fdce6b8,0b4a6e3b-d5cd-5d10-87c4-ab6fda0aa831,active,2025-11-19
9f73598d-007f-56ba-8d09-59b5630d6f52,a43b0bda-dfe3-5bb3-8edb-d5235fdce6b8,018fefc2-38fb-5f92-8391-2fe032547753,active,2025-11-30
3f34a6df-0904-568f-9516-a64bf3bc03b8,a43b0bda-dfe3-5bb3-8edb-d5235fdce6b8,a9db23aa-1685-5f58-8beb-3c1c13702b6a,active,2026-07-28
cf79f2fd-a6a6-5544-a0bb-19359c4da249,a43b0bda-dfe3-5bb3-8edb-d5235fdce6b8,fc407d89-26e4-55ce-a2dc-fdae931500f1,active,2026-02-12
abc2ef1b-76a7-5295-aceb-6e293137495b,a43b0bda-dfe3-5bb3-8edb-d5235fdce6b8,9502494a-7b3f-5213-8df6-4e5e5e22101f,active,2025-11-07
3fc5001b-763f-5693-9081-6ca3484948de,b7622fbb-f035-5077-9daf-cda09e12077a,0b4a6e3b-d5cd-5d10-87c4-ab6fda0aa831,inactive,2026-05-26
f835365f-f45b-52ec-9563-7492b44c5652,b7622fbb-f035-5077-9daf-cda09e12077a,018fefc2-38fb-5f92-8391-2fe032547753,active,2026-03-02
6c52262b-91c5-5d6d-be03-ef0f7136b9ba,b7622fbb-f035-5077-9daf-cda09e12077a,a9db23aa-1685-5f58-8beb-3c1c13702b6a,active,2026-03-15
270c3f14-db5c-5515-a6ca-53e8be50a907,b7622fbb-f035-5077-9daf-cda09e12077a,868b1dbf-370d-5142-be8c-5a80dfad818d,active,2025-10-14
1b44d03f-6fc2-54da-98ac-e891c9cc1480,b7622fbb-f035-5077-9daf-cda09e12077a,0a1506ca-ede6-548b-91b8-0730277089b0,active,2025-10-26
6fbf84fd-dea3-5869-a893-c11a739fdfaf,54483016-e2e2-53c6-9b45-b67ba56d50f6,0b4a6e3b-d5cd-5d10-87c4-ab6fda0aa831,pending,2026-07-15
9a7a6672-f432-5d26-b757-43ecd70b099a,54483016-e2e2-53c6-9b45-b67ba56d50f6,018fefc2-38fb-5f92-8391-2fe032547753,active,2026-02-05
e80ccf48-842e-504e-b42c-299d68493c94,54483016-e2e2-53c6-9b45-b67ba56d50f6,4b343160-5928-5bdb-83ef-2c0f9faba1dd,active,2025-10-26
8b08364f-2148-542a-8b84-14b78d23ad8c,54483016-e2e2-53c6-9b45-b67ba56d50f6,0a1506ca-ede6-548b-91b8-0730277089b0,active,2026-03-06
103d68a0-38d6-5b2a-9984-a5646fec662a,54483016-e2e2-53c6-9b45-b67ba56d50f6,a9db23aa-1685-5f58-8beb-3c1c13702b6a,active,2026-07-12
1ed308c2-58d8-5813-a5ed-83fac41c4fc0,54483016-e2e2-53c6-9b45-b67ba56d50f6,9502494a-7b3f-5213-8df6-4e5e5e22101f,pending,2025-10-13
f10a9a06-6771-5705-9dfa-b54b83f3d39b,54483016-e2e2-53c6-9b45-b67ba56d50f6,868b1dbf-370d-5142-be8c-5a80dfad818d,active,2025-09-05
4132d372-1bec-5bd3-a68c-fb394c827d61,ea3f4fa1-9afb-5055-9446-5a6833baeff0,0b4a6e3b-d5cd-5d10-87c4-ab6fda0aa831,active,2026-01-16
b307dd16-8480-5a0b-af26-6040b2dcdc7c,ea3f4fa1-9afb-5055-9446-5a6833baeff0,018fefc2-38fb-5f92-8391-2fe032547753,active,2026-07-07
50f171ca-7f2c-575c-8c22-23f577fc472f,ea3f4fa1-9afb-5055-9446-5a6833baeff0,868b1dbf-370d-5142-be8c-5a80dfad818d,active,2026-03-30
273763c5-0763-5185-8fd4-7845d8459618,ea3f4fa1-9afb-5055-9446-5a6833baeff0,f080ca1b-6cb2-5242-98ed-4612ac098b94,active,2026-08-06
eca5c0d3-667e-5c52-9576-1827b64ad350,cdf77c59-ca65-555a-9b73-d7fbe9d154af,0b4a6e3b-d5cd-5d10-87c4-ab6fda0aa831,active,2026-05-12
7117f1c7-cdb5-52d3-b002-5222b42eb0ff,cdf77c59-ca65-555a-9b73-d7fbe9d154af,018fefc2-38fb-5f92-8391-2fe032547753,active,2025-09-26
4a871180-e3e7-56c2-a508-d5984722d5fe,cdf77c59-ca65-555a-9b73-d7fbe9d154af,69d2e248-598e-501c-a2eb-fb4fb8ccf487,active,2026-07-16
d80ca992-070b-52a7-a8b9-a12857b58b0b,333d8189-e00e-50ef-87ca-202547a01397,0b4a6e3b-d5cd-5d10-87c4-ab6fda0aa831,active,2026-02-19
ed76e64a-c9d4-5db1-b2e2-9afc5955949f,333d8189-e00e-50ef-87ca-202547a01397,018fefc2-38fb-5f92-8391-2fe032547753,active,2026-04-30
f4f74c12-3c61-58d3-893d-50c1b4a99451,333d8189-e00e-50ef-87ca-202547a01397,0a1506ca-ede6-548b-91b8-0730277089b0,active,2026-06-03
4581f510-d113-58d3-a584-ef71cc69a579,333d8189-e00e-50ef-87ca-202547a01397,a9db23aa-1685-5f58-8beb-3c1c13702b6a,pending,2025-12-27
eb39269e-6dd1-5cab-af9e-9f2e2220b51b,333d8189-e00e-50ef-87ca-202547a01397,fc407d89-26e4-55ce-a2dc-fdae931500f1,inactive,2026-07-12
8ed6a1cb-71b1-598f-ae37-919806b5a2b3,e3b326ae-5bf3-5a94-aaa5-0408c00a651e,0b4a6e3b-d5cd-5d10-87c4-ab6fda0aa831,active,2025-12-08
766c50e9-7e01-5049-bd80-d3aa480afe2a,e3b326ae-5bf3-5a94-aaa5-0408c00a651e,018fefc2-38fb-5f92-8391-2fe032547753,active,2025-10-26
3648503d-cfec-5b42-9792-5c3a7ed9ef7f,e3b326ae-5bf3-5a94-aaa5-0408c00a651e,4b343160-5928-5bdb-83ef-2c0f9faba1dd,active,2026-01-15
7002c07a-39d9-5061-aa78-e3491974106a,e3b326ae-5bf3-5a94-aaa5-0408c00a651e,a9db23aa-1685-5f58-8beb-3c1c13702b6a,active,2026-05-04
0ba0c36b-5982-59a4-acd0-c669c99746ec,e3b326ae-5bf3-5a94-aaa5-0408c00a651e,69d2e248-598e-501c-a2eb-fb4fb8ccf487,active,2026-02-18
e5cc24c4-b2c1-57a0-922b-8bd4e00514f0,e3b326ae-5bf3-5a94-aaa5-0408c00a651e,0a1506ca-ede6-548b-91b8-0730277089b0,active,2026-04-18
49adeca5-d867-541a-8a13-4274bbe2fe77,e3b326ae-5bf3-5a94-aaa5-0408c00a651e,fc407d89-26e4-55ce-a2dc-fdae931500f1,active,2026-04-14
32b3d2e6-aa57-544e-86d0-b53f6886ca8b,94db99e7-9cc5-5f1d-b3e1-6eee8657395a,0b4a6e3b-d5cd-5d10-87c4-ab6fda0aa831,active,2026-08-19
9d1fd869-14e1-5022-b280-91e319785fbc,94db99e7-9cc5-5f1d-b3e1-6eee8657395a,018fefc2-38fb-5f92-8391-2fe032547753,active,2025-12-16
4b69f227-024f-59ca-a262-361f555b1429,94db99e7-9cc5-5f1d-b3e1-6eee8657395a,f080ca1b-6cb2-5242-98ed-4612ac098b94,active,2026-04-19
2b70dd0b-f9c6-5b09-b0ec-287816dd2766,94db99e7-9cc5-5f1d-b3e1-6eee8657395a,4b343160-5928-5bdb-83ef-2c0f9faba1dd,inactive,2026-08-11
0d40a498-77d6-5738-938c-cf67dfbc8691,94db99e7-9cc5-5f1d-b3e1-6eee8657395a,868b1dbf-370d-5142-be8c-5a80dfad818d,active,2026-01-18
7cc91336-5321-50e3-94ca-c120fd9dd896,94db99e7-9cc5-5f1d-b3e1-6eee8657395a,0a1506ca-ede6-548b-91b8-0730277089b0,active,2026-01-07
cff13383-262f-58ed-8af3-599a387dc7af,94db99e7-9cc5-5f1d-b3e1-6eee8657395a,69d2e248-598e-501c-a2eb-fb4fb8ccf487,active,2025-09-24
92537992-3ce5-566e-995b-f4142cacff13,88653dfb-9b9b-5903-b0ba-280d082ac566,0b4a6e3b-d5cd-5d10-87c4-ab6fda0aa831,active,2026-02-25
ac06852b-98c0-502d-84ce-570adfc3df50,88653dfb-9b9b-5903-b0ba-280d082ac566,018fefc2-38fb-5f92-8391-2fe032547753,active,2026-06-10
2ea8addc-36d5-5e55-afa5-14d26579a33e,88653dfb-9b9b-5903-b0ba-280d082ac566,868b1dbf-370d-5142-be8c-5a80dfad818d,active,2025-12-05
f8aba70b-fff8-53e1-84ed-21ef1e15ce05,88653dfb-9b9b-5903-b0ba-280d082ac566,0a1506ca-ede6-548b-91b8-0730277089b0,pending,2026-05-14
9c0b6ff5-7871-5342-83ef-bcd5287a6c03,88653dfb-9b9b-5903-b0ba-280d082ac566,4b343160-5928-5bdb-83ef-2c0f9faba1dd,active,2025-11-30
b32e61e4-830e-520d-9fbe-0ba611717fdc,38a0613d-820e-59da-9ead-6148e07c05b7,0b4a6e3b-d5cd-5d10-87c4-ab6fda0aa831,active,2026-01-16
bb33eb6e-7e28-5c6e-8d7a-db6dbc2cd462,38a0613d-820e-59da-9ead-6148e07c05b7,018fefc2-38fb-5f92-8391-2fe032547753,active,2026-01-26
63be3953-1738-5905-97fa-1443c02ee2d2,38a0613d-820e-59da-9ead-6148e07c05b7,f080ca1b-6cb2-5242-98ed-4612ac098b94,active,2026-02-18
1fdb5f7f-0a46-53a7-922e-e27a2c54de2e,38a0613d-820e-59da-9ead-6148e07c05b7,868b1dbf-370d-5142-be8c-5a80dfad818d,pending,2025-10-20
7b028864-ff34-51eb-8c10-43974ee255b6,38a0613d-820e-59da-9ead-6148e07c05b7,4b343160-5928-5bdb-83ef-2c0f9faba1dd,active,2026-05-25
6ebbeb0d-3f3e-5208-8d1f-a8eec4f65d08,c0b98b92-eee0-5541-8fbe-40f7a3077ad6,0b4a6e3b-d5cd-5d10-87c4-ab6fda0aa831,active,2026-05-27
47b3e9a5-87fa-52c9-aca2-02b81cdb587f,c0b98b92-eee0-5541-8fbe-40f7a3077ad6,018fefc2-38fb-5f92-8391-2fe032547753,inactive,2026-02-07
95140bfd-9ae3-5ae5-86d0-85fd48c57691,c0b98b92-eee0-5541-8fbe-40f7a3077ad6,a9db23aa-1685-5f58-8beb-3c1c13702b6a,active,2026-05-03
c9efa73c-e223-597f-94dd-a4248c1cfab9,c0b98b92-eee0-5541-8fbe-40f7a3077ad6,69d2e248-598e-501c-a2eb-fb4fb8ccf487,inactive,2026-01-13
709531e6-7b88-50dd-a95d-ab699ba2ee94,c0b98b92-eee0-5541-8fbe-40f7a3077ad6,868b1dbf-370d-5142-be8c-5a80dfad818d,inactive,2026-02-12
221c9a0a-7f7b-5a6f-83c1-7ad3c02f5218,c0b98b92-eee0-5541-8fbe-40f7a3077ad6,f080ca1b-6cb2-5242-98ed-4612ac098b94,active,2026-01-10
f596ecf0-df6c-5cae-8ae4-f5ead4a2712b,c0b98b92-eee0-5541-8fbe-40f7a3077ad6,4b343160-5928-5bdb-83ef-2c0f9faba1dd,inactive,2026-05-23
81fe2f9d-1554-57b5-bce7-2405ea0f5b06,c0b98b92-eee0-5541-8fbe-40f7a3077ad6,0a1506ca-ede6-548b-91b8-0730277089b0,active,2026-01-11
87ff5a8a-90a8-5835-b0ac-ee6084297ec7,9a997c40-6e32-50f9-860c-11083db0283c,0b4a6e3b-d5cd-5d10-87c4-ab6fda0aa831,inactive,2025-12-09
6c64770a-056b-5b9d-b45d-8daa6433e04c,9a997c40-6e32-50f9-860c-11083db0283c,018fefc2-38fb-5f92-8391-2fe032547753,active,2026-05-05
021d8dcd-7cdc-5802-b084-0e3b73018a28,9a997c40-6e32-50f9-860c-11083db0283c,0a1506ca-ede6-548b-91b8-0730277089b0,active,2025-10-24
983f22fb-be5b-5eba-9197-aa288579b763,9a997c40-6e32-50f9-860c-11083db0283c,9502494a-7b3f-5213-8df6-4e5e5e22101f,active,2025-09-01
1b8a2380-4049-51e8-8a8d-9c3d28614880,8e5ccb84-fb53-5c1e-ae03-77462b40b168,0b4a6e3b-d5cd-5d10-87c4-ab6fda0aa831,active,2026-02-02
56c8e804-18df-5c53-a4ab-9578229a0f4e,8e5ccb84-fb53-5c1e-ae03-77462b40b168,018fefc2-38fb-5f92-8391-2fe032547753,active,2025-11-28
11cc953d-822f-5cfb-851b-7d510af81727,8e5ccb84-fb53-5c1e-ae03-77462b40b168,69d2e248-598e-501c-a2eb-fb4fb8ccf487,active,2026-05-02
2132e35c-8d7c-582a-a184-75af7e323aaa,8e5ccb84-fb53-5c1e-ae03-77462b40b168,f080ca1b-6cb2-5242-98ed-4612ac098b94,inactive,2025-11-21
6ef5b057-550d-594d-80d4-10477067a7f7,8e5ccb84-fb53-5c1e-ae03-77462b40b168,0a1506ca-ede6-548b-91b8-0730277089b0,active,2025-10-26
fe0d1792-07ed-56d9-af1f-0f6331f80deb,de27d7d9-8c9c-5155-a9c9-37c174515f4e,0b4a6e3b-d5cd-5d10-87c4-ab6fda0aa831,pending,2026-08-05
f2e8610f-e033-5deb-9338-c42bccd0403b,de27d7d9-8c9c-5155-a9c9-37c174515f4e,018fefc2-38fb-5f92-8391-2fe032547753,active,2026-03-06
6d3f86b6-0779-5bc7-8a0a-da80e4ef49db,de27d7d9-8c9c-5155-a9c9-37c174515f4e,0a1506ca-ede6-548b-91b8-0730277089b0,pending,2025-09-12
34860397-63ae-5872-b9b0-ca9caa870273,de27d7d9-8c9c-5155-a9c9-37c174515f4e,69d2e248-598e-501c-a2eb-fb4fb8ccf487,inactive,2026-03-11
9e41fb6b-ed23-5377-a63e-f62f322f3d11,de27d7d9-8c9c-5155-a9c9-37c174515f4e,868b1dbf-370d-5142-be8c-5a80dfad818d,inactive,2026-05-20
5cc181ca-67e4-569d-8685-32469f19d88b,de27d7d9-8c9c-5155-a9c9-37c174515f4e,4b343160-5928-5bdb-83ef-2c0f9faba1dd,active,2025-12-24
10f90136-29e4-5c52-a942-3f42488e40c9,de27d7d9-8c9c-5155-a9c9-37c174515f4e,9502494a-7b3f-5213-8df6-4e5e5e22101f,active,2026-07-23
3961cf49-bbf6-5ff2-a2d0-af54a90071c9,000da401-5c55-5659-aa15-2f671aacb0af,0b4a6e3b-d5cd-5d10-87c4-ab6fda0aa831,active,2025-12-06
9963af7d-8202-505d-b049-7104a004b6a3,000da401-5c55-5659-aa15-2f671aacb0af,018fefc2-38fb-5f92-8391-2fe032547753,active,2026-02-05
71c4010c-3eaf-5915-82e0-e3757105d2df,000da401-5c55-5659-aa15-2f671aacb0af,69d2e248-598e-501c-a2eb-fb4fb8ccf487,inactive,2025-10-28
05a615e2-1016-53ff-9fbc-d2f5b8d61097,000da401-5c55-5659-aa15-2f671aacb0af,f080ca1b-6cb2-5242-98ed-4612ac098b94,inactive,2026-03-06
09290528-d618-52fc-97e2-d18f5a7063b4,000da401-5c55-5659-aa15-2f671aacb0af,9502494a-7b3f-5213-8df6-4e5e5e22101f,pending,2026-07-22
01d79570-aecf-5e4c-8033-72531053ed46,000da401-5c55-5659-aa15-2f671aacb0af,a9db23aa-1685-5f58-8beb-3c1c13702b6a,active,2026-06-05
d246dfae-4526-580c-87f7-96fdbbe4294f,000da401-5c55-5659-aa15-2f671aacb0af,4b343160-5928-5bdb-83ef-2c0f9faba1dd,active,2025-11-08
e1bea9f2-aaa5-5f5f-8860-025a4278aa1c,b332abed-ecf1-5105-926f-90691b985f1a,0b4a6e3b-d5cd-5d10-87c4-ab6fda0aa831,active,2025-11-10
ce6a01af-41e2-5e53-88c4-aff2d00c5297,b332abed-ecf1-5105-926f-90691b985f1a,018fefc2-38fb-5f92-8391-2fe032547753,inactive,2025-11-25
7d2d198c-7da3-58fd-bda6-430e052f60ea,b332abed-ecf1-5105-926f-90691b985f1a,9502494a-7b3f-5213-8df6-4e5e5e22101f,pending,2026-08-28
e7783ddc-0272-5a92-86cd-358298076175,b332abed-ecf1-5105-926f-90691b985f1a,0a1506ca-ede6-548b-91b8-0730277089b0,active,2026-02-03
a1751232-ba78-5d3d-90a6-8098e32e580c,b332abed-ecf1-5105-926f-90691b985f1a,4b343160-5928-5bdb-83ef-2c0f9faba1dd,pending,2026-08-02
dc02ce72-bb4a-5256-a471-be65f91dc116,b332abed-ecf1-5105-926f-90691b985f1a,fc407d89-26e4-55ce-a2dc-fdae931500f1,active,2026-03-23
9377fdcf-5771-5c2b-b4da-ce7cedd36042,b332abed-ecf1-5105-926f-90691b985f1a,f080ca1b-6cb2-5242-98ed-4612ac098b94,active,2026-02-22
a882bf43-5396-504e-9356-7abac2f0723f,f4314759-d00a-55f5-8b8f-3527363036cc,0b4a6e3b-d5cd-5d10-87c4-ab6fda0aa831,active,2025-12-25
452777d1-73f6-5c68-8e61-5afdbce1ad84,f4314759-d00a-55f5-8b8f-3527363036cc,018fefc2-38fb-5f92-8391-2fe032547753,active,2026-06-11
c7a9eff6-820e-5b0e-866e-b6d60fa31518,f4314759-d00a-55f5-8b8f-3527363036cc,4b343160-5928-5bdb-83ef-2c0f9faba1dd,active,2026-02-05
652ade81-f0a3-5d6a-8534-1a1207c81791,f4314759-d00a-55f5-8b8f-3527363036cc,69d2e248-598e-501c-a2eb-fb4fb8ccf487,inactive,2026-08-02
01a0d017-0bfe-54b7-b40c-b1ecddd97fee,f4314759-d00a-55f5-8b8f-3527363036cc,0a1506ca-ede6-548b-91b8-0730277089b0,inactive,2026-04-22
5df2448e-eab5-5987-b4f0-4f28feb17647,f4314759-d00a-55f5-8b8f-3527363036cc,f080ca1b-6cb2-5242-98ed-4612ac098b94,active,2025-10-29
5aa50164-aec6-5eba-af7d-db6ac4ef24c6,f4314759-d00a-55f5-8b8f-3527363036cc,a9db23aa-1685-5f58-8beb-3c1c13702b6a,active,2025-09-04
937fa6b3-7d61-5a95-8b0b-d051f8355bac,733f8e08-7e64-5ce4-bd4b-7c2fd19f512f,0b4a6e3b-d5cd-5d10-87c4-ab6fda0aa831,active,2026-04-10
d733bfac-68a5-5828-a116-596706db2def,733f8e08-7e64-5ce4-bd4b-7c2fd19f512f,018fefc2-38fb-5f92-8391-2fe032547753,active,2026-03-26
5e797018-377e-5792-8a3a-4a1f7a33e558,733f8e08-7e64-5ce4-bd4b-7c2fd19f512f,a9db23aa-1685-5f58-8beb-3c1c13702b6a,active,2025-09-09
e7967ca6-bf90-5ae6-8ffe-d77b17555492,733f8e08-7e64-5ce4-bd4b-7c2fd19f512f,fc407d89-26e4-55ce-a2dc-fdae931500f1,active,2026-04-07
03c313a1-e1fa-5bab-87c8-4fe5d9b48915,733f8e08-7e64-5ce4-bd4b-7c2fd19f512f,f080ca1b-6cb2-5242-98ed-4612ac098b94,active,2026-03-15
93875012-209d-538c-8eec-c73053479a7e,733f8e08-7e64-5ce4-bd4b-7c2fd19f512f,868b1dbf-370d-5142-be8c-5a80dfad818d,active,2025-12-16
d2c16f67-b632-5def-a2c8-77956dda4861,733f8e08-7e64-5ce4-bd4b-7c2fd19f512f,69d2e248-598e-501c-a2eb-fb4fb8ccf487,active,2026-05-09
50205983-7e32-5d65-b8f6-18fba5de0069,733f8e08-7e64-5ce4-bd4b-7c2fd19f512f,9502494a-7b3f-5213-8df6-4e5e5e22101f,active,2026-02-10
b03577f0-e1ef-5563-b769-4a9d2b4bd066,2aaf552d-1745-5222-8144-d71bd5f70ca7,0b4a6e3b-d5cd-5d10-87c4-ab6fda0aa831,active,2025-11-01
654c08b2-74e1-5218-b41c-e9ab543e7f86,2aaf552d-1745-5222-8144-d71bd5f70ca7,018fefc2-38fb-5f92-8391-2fe032547753,active,2026-04-06
84cfe2e6-8d22-5a47-812d-6e1d6ea83f91,2aaf552d-1745-5222-8144-d71bd5f70ca7,a9db23aa-1685-5f58-8beb-3c1c13702b6a,pending,2026-03-26
06a3b98c-f910-5f7c-b452-945f74cdc467,2aaf552d-1745-5222-8144-d71bd5f70ca7,fc407d89-26e4-55ce-a2dc-fdae931500f1,active,2026-01-19
9f9c163e-9a70-5572-873b-3c3bbd55b0f7,2aaf552d-1745-5222-8144-d71bd5f70ca7,868b1dbf-370d-5142-be8c-5a80dfad818d,active,2026-03-04
91e666fe-6220-5e7e-94ad-085a67156b27,841bcfd1-0e64-57bc-ba64-6ea24330f2bf,0b4a6e3b-d5cd-5d10-87c4-ab6fda0aa831,active,2026-03-08
c4e262c3-76b6-5518-9334-ea38901fc8b3,841bcfd1-0e64-57bc-ba64-6ea24330f2bf,018fefc2-38fb-5f92-8391-2fe032547753,active,2026-03-19
0628b8a8-bb46-52ed-9773-51e0943ada22,841bcfd1-0e64-57bc-ba64-6ea24330f2bf,69d2e248-598e-501c-a2eb-fb4fb8ccf487,active,2026-01-04
d3d925f8-0467-5a24-bb14-2fbb9b1e6e9a,841bcfd1-0e64-57bc-ba64-6ea24330f2bf,f080ca1b-6cb2-5242-98ed-4612ac098b94,active,2026-07-19
cfd92fea-438b-5ff3-9ff1-808f75285f9a,841bcfd1-0e64-57bc-ba64-6ea24330f2bf,9502494a-7b3f-5213-8df6-4e5e5e22101f,active,2026-03-06
8b49e083-5ca8-56bd-a104-ff6ddfe6120d,770b1207-0d01-5fd9-9d2b-0c0d2ffad9d3,0b4a6e3b-d5cd-5d10-87c4-ab6fda0aa831,active,2026-02-20
479a8b56-f9c4-59e6-9dd8-017d0df4e0bb,770b1207-0d01-5fd9-9d2b-0c0d2ffad9d3,018fefc2-38fb-5f92-8391-2fe032547753,active,2026-07-14
3be74289-6d30-5dea-8a08-6e8888538bc2,770b1207-0d01-5fd9-9d2b-0c0d2ffad9d3,a9db23aa-1685-5f58-8beb-3c1c13702b6a,active,2026-02-14
f68bae97-d751-52bb-90d2-fa70cd055bf6,770b1207-0d01-5fd9-9d2b-0c0d2ffad9d3,fc407d89-26e4-55ce-a2dc-fdae931500f1,inactive,2026-05-01
00d0c2d0-8ea0-5e34-9ede-56a657a6d315,770b1207-0d01-5fd9-9d2b-0c0d2ffad9d3,69d2e248-598e-501c-a2eb-fb4fb8ccf487,active,2026-05-25
84647eeb-b585-5dc4-8323-27bc9a859bee,770b1207-0d01-5fd9-9d2b-0c0d2ffad9d3,0a1506ca-ede6-548b-91b8-0730277089b0,active,2026-06-21
073a679b-0715-5b60-9cee-801674f0f40c,770b1207-0d01-5fd9-9d2b-0c0d2ffad9d3,868b1dbf-370d-5142-be8c-5a80dfad818d,active,2026-04-28
84a23c68-ee9b-5444-90e3-e0337771ec20,61d93767-d7ee-521d-95c6-0754c90f57d3,0b4a6e3b-d5cd-5d10-87c4-ab6fda0aa831,pending,2026-02-05
e8826197-fb61-537c-9cd8-ae686a813474,61d93767-d7ee-521d-95c6-0754c90f57d3,018fefc2-38fb-5f92-8391-2fe032547753,active,2026-02-24
fafc2af1-c4eb-5a14-bdeb-87fb07d08dbe,61d93767-d7ee-521d-95c6-0754c90f57d3,9502494a-7b3f-5213-8df6-4e5e5e22101f,active,2025-11-01
47f5e654-8eb6-5056-80ad-f37e79f7fc15,05474dff-378c-5a0e-a404-511c603326d6,0b4a6e3b-d5cd-5d10-87c4-ab6fda0aa831,active,2026-07-01
cad890c9-63e4-5bde-a9b2-4f6e34bbf5d2,05474dff-378c-5a0e-a404-511c603326d6,018fefc2-38fb-5f92-8391-2fe032547753,pending,2025-09-20
d67534d5-e36d-58ed-9621-ae6b5fbf6dde,05474dff-378c-5a0e-a404-511c603326d6,fc407d89-26e4-55ce-a2dc-fdae931500f1,pending,2026-02-05
35e58f2b-8e24-5124-ba5b-00529d18aa1f,7b859877-ef8e-5a78-bbaf-fc5084482a45,0b4a6e3b-d5cd-5d10-87c4-ab6fda0aa831,active,2026-02-26
1bab36e6-6d25-52f8-8bdd-dca511837dd8,7b859877-ef8e-5a78-bbaf-fc5084482a45,018fefc2-38fb-5f92-8391-2fe032547753,active,2026-08-13
f35d93b2-7758-5ee1-85ea-1e31f64cf020,7b859877-ef8e-5a78-bbaf-fc5084482a45,9502494a-7b3f-5213-8df6-4e5e5e22101f,pending,2026-07-20
1898aaa9-9dcf-544d-bd04-f521360a81c7,7b859877-ef8e-5a78-bbaf-fc5084482a45,fc407d89-26e4-55ce-a2dc-fdae931500f1,active,2026-06-06
e3e6c56e-ad78-5562-a357-22c8206d7b6d,7b859877-ef8e-5a78-bbaf-fc5084482a45,0a1506ca-ede6-548b-91b8-0730277089b0,active,2026-06-06
f3e3b32c-eb8d-5a15-97fa-36c2dd22224d,7b859877-ef8e-5a78-bbaf-fc5084482a45,f080ca1b-6cb2-5242-98ed-4612ac098b94,active,2026-01-01
09ad3890-9efb-55be-911f-61bacb1a9d2f,7b859877-ef8e-5a78-bbaf-fc5084482a45,a9db23aa-1685-5f58-8beb-3c1c13702b6a,inactive,2025-11-15
eb6bac5d-9a0f-59da-b4c5-fbf5842b0556,0d96e977-be2c-5789-8286-3eeb4b930c88,0b4a6e3b-d5cd-5d10-87c4-ab6fda0aa831,active,2026-08-21
370d9941-d3b3-5162-b4bf-0d5417cdbb94,0d96e977-be2c-5789-8286-3eeb4b930c88,018fefc2-38fb-5f92-8391-2fe032547753,active,2026-01-27
1c8afe28-3e76-5f34-aa9e-6e9b58e000f9,0d96e977-be2c-5789-8286-3eeb4b930c88,0a1506ca-ede6-548b-91b8-0730277089b0,active,2026-01-22
d3cc2626-fd5e-5b65-bbbb-27cf16ec84f4,0d96e977-be2c-5789-8286-3eeb4b930c88,9502494a-7b3f-5213-8df6-4e5e5e22101f,active,2026-04-15
94f8a0d2-d9d2-5265-b7da-644462389aa0,0d96e977-be2c-5789-8286-3eeb4b930c88,fc407d89-26e4-55ce-a2dc-fdae931500f1,active,2026-03-27
bd639bc1-2156-5495-b682-0988880124cf,0d96e977-be2c-5789-8286-3eeb4b930c88,868b1dbf-370d-5142-be8c-5a80dfad818d,active,2026-04-09
4f6596e4-a33b-553b-873f-e0d170ed9dbf,0d96e977-be2c-5789-8286-3eeb4b930c88,4b343160-5928-5bdb-83ef-2c0f9faba1dd,inactive,2026-02-09
f2cdc912-ef10-58b2-9009-4ca5cbcbb64f,ee7e102d-0b64-5644-a74b-09b96820bc93,0b4a6e3b-d5cd-5d10-87c4-ab6fda0aa831,active,2025-11-11
44955e7c-aee5-5820-a314-a29e678dfa55,ee7e102d-0b64-5644-a74b-09b96820bc93,018fefc2-38fb-5f92-8391-2fe032547753,active,2025-10-16
410299c5-a749-58cd-9527-f3b64eef3a43,ee7e102d-0b64-5644-a74b-09b96820bc93,9502494a-7b3f-5213-8df6-4e5e5e22101f,active,2025-10-13
7f197933-7572-55b7-891e-aa3a1af072d3,ee7e102d-0b64-5644-a74b-09b96820bc93,4b343160-5928-5bdb-83ef-2c0f9faba1dd,inactive,2026-05-12
0c026776-3637-5c3c-821c-764bf256b5a3,b32a7cc6-a909-5f0e-a6fb-02ed67b76cd2,0b4a6e3b-d5cd-5d10-87c4-ab6fda0aa831,active,2026-04-06
eaf2ebca-358c-599f-963b-3ba6f06ed197,b32a7cc6-a909-5f0e-a6fb-02ed67b76cd2,018fefc2-38fb-5f92-8391-2fe032547753,active,2025-09-05
0e2b0253-6453-5e8d-a1fa-19c404df2b8f,b32a7cc6-a909-5f0e-a6fb-02ed67b76cd2,69d2e248-598e-501c-a2eb-fb4fb8ccf487,active,2026-08-07
f541f513-88e2-51c5-95cb-444d2853d5c0,b32a7cc6-a909-5f0e-a6fb-02ed67b76cd2,9502494a-7b3f-5213-8df6-4e5e5e22101f,active,2026-01-27
2c4a2774-5102-5767-810f-d5b85cfd219b,b32a7cc6-a909-5f0e-a6fb-02ed67b76cd2,0a1506ca-ede6-548b-91b8-0730277089b0,active,2025-08-31
567f6495-895e-5b55-a8c2-5c901689f0d4,b32a7cc6-a909-5f0e-a6fb-02ed67b76cd2,a9db23aa-1685-5f58-8beb-3c1c13702b6a,active,2026-06-15
301ad2c4-2023-59c1-bee1-29053fd0df9d,b32a7cc6-a909-5f0e-a6fb-02ed67b76cd2,868b1dbf-370d-5142-be8c-5a80dfad818d,active,2025-12-09
dd71532c-33fb-5153-8aa6-17b3c6d3f5dc,b32a7cc6-a909-5f0e-a6fb-02ed67b76cd2,4b343160-5928-5bdb-83ef-2c0f9faba1dd,active,2025-09-05
0c21a451-a5a8-56d7-a10c-72a62bbc2b63,84323f21-f647-5a41-808b-fa4dc0d9e656,0b4a6e3b-d5cd-5d10-87c4-ab6fda0aa831,active,2026-01-29
e65c7cc6-f7b8-5620-b892-a0861c671dd0,84323f21-f647-5a41-808b-fa4dc0d9e656,018fefc2-38fb-5f92-8391-2fe032547753,active,2025-09-06
292b6036-8d8b-5dd6-b35a-7c53dd69f8b4,84323f21-f647-5a41-808b-fa4dc0d9e656,f080ca1b-6cb2-5242-98ed-4612ac098b94,active,2025-11-07
040b59e3-a8dd-5fb6-9768-487ac412b679,84323f21-f647-5a41-808b-fa4dc0d9e656,a9db23aa-1685-5f58-8beb-3c1c13702b6a,active,2026-05-12
277f1a63-cc4b-5c37-861b-62b1f72db7f2,19ad6550-d1aa-5908-85c6-f7650e2b90ab,0b4a6e3b-d5cd-5d10-87c4-ab6fda0aa831,active,2026-02-05
94e61c29-56d2-57e1-9e9f-da568d86bcf2,19ad6550-d1aa-5908-85c6-f7650e2b90ab,018fefc2-38fb-5f92-8391-2fe032547753,inactive,2025-11-28
84f14232-1e13-5085-b3da-d8af5d7a771a,19ad6550-d1aa-5908-85c6-f7650e2b90ab,a9db23aa-1685-5f58-8beb-3c1c13702b6a,active,2025-09-17
9e50c894-e07c-5c25-a0f5-ac79fcf50b3c,4544d574-d698-5672-a569-fe25f9172215,0b4a6e3b-d5cd-5d10-87c4-ab6fda0aa831,active,2026-01-25
1fdc5734-ef90-523d-88df-1be620fb662c,4544d574-d698-5672-a569-fe25f9172215,018fefc2-38fb-5f92-8391-2fe032547753,active,2025-11-01
e0a4ed1d-0142-5615-a633-b170c5a561df,4544d574-d698-5672-a569-fe25f9172215,f080ca1b-6cb2-5242-98ed-4612ac098b94,pending,2026-08-04
a9924077-e1d1-5afd-96a5-4789f0351fc8,4544d574-d698-5672-a569-fe25f9172215,868b1dbf-370d-5142-be8c-5a80dfad818d,active,2026-08-06
620644f3-ad28-5f9a-b870-f9de0cd0c438,4544d574-d698-5672-a569-fe25f9172215,9502494a-7b3f-5213-8df6-4e5e5e22101f,active,2026-05-18
5a13b8a5-c054-599f-8afe-7c4e17840494,4544d574-d698-5672-a569-fe25f9172215,4b343160-5928-5bdb-83ef-2c0f9faba1dd,active,2026-04-21
3b2f3945-22f9-59f1-8832-abd38ec990dd,4544d574-d698-5672-a569-fe25f9172215,69d2e248-598e-501c-a2eb-fb4fb8ccf487,active,2025-12-18
552bfbc3-4309-56ed-acfa-92de54c6be92,c5bb2260-aa80-516e-aa4a-2fe1f6eaf1d1,0b4a6e3b-d5cd-5d10-87c4-ab6fda0aa831,inactive,2026-07-23
ef6c7510-13db-5cd8-8983-97e3698af9a7,c5bb2260-aa80-516e-aa4a-2fe1f6eaf1d1,018fefc2-38fb-5f92-8391-2fe032547753,active,2026-01-12
64ef4696-b702-5d0d-9989-4784b4382f52,c5bb2260-aa80-516e-aa4a-2fe1f6eaf1d1,868b1dbf-370d-5142-be8c-5a80dfad818d,pending,2025-10-22
e8eb743a-9a78-591f-8573-74fa4a752ed0,c5bb2260-aa80-516e-aa4a-2fe1f6eaf1d1,f080ca1b-6cb2-5242-98ed-4612ac098b94,active,2026-08-26
314afa91-6fe3-5b59-93be-c8833131f66e,c5bb2260-aa80-516e-aa4a-2fe1f6eaf1d1,9502494a-7b3f-5213-8df6-4e5e5e22101f,active,2025-10-03
d7e21cb2-a6c2-5a8a-a045-e13a7d491806,c5bb2260-aa80-516e-aa4a-2fe1f6eaf1d1,fc407d89-26e4-55ce-a2dc-fdae931500f1,pending,2025-12-21
6e031709-45e9-55bf-b9a8-68543a2131b2,c5bb2260-aa80-516e-aa4a-2fe1f6eaf1d1,a9db23aa-1685-5f58-8beb-3c1c13702b6a,active,2026-05-09
8796cbcc-c04f-51df-b9c2-86a9295603ff,7c74deb2-f910-514d-ac23-b4a7a7070cdf,0b4a6e3b-d5cd-5d10-87c4-ab6fda0aa831,active,2026-06-23
fbf4c8e5-50f3-5ea2-bcfc-4b39107d1d16,7c74deb2-f910-514d-ac23-b4a7a7070cdf,018fefc2-38fb-5f92-8391-2fe032547753,active,2026-01-14
ed53db6a-c55b-5957-837c-9aed7fe83b6c,7c74deb2-f910-514d-ac23-b4a7a7070cdf,f080ca1b-6cb2-5242-98ed-4612ac098b94,active,2026-03-26
142f83af-424a-5e17-8348-fe4a6a14ea10,7c74deb2-f910-514d-ac23-b4a7a7070cdf,69d2e248-598e-501c-a2eb-fb4fb8ccf487,active,2025-11-08
fac30c56-810a-5dc2-92c1-6caf56431924,7c74deb2-f910-514d-ac23-b4a7a7070cdf,868b1dbf-370d-5142-be8c-5a80dfad818d,active,2026-04-14
53063839-6ed5-5cd1-87e5-bb52f7cad404,7c74deb2-f910-514d-ac23-b4a7a7070cdf,9502494a-7b3f-5213-8df6-4e5e5e22101f,active,2026-04-21
12ccf1fb-0546-5842-abad-19ba781ccf87,7c74deb2-f910-514d-ac23-b4a7a7070cdf,0a1506ca-ede6-548b-91b8-0730277089b0,active,2026-06-01
2af65e8c-4852-5cf3-b366-a30bd6dcca10,76c315cb-5185-5530-9dfa-bc9540e797ca,0b4a6e3b-d5cd-5d10-87c4-ab6fda0aa831,pending,2025-12-01
27d7ef3f-af99-576c-b24e-177e80f167ce,76c315cb-5185-5530-9dfa-bc9540e797ca,018fefc2-38fb-5f92-8391-2fe032547753,active,2025-09-26
9c2a415e-4321-5edc-992b-511f7fc78cd9,76c315cb-5185-5530-9dfa-bc9540e797ca,a9db23aa-1685-5f58-8beb-3c1c13702b6a,active,2026-01-07
0a8909a0-8102-52a9-b186-ca65533e5c3f,76c315cb-5185-5530-9dfa-bc9540e797ca,f080ca1b-6cb2-5242-98ed-4612ac098b94,inactive,2025-10-28
6b91e764-2acc-5658-a706-e64246a65f18,104918ab-1469-5f48-ab7f-bca204e67486,0b4a6e3b-d5cd-5d10-87c4-ab6fda0aa831,active,2025-12-10
316b8586-0f41-58ee-bc97-407ede1e2c98,104918ab-1469-5f48-ab7f-bca204e67486,018fefc2-38fb-5f92-8391-2fe032547753,active,2026-07-08
ff8deef9-0a09-50c7-987c-21d1d735a122,104918ab-1469-5f48-ab7f-bca204e67486,fc407d89-26e4-55ce-a2dc-fdae931500f1,active,2026-07-29
5f1acfe5-8472-592b-bee2-603665cffb2c,104918ab-1469-5f48-ab7f-bca204e67486,868b1dbf-370d-5142-be8c-5a80dfad818d,active,2026-04-22
068dad50-1cd7-51b4-aa7d-90ab7c429ca0,104918ab-1469-5f48-ab7f-bca204e67486,0a1506ca-ede6-548b-91b8-0730277089b0,active,2025-09-25
f4f9cc26-e4ed-5204-882e-0d4bf096adad,b824f1a2-f6b0-525f-ac58-027f7057e19b,0b4a6e3b-d5cd-5d10-87c4-ab6fda0aa831,active,2026-05-20
2459f41c-f3ca-5683-96c4-bd6b96257ea4,b824f1a2-f6b0-525f-ac58-027f7057e19b,018fefc2-38fb-5f92-8391-2fe032547753,active,2026-05-20
788caba8-d597-5d19-8285-2ef03665a2f1,b824f1a2-f6b0-525f-ac58-027f7057e19b,9502494a-7b3f-5213-8df6-4e5e5e22101f,active,2026-06-03
42ffc2b0-5a3e-5a7b-a6c7-668e90b8e7cd,b824f1a2-f6b0-525f-ac58-027f7057e19b,4b343160-5928-5bdb-83ef-2c0f9faba1dd,active,2026-01-07
d03aab02-08d6-5c3f-be02-b151ee48727c,1893853f-90b4-5018-a7fd-bd61bf9f2ee4,0b4a6e3b-d5cd-5d10-87c4-ab6fda0aa831,active,2026-02-04
cc339fc8-718d-57f1-a84b-fdf849e134f6,1893853f-90b4-5018-a7fd-bd61bf9f2ee4,018fefc2-38fb-5f92-8391-2fe032547753,active,2026-04-28
8ec3179e-ecfd-50ab-ae58-72016725e928,1893853f-90b4-5018-a7fd-bd61bf9f2ee4,a9db23aa-1685-5f58-8beb-3c1c13702b6a,active,2026-06-09
4135bf86-f8e4-5b20-b9f6-475093cbae9c,1893853f-90b4-5018-a7fd-bd61bf9f2ee4,69d2e248-598e-501c-a2eb-fb4fb8ccf487,inactive,2026-04-25
5b3a6612-a866-524c-8eb8-506a9ff43a0d,1893853f-90b4-5018-a7fd-bd61bf9f2ee4,f080ca1b-6cb2-5242-98ed-4612ac098b94,inactive,2025-09-07
9a3fb3a5-0b94-5f26-a974-852ea2841992,1893853f-90b4-5018-a7fd-bd61bf9f2ee4,9502494a-7b3f-5213-8df6-4e5e5e22101f,active,2025-09-23
e90ad2f2-3518-5924-92f6-c0908d060615,1893853f-90b4-5018-a7fd-bd61bf9f2ee4,868b1dbf-370d-5142-be8c-5a80dfad818d,inactive,2026-07-23
38b72e4f-1a99-5761-ad79-d20a6b3d9e40,854291a5-05db-55e6-b0ab-3feb5d452fc0,0b4a6e3b-d5cd-5d10-87c4-ab6fda0aa831,active,2026-03-10
84501c23-d8c8-57f7-87f3-64c954bbd044,854291a5-05db-55e6-b0ab-3feb5d452fc0,018fefc2-38fb-5f92-8391-2fe032547753,active,2026-05-20
6c07342a-fde4-50ea-95b3-5cc5518505c6,854291a5-05db-55e6-b0ab-3feb5d452fc0,868b1dbf-370d-5142-be8c-5a80dfad818d,active,2025-10-18
ee9b5500-edd6-53d3-ba33-7663aa718f96,854291a5-05db-55e6-b0ab-3feb5d452fc0,69d2e248-598e-501c-a2eb-fb4fb8ccf487,active,2026-04-03
006986b4-b140-50fb-9a99-5d4a6a9f671a,854291a5-05db-55e6-b0ab-3feb5d452fc0,a9db23aa-1685-5f58-8beb-3c1c13702b6a,active,2026-05-02
11151520-f256-56b2-adcd-7c846a784651,854291a5-05db-55e6-b0ab-3feb5d452fc0,0a1506ca-ede6-548b-91b8-0730277089b0,active,2026-07-25
1bdee547-8bbd-5fdb-9a14-ef680569b7de,854291a5-05db-55e6-b0ab-3feb5d452fc0,9502494a-7b3f-5213-8df6-4e5e5e22101f,active,2026-06-05
e62a3820-b101-512c-8eb0-aa624c67f0b1,854291a5-05db-55e6-b0ab-3feb5d452fc0,fc407d89-26e4-55ce-a2dc-fdae931500f1,active,2026-01-28
8368b96e-bf77-5de2-ad8d-24df25468b0a,ef1b6e73-f031-5894-824a-4ff1e58fc120,0b4a6e3b-d5cd-5d10-87c4-ab6fda0aa831,active,2026-07-11
50be7a2c-551b-54cf-9d50-0fed2d42b5e6,ef1b6e73-f031-5894-824a-4ff1e58fc120,018fefc2-38fb-5f92-8391-2fe032547753,active,2026-08-20
340178e1-23a3-5a87-ac37-34e9a0b34218,ef1b6e73-f031-5894-824a-4ff1e58fc120,69d2e248-598e-501c-a2eb-fb4fb8ccf487,active,2026-05-22
af694c43-5935-5385-a5b0-bcafa2690f42,ef1b6e73-f031-5894-824a-4ff1e58fc120,a9db23aa-1685-5f58-8beb-3c1c13702b6a,inactive,2025-10-01
39cafe5e-686c-598f-a312-2e79b4caeec4,5ee5bcb6-f69b-5186-9fb9-3aa1b552b4a3,0b4a6e3b-d5cd-5d10-87c4-ab6fda0aa831,active,2026-01-10
d409d065-676c-5b42-b324-8b7b63ceb43c,5ee5bcb6-f69b-5186-9fb9-3aa1b552b4a3,018fefc2-38fb-5f92-8391-2fe032547753,active,2026-08-24
4412b4e2-57a3-5906-8f25-8b5593e9dccf,5ee5bcb6-f69b-5186-9fb9-3aa1b552b4a3,0a1506ca-ede6-548b-91b8-0730277089b0,pending,2026-04-22
dc390bc5-7a81-562e-9ba1-2e96c9ef3a7d,5ee5bcb6-f69b-5186-9fb9-3aa1b552b4a3,fc407d89-26e4-55ce-a2dc-fdae931500f1,active,2026-04-28
a0843898-54b4-5237-b3d6-a60a7ba319f5,604a4e51-c147-5268-8856-f649e96e8de5,0b4a6e3b-d5cd-5d10-87c4-ab6fda0aa831,active,2026-03-20
1de21a4a-404e-59bb-b032-1c3d2d9b9981,604a4e51-c147-5268-8856-f649e96e8de5,018fefc2-38fb-5f92-8391-2fe032547753,active,2025-12-18
21327e68-dcf8-5e6a-a658-4460f312de1e,604a4e51-c147-5268-8856-f649e96e8de5,f080ca1b-6cb2-5242-98ed-4612ac098b94,active,2026-01-29
044b372f-f35c-55e3-8feb-fa3ee8f00415,604a4e51-c147-5268-8856-f649e96e8de5,9502494a-7b3f-5213-8df6-4e5e5e22101f,active,2026-04-10
78390dd6-e1c3-57c1-887f-bb151da8bbec,604a4e51-c147-5268-8856-f649e96e8de5,69d2e248-598e-501c-a2eb-fb4fb8ccf487,active,2026-01-09
0cc887ba-85e1-59bb-9221-6a08b9e517fe,604a4e51-c147-5268-8856-f649e96e8de5,0a1506ca-ede6-548b-91b8-0730277089b0,active,2026-02-06
7dbd2b9f-e7af-5a81-9cf8-12e07ad5c351,72b06f75-9c13-5bec-841f-24114afaaab9,0b4a6e3b-d5cd-5d10-87c4-ab6fda0aa831,active,2025-10-16
64603af6-8de8-5990-902c-f530db7b2248,72b06f75-9c13-5bec-841f-24114afaaab9,018fefc2-38fb-5f92-8391-2fe032547753,active,2026-06-06
226cdd35-5618-5e2b-a05e-585029a8e2dc,72b06f75-9c13-5bec-841f-24114afaaab9,f080ca1b-6cb2-5242-98ed-4612ac098b94,active,2025-10-16
fd55d73a-f29b-557c-88b3-2098b9d736a4,72b06f75-9c13-5bec-841f-24114afaaab9,9502494a-7b3f-5213-8df6-4e5e5e22101f,active,2025-09-16
30af08d5-d29d-56c5-b8c3-733edb6a0c0f,72b06f75-9c13-5bec-841f-24114afaaab9,fc407d89-26e4-55ce-a2dc-fdae931500f1,active,2026-04-23
18095a66-27a4-5504-a910-1136585e8b96,8df03c6a-f0e9-5c78-8a72-b96b5f7e7b16,0b4a6e3b-d5cd-5d10-87c4-ab6fda0aa831,active,2025-12-20
0faf724c-eec5-5a5b-8a02-355c3ea1c801,8df03c6a-f0e9-5c78-8a72-b96b5f7e7b16,018fefc2-38fb-5f92-8391-2fe032547753,active,2025-11-24
79bbb5da-084d-5fd3-b5ef-cc8f2346aa06,8df03c6a-f0e9-5c78-8a72-b96b5f7e7b16,69d2e248-598e-501c-a2eb-fb4fb8ccf487,inactive,2026-05-19
3718bbab-96e3-5761-b26c-95dcbd582911,8df03c6a-f0e9-5c78-8a72-b96b5f7e7b16,9502494a-7b3f-5213-8df6-4e5e5e22101f,active,2026-06-14
ad17abf9-a251-5486-a4fc-c5c72b7e9774,8df03c6a-f0e9-5c78-8a72-b96b5f7e7b16,fc407d89-26e4-55ce-a2dc-fdae931500f1,pending,2025-12-06
2e93e7aa-5c4d-50ba-977a-deb618b16e8e,8df03c6a-f0e9-5c78-8a72-b96b5f7e7b16,0a1506ca-ede6-548b-91b8-0730277089b0,active,2026-05-12
6c12f001-11c9-53a2-8ebf-3dc1cb758d52,8df03c6a-f0e9-5c78-8a72-b96b5f7e7b16,f080ca1b-6cb2-5242-98ed-4612ac098b94,active,2026-04-11
7bd00117-3b66-57c1-b734-7219011d7644,8df03c6a-f0e9-5c78-8a72-b96b5f7e7b16,a9db23aa-1685-5f58-8beb-3c1c13702b6a,active,2025-12-12
a239291a-e487-5951-b4b6-681c1936e0bc,f8d90075-3eef-57df-8330-23687233e1a4,0b4a6e3b-d5cd-5d10-87c4-ab6fda0aa831,active,2026-02-24
f8a4a432-f6bf-5634-9161-9da05415c6eb,f8d90075-3eef-57df-8330-23687233e1a4,018fefc2-38fb-5f92-8391-2fe032547753,inactive,2026-01-03
11fa6711-4412-5eaf-9a49-aab44d8716ef,f8d90075-3eef-57df-8330-23687233e1a4,9502494a-7b3f-5213-8df6-4e5e5e22101f,inactive,2026-07-31
4ad7d3c9-e120-52f8-9634-4fdd4beda27f,3e9833ae-27e7-5954-985e-5192185af74b,0b4a6e3b-d5cd-5d10-87c4-ab6fda0aa831,active,2025-11-27
2a302e9c-7a11-5141-bd60-e713ea808467,3e9833ae-27e7-5954-985e-5192185af74b,018fefc2-38fb-5f92-8391-2fe032547753,inactive,2026-01-30
46d44e5f-6854-5a1b-ba83-86b9f83dbb5c,3e9833ae-27e7-5954-985e-5192185af74b,fc407d89-26e4-55ce-a2dc-fdae931500f1,pending,2026-01-13
48167e68-0740-5873-8b50-7e3f87da3e30,f450988d-f69d-5b58-9af3-0c584f675d22,0b4a6e3b-d5cd-5d10-87c4-ab6fda0aa831,active,2025-10-19
07436f4b-df47-5bbf-b20f-10cfdd7aaeb0,f450988d-f69d-5b58-9af3-0c584f675d22,018fefc2-38fb-5f92-8391-2fe032547753,active,2025-09-20
bf0d9d9d-0307-5c77-8fb4-d6badefd4bf9,f450988d-f69d-5b58-9af3-0c584f675d22,9502494a-7b3f-5213-8df6-4e5e5e22101f,pending,2025-11-19
e5d4c344-00e2-5181-af2a-14acae56cb07,f450988d-f69d-5b58-9af3-0c584f675d22,0a1506ca-ede6-548b-91b8-0730277089b0,active,2025-10-15
b3775ce7-5006-557d-bb46-ec1c7b861343,f450988d-f69d-5b58-9af3-0c584f675d22,a9db23aa-1685-5f58-8beb-3c1c13702b6a,active,2025-12-20
df9eb64a-c566-5b36-bf24-f6dc6a4e9596,f450988d-f69d-5b58-9af3-0c584f675d22,f080ca1b-6cb2-5242-98ed-4612ac098b94,active,2025-10-28
7814d7aa-ad27-5574-bf3c-b1d431ceef16,f450988d-f69d-5b58-9af3-0c584f675d22,868b1dbf-370d-5142-be8c-5a80dfad818d,inactive,2026-06-05
2b7328e9-224f-50c4-94b5-09c3bfc4918c,97c20157-3ae1-50ba-8232-5fcb5fbe3ac9,0b4a6e3b-d5cd-5d10-87c4-ab6fda0aa831,active,2026-07-28
3604edf4-51af-578d-bb7e-7fb235a74194,97c20157-3ae1-50ba-8232-5fcb5fbe3ac9,018fefc2-38fb-5f92-8391-2fe032547753,active,2026-07-12
30d93cdd-8bb2-5da4-aa2b-abcb2d82475e,97c20157-3ae1-50ba-8232-5fcb5fbe3ac9,9502494a-7b3f-5213-8df6-4e5e5e22101f,active,2026-01-26
6e9abdfe-9ef6-559b-a66d-118a65cb64f6,97c20157-3ae1-50ba-8232-5fcb5fbe3ac9,868b1dbf-370d-5142-be8c-5a80dfad818d,pending,2025-11-08
7e3357ae-7c0a-5439-b985-58c8b54ee375,97c20157-3ae1-50ba-8232-5fcb5fbe3ac9,f080ca1b-6cb2-5242-98ed-4612ac098b94,pending,2026-08-21
553678b3-2502-5b6f-a870-df61b7d73a8b,97c20157-3ae1-50ba-8232-5fcb5fbe3ac9,0a1506ca-ede6-548b-91b8-0730277089b0,active,2026-03-10
b79f1b37-5c48-574d-a98f-d6031fe40f50,97c20157-3ae1-50ba-8232-5fcb5fbe3ac9,a9db23aa-1685-5f58-8beb-3c1c13702b6a,active,2026-01-14
538250d7-52a3-5674-979a-2e396c574630,98a2cd8f-27f3-54b3-a80a-10e08de1d82c,0b4a6e3b-d5cd-5d10-87c4-ab6fda0aa831,pending,2026-07-28
c493d31d-cdad-5f31-be8e-b8075cb51bbc,98a2cd8f-27f3-54b3-a80a-10e08de1d82c,018fefc2-38fb-5f92-8391-2fe032547753,active,2026-06-28
a7ba7a6e-67cf-50c8-9d3c-dd0620aa71a9,98a2cd8f-27f3-54b3-a80a-10e08de1d82c,69d2e248-598e-501c-a2eb-fb4fb8ccf487,active,2025-11-23
eade8a31-bd44-5280-b23e-5baef8b1d3b7,98a2cd8f-27f3-54b3-a80a-10e08de1d82c,4b343160-5928-5bdb-83ef-2c0f9faba1dd,active,2025-11-12
8b4eeb0c-4ef7-536e-85ed-accf7a9c5525,98a2cd8f-27f3-54b3-a80a-10e08de1d82c,868b1dbf-370d-5142-be8c-5a80dfad818d,active,2026-08-16
be46b4d9-b3bc-5e01-aa29-ed4bfebc8297,98a2cd8f-27f3-54b3-a80a-10e08de1d82c,9502494a-7b3f-5213-8df6-4e5e5e22101f,active,2026-06-15
8a5c3dc8-7e7e-58db-ac62-bdb59cfbd178,98a2cd8f-27f3-54b3-a80a-10e08de1d82c,a9db23aa-1685-5f58-8beb-3c1c13702b6a,active,2025-10-13
4a15de1c-652e-58aa-9bf8-c10fae417505,98a2cd8f-27f3-54b3-a80a-10e08de1d82c,f080ca1b-6cb2-5242-98ed-4612ac098b94,active,2026-03-06
19f3ddee-efa9-5974-86ad-1afc8dd88ab9,db830ed2-6d24-5e64-8a87-ea672f8ac04a,0b4a6e3b-d5cd-5d10-87c4-ab6fda0aa831,active,2025-11-05
67b913d0-d628-5539-b968-0e0fe5ede462,db830ed2-6d24-5e64-8a87-ea672f8ac04a,018fefc2-38fb-5f92-8391-2fe032547753,active,2026-08-06
3c561d88-b9f2-55d5-8dcc-992507bde78c,db830ed2-6d24-5e64-8a87-ea672f8ac04a,fc407d89-26e4-55ce-a2dc-fdae931500f1,active,2026-03-14
7e9ec334-3959-5152-b1a0-a2ed0e06bbdf,4e810bf7-5af1-592a-82b5-2e47d61a7915,0b4a6e3b-d5cd-5d10-87c4-ab6fda0aa831,active,2026-01-06
c1601b71-7868-503d-8bc3-57513f1cdf87,4e810bf7-5af1-592a-82b5-2e47d61a7915,018fefc2-38fb-5f92-8391-2fe032547753,active,2025-10-16
168fb04b-2607-51c4-b5b2-10b0801017fc,4e810bf7-5af1-592a-82b5-2e47d61a7915,a9db23aa-1685-5f58-8beb-3c1c13702b6a,active,2025-11-07
5f6b6e23-692a-5543-8160-58f9856827d2,4e810bf7-5af1-592a-82b5-2e47d61a7915,4b343160-5928-5bdb-83ef-2c0f9faba1dd,active,2026-08-17
2817bb15-49be-520f-aa74-7a8e748cce50,4e810bf7-5af1-592a-82b5-2e47d61a7915,868b1dbf-370d-5142-be8c-5a80dfad818d,active,2026-01-31
ff4daf14-f25e-511b-a2a8-c580deaaba13,b720f7b3-1de3-569d-9baa-325f7e6aaa02,0b4a6e3b-d5cd-5d10-87c4-ab6fda0aa831,active,2026-05-25
7a15d112-41dd-5b6b-bab3-7bfbef5c1b50,b720f7b3-1de3-569d-9baa-325f7e6aaa02,018fefc2-38fb-5f92-8391-2fe032547753,pending,2026-04-09
3fe5fed0-68db-5e50-9320-18d4ad218b86,b720f7b3-1de3-569d-9baa-325f7e6aaa02,f080ca1b-6cb2-5242-98ed-4612ac098b94,pending,2025-09-15
10d17921-15c1-501f-92e6-52152a7ca587,b720f7b3-1de3-569d-9baa-325f7e6aaa02,9502494a-7b3f-5213-8df6-4e5e5e22101f,active,2026-08-05
cde5b38d-1f9a-57dc-92eb-47173b46f3ca,c306d1d1-d552-5f86-9c19-aa19bcd85559,0b4a6e3b-d5cd-5d10-87c4-ab6fda0aa831,active,2025-12-20
632be9f9-adf8-555b-a1b0-cda4d9d680ee,c306d1d1-d552-5f86-9c19-aa19bcd85559,018fefc2-38fb-5f92-8391-2fe032547753,active,2025-11-30
30257e04-689c-5515-9d01-d39acd03e27c,c306d1d1-d552-5f86-9c19-aa19bcd85559,0a1506ca-ede6-548b-91b8-0730277089b0,active,2026-05-22
15e6a202-16d4-504e-a0e3-491d3432ff66,c306d1d1-d552-5f86-9c19-aa19bcd85559,69d2e248-598e-501c-a2eb-fb4fb8ccf487,active,2025-12-09
50f1d142-f9e7-53bf-a8d5-c15acf59e410,09bafe42-8b3d-575e-9484-7efccddcc10d,0b4a6e3b-d5cd-5d10-87c4-ab6fda0aa831,inactive,2025-12-28
d866a0e9-b2ed-5954-800e-32b90269383a,09bafe42-8b3d-575e-9484-7efccddcc10d,018fefc2-38fb-5f92-8391-2fe032547753,active,2026-02-07
81237759-3473-5a3d-a1c5-1187d015dd2f,09bafe42-8b3d-575e-9484-7efccddcc10d,0a1506ca-ede6-548b-91b8-0730277089b0,inactive,2025-12-06
cf44192e-34f3-5d2d-ab17-29552ceb07f1,09bafe42-8b3d-575e-9484-7efccddcc10d,868b1dbf-370d-5142-be8c-5a80dfad818d,active,2025-11-28
1ccc649c-7160-587f-9298-82de44f7aa24,09bafe42-8b3d-575e-9484-7efccddcc10d,69d2e248-598e-501c-a2eb-fb4fb8ccf487,inactive,2026-08-19
35137ab5-4ba3-59cd-aac2-61463eb676d3,09bafe42-8b3d-575e-9484-7efccddcc10d,a9db23aa-1685-5f58-8beb-3c1c13702b6a,inactive,2026-03-17
2e3a4c00-62f2-5035-b6d6-60e67281042c,09bafe42-8b3d-575e-9484-7efccddcc10d,9502494a-7b3f-5213-8df6-4e5e5e22101f,active,2025-12-21
20c072eb-481b-50ea-bfa6-6b1214ebf2c5,09bafe42-8b3d-575e-9484-7efccddcc10d,fc407d89-26e4-55ce-a2dc-fdae931500f1,active,2026-04-26
4081eb2f-a28a-5366-884e-b186aab6644e,ff47efd1-8a4b-5f50-99f8-03a2b30b97c3,0b4a6e3b-d5cd-5d10-87c4-ab6fda0aa831,active,2026-04-12
83ed0646-37f2-5049-bd37-0585ea06279b,ff47efd1-8a4b-5f50-99f8-03a2b30b97c3,018fefc2-38fb-5f92-8391-2fe032547753,inactive,2025-09-28
12065124-2ae1-55b8-951b-37a65ce5d280,ff47efd1-8a4b-5f50-99f8-03a2b30b97c3,f080ca1b-6cb2-5242-98ed-4612ac098b94,active,2026-03-17
d03cd651-25d2-5099-8958-94cf1b00db76,1dc44f1a-55d6-5e25-b5ed-116f65034929,0b4a6e3b-d5cd-5d10-87c4-ab6fda0aa831,active,2026-05-08
4642dced-a89b-5d4d-8cb5-0edb69f04036,1dc44f1a-55d6-5e25-b5ed-116f65034929,018fefc2-38fb-5f92-8391-2fe032547753,active,2026-08-28
6174f419-d8a4-5ecc-81b3-3d9ee4e624e7,1dc44f1a-55d6-5e25-b5ed-116f65034929,9502494a-7b3f-5213-8df6-4e5e5e22101f,active,2026-02-07
1d98727e-9639-5686-9547-05c8cd53a782,1dc44f1a-55d6-5e25-b5ed-116f65034929,0a1506ca-ede6-548b-91b8-0730277089b0,active,2026-01-31
470e5f46-7a7d-599d-94f4-d340d47c8aa5,1dc44f1a-55d6-5e25-b5ed-116f65034929,4b343160-5928-5bdb-83ef-2c0f9faba1dd,active,2026-05-14
b6939855-9762-5aa6-a4d2-edbc1bf3023a,1dc44f1a-55d6-5e25-b5ed-116f65034929,a9db23aa-1685-5f58-8beb-3c1c13702b6a,inactive,2026-07-06
ec71131a-7a23-50e1-a0ba-bbba42475d0b,1dc44f1a-55d6-5e25-b5ed-116f65034929,f080ca1b-6cb2-5242-98ed-4612ac098b94,inactive,2026-04-17
54993761-9c0b-5df9-8c63-0aa10097d655,427f9d9f-f780-5eff-a8b5-43091838f0f7,0b4a6e3b-d5cd-5d10-87c4-ab6fda0aa831,pending,2026-05-24
2eaafbdd-5342-55db-a5df-e5165ec62263,427f9d9f-f780-5eff-a8b5-43091838f0f7,018fefc2-38fb-5f92-8391-2fe032547753,active,2026-05-29
5aa8ac8c-0ed1-5f5c-a3b8-dc05ecac9c85,427f9d9f-f780-5eff-a8b5-43091838f0f7,868b1dbf-370d-5142-be8c-5a80dfad818d,active,2026-08-12
72d7d150-936d-5352-92f8-64f60a797d82,427f9d9f-f780-5eff-a8b5-43091838f0f7,69d2e248-598e-501c-a2eb-fb4fb8ccf487,active,2025-11-28
e7c7db6c-3010-5f57-8314-1dc3dec6301c,427f9d9f-f780-5eff-a8b5-43091838f0f7,a9db23aa-1685-5f58-8beb-3c1c13702b6a,active,2026-01-05
e6626126-639c-5a54-b6c6-abe2b815e74a,427f9d9f-f780-5eff-a8b5-43091838f0f7,f080ca1b-6cb2-5242-98ed-4612ac098b94,active,2026-08-17
55427c15-5072-59ab-869a-f3a44695d438,427f9d9f-f780-5eff-a8b5-43091838f0f7,9502494a-7b3f-5213-8df6-4e5e5e22101f,active,2025-12-24
b66db4e5-d9f8-5ea5-920a-c3868f6dedd0,427f9d9f-f780-5eff-a8b5-43091838f0f7,4b343160-5928-5bdb-83ef-2c0f9faba1dd,active,2025-09-19
af7e031c-cbc9-565f-9b92-12c74ab3984f,8142324f-d48d-5bdb-8f98-c69443f549f2,0b4a6e3b-d5cd-5d10-87c4-ab6fda0aa831,inactive,2026-03-24
9b223091-935b-5ce3-a93a-cfcd64ded131,8142324f-d48d-5bdb-8f98-c69443f549f2,018fefc2-38fb-5f92-8391-2fe032547753,active,2026-05-15
85976918-220d-5283-aa58-1f518dd78e9c,8142324f-d48d-5bdb-8f98-c69443f549f2,f080ca1b-6cb2-5242-98ed-4612ac098b94,active,2025-11-18
b1d5575d-a919-55b6-98d5-04c2e1411409,d9f66c50-00e3-50ee-aba1-3b4fbff20621,0b4a6e3b-d5cd-5d10-87c4-ab6fda0aa831,pending,2025-10-19
8139e826-2b01-5810-bdf8-64af7a4cab67,d9f66c50-00e3-50ee-aba1-3b4fbff20621,018fefc2-38fb-5f92-8391-2fe032547753,active,2026-01-13
76569ff9-ff28-50a2-98e3-4adb11687618,d9f66c50-00e3-50ee-aba1-3b4fbff20621,fc407d89-26e4-55ce-a2dc-fdae931500f1,active,2026-08-10
162b640f-c2ad-5768-8bf6-19a746bf498b,d9f66c50-00e3-50ee-aba1-3b4fbff20621,0a1506ca-ede6-548b-91b8-0730277089b0,active,2025-10-17
71204270-907d-5f03-bf48-ef25ff1debfe,d9f66c50-00e3-50ee-aba1-3b4fbff20621,f080ca1b-6cb2-5242-98ed-4612ac098b94,active,2026-06-05
3ef4dcb3-19a9-5ad0-8657-89f07903b8be,d9f66c50-00e3-50ee-aba1-3b4fbff20621,69d2e248-598e-501c-a2eb-fb4fb8ccf487,active,2025-10-09
0eed08f4-9bb4-52f0-ae25-eef00bf56b01,7a6dd826-3bbe-5069-88f6-a5c8a8e58300,0b4a6e3b-d5cd-5d10-87c4-ab6fda0aa831,inactive,2026-02-16
e4fe46fe-4e05-5f71-b993-0346b243a605,7a6dd826-3bbe-5069-88f6-a5c8a8e58300,018fefc2-38fb-5f92-8391-2fe032547753,active,2026-08-03
235f8097-f99a-54a1-ad80-7ecd980357a6,7a6dd826-3bbe-5069-88f6-a5c8a8e58300,868b1dbf-370d-5142-be8c-5a80dfad818d,active,2026-03-02
873ce9a4-c732-563a-9d1d-bbdc7d9b288a,7a6dd826-3bbe-5069-88f6-a5c8a8e58300,a9db23aa-1685-5f58-8beb-3c1c13702b6a,inactive,2026-05-05
4ca184d5-31a1-5030-9e35-bdf37e8fea06,7a6dd826-3bbe-5069-88f6-a5c8a8e58300,69d2e248-598e-501c-a2eb-fb4fb8ccf487,inactive,2026-05-24
484bd31f-695e-5b8a-86f5-2ce666a1a1d5,94dbc777-5f73-54ae-a008-26026528a42a,0b4a6e3b-d5cd-5d10-87c4-ab6fda0aa831,active,2026-06-04
7e275d26-d695-547d-bb74-dc2ee9698e76,94dbc777-5f73-54ae-a008-26026528a42a,018fefc2-38fb-5f92-8391-2fe032547753,active,2025-11-12
e6d6599a-c8d9-5d8d-b1fa-ab2ba62c3f0f,94dbc777-5f73-54ae-a008-26026528a42a,4b343160-5928-5bdb-83ef-2c0f9faba1dd,active,2025-09-07
d211e585-0d6e-56d8-a07b-65b1f2e353e0,94dbc777-5f73-54ae-a008-26026528a42a,9502494a-7b3f-5213-8df6-4e5e5e22101f,inactive,2026-07-24
823bb1be-e051-5bdc-8619-12a67a279473,9cbcbf81-121b-5b0c-903c-99b4791db0b4,0b4a6e3b-d5cd-5d10-87c4-ab6fda0aa831,active,2026-01-20
ce90f4d3-164d-51f4-bda8-08b47383e4a1,9cbcbf81-121b-5b0c-903c-99b4791db0b4,018fefc2-38fb-5f92-8391-2fe032547753,active,2026-07-18
abeab424-5354-5c6b-b5b0-8c33c1519168,9cbcbf81-121b-5b0c-903c-99b4791db0b4,a9db23aa-1685-5f58-8beb-3c1c13702b6a,active,2026-04-15
feb5fea3-d4e4-5f1c-96ea-1c1aab752b0a,9cbcbf81-121b-5b0c-903c-99b4791db0b4,9502494a-7b3f-5213-8df6-4e5e5e22101f,active,2026-02-27
9ad1b80c-138e-5618-b637-c090464db4d2,9cbcbf81-121b-5b0c-903c-99b4791db0b4,fc407d89-26e4-55ce-a2dc-fdae931500f1,active,2026-01-29
45c5d15e-59ab-5733-bece-e62bdcf2bd9a,9cbcbf81-121b-5b0c-903c-99b4791db0b4,0a1506ca-ede6-548b-91b8-0730277089b0,active,2025-11-24
62881015-e2aa-596f-a94e-0fd269db52ca,9cbcbf81-121b-5b0c-903c-99b4791db0b4,69d2e248-598e-501c-a2eb-fb4fb8ccf487,active,2026-04-21
df0bca86-8252-550e-8561-028f5e48393d,9cbcbf81-121b-5b0c-903c-99b4791db0b4,868b1dbf-370d-5142-be8c-5a80dfad818d,inactive,2025-12-09
60d20ca8-561b-5160-82ff-a798b598c229,ea87ee94-68c2-55ee-8557-984c85c321d5,0b4a6e3b-d5cd-5d10-87c4-ab6fda0aa831,active,2025-09-18
d7a8b47d-98a4-5fc3-88f6-2a6536568fb7,ea87ee94-68c2-55ee-8557-984c85c321d5,018fefc2-38fb-5f92-8391-2fe032547753,inactive,2025-09-02
8496217d-1270-5d36-b565-4aefa7a791c3,ea87ee94-68c2-55ee-8557-984c85c321d5,0a1506ca-ede6-548b-91b8-0730277089b0,inactive,2026-07-29
6de98f04-2e62-589c-b851-a7f8b7e7e959,439a175d-5bda-5628-b38b-616bbe987f8b,0b4a6e3b-d5cd-5d10-87c4-ab6fda0aa831,active,2026-04-13
91c51140-31d5-5bc7-b1c0-23207a724ffa,439a175d-5bda-5628-b38b-616bbe987f8b,018fefc2-38fb-5f92-8391-2fe032547753,active,2026-06-26
fd2cfc23-4efb-54b0-911a-bc136fe9fad6,439a175d-5bda-5628-b38b-616bbe987f8b,f080ca1b-6cb2-5242-98ed-4612ac098b94,active,2026-06-09
83187642-baff-57a9-965f-d2d3f65b3f01,439a175d-5bda-5628-b38b-616bbe987f8b,9502494a-7b3f-5213-8df6-4e5e5e22101f,active,2026-06-01
87184a29-ea93-5e12-b3a8-7914a443e9bd,439a175d-5bda-5628-b38b-616bbe987f8b,fc407d89-26e4-55ce-a2dc-fdae931500f1,active,2025-09-29
07cc2c49-59a4-52b7-8a29-9b69cbe95fbb,439a175d-5bda-5628-b38b-616bbe987f8b,69d2e248-598e-501c-a2eb-fb4fb8ccf487,active,2026-06-03
74c510d7-49c1-5556-8bd6-2d8821f2f8a6,439a175d-5bda-5628-b38b-616bbe987f8b,a9db23aa-1685-5f58-8beb-3c1c13702b6a,active,2026-08-05
841e9bff-f875-5129-b981-fc29878ea36f,439a175d-5bda-5628-b38b-616bbe987f8b,0a1506ca-ede6-548b-91b8-0730277089b0,active,2026-03-03
635d7ea7-049a-58d7-9abb-80fc0c58f9b7,da1b9899-2b18-55df-8363-bdcc9fd96f87,0b4a6e3b-d5cd-5d10-87c4-ab6fda0aa831,inactive,2026-04-14
b02baa7a-0cd2-51fa-9d3e-f1b21c562489,da1b9899-2b18-55df-8363-bdcc9fd96f87,018fefc2-38fb-5f92-8391-2fe032547753,inactive,2025-09-27
8e613c24-920a-5d92-91ae-bda307877ca6,da1b9899-2b18-55df-8363-bdcc9fd96f87,fc407d89-26e4-55ce-a2dc-fdae931500f1,inactive,2026-07-17
e5b4796e-e493-504d-a3ad-e269ac3d0633,da1b9899-2b18-55df-8363-bdcc9fd96f87,f080ca1b-6cb2-5242-98ed-4612ac098b94,active,2026-05-24
770fc551-5b04-589c-868a-648455a4fb8e,5ebc4ac0-b6fd-5394-a3fa-32214fb0d1ed,0b4a6e3b-d5cd-5d10-87c4-ab6fda0aa831,active,2025-12-09
6d1b6084-d7fd-54ba-9a39-a13d6dd303d6,5ebc4ac0-b6fd-5394-a3fa-32214fb0d1ed,018fefc2-38fb-5f92-8391-2fe032547753,active,2026-02-17
dbb14ee4-0044-54ac-b841-997db16175ca,5ebc4ac0-b6fd-5394-a3fa-32214fb0d1ed,69d2e248-598e-501c-a2eb-fb4fb8ccf487,active,2026-08-27
3c296a03-ef10-51d9-bf1c-9b441f66107c,5ebc4ac0-b6fd-5394-a3fa-32214fb0d1ed,868b1dbf-370d-5142-be8c-5a80dfad818d,active,2025-10-23
4e7d3fd3-699c-5637-9ba0-1efed6058bb1,5ebc4ac0-b6fd-5394-a3fa-32214fb0d1ed,f080ca1b-6cb2-5242-98ed-4612ac098b94,active,2026-01-25
f68811c0-b100-5b8e-9147-27ce3f158caf,5ebc4ac0-b6fd-5394-a3fa-32214fb0d1ed,4b343160-5928-5bdb-83ef-2c0f9faba1dd,active,2025-11-18
3b6ad847-d5bc-5196-99ab-c1722bfb820c,5ebc4ac0-b6fd-5394-a3fa-32214fb0d1ed,0a1506ca-ede6-548b-91b8-0730277089b0,active,2026-04-14
e5dd9bd1-f193-54ac-8523-4d35b7a4845b,d8a8c25a-83f4-553e-85da-eeb06bc631d5,0b4a6e3b-d5cd-5d10-87c4-ab6fda0aa831,active,2025-12-24
18c2cd89-998a-5259-a760-024c62ce2189,d8a8c25a-83f4-553e-85da-eeb06bc631d5,018fefc2-38fb-5f92-8391-2fe032547753,inactive,2026-06-16
9fca560a-ddc7-5bfa-b589-951cc0d49d03,d8a8c25a-83f4-553e-85da-eeb06bc631d5,0a1506ca-ede6-548b-91b8-0730277089b0,active,2026-08-24
ffdf2e28-902b-5988-88f8-f87e61eaedba,d8a8c25a-83f4-553e-85da-eeb06bc631d5,f080ca1b-6cb2-5242-98ed-4612ac098b94,active,2026-05-26
96d800ca-b74e-5843-9866-4ced6fbcdfa3,56ef6120-c26a-5fa3-bb79-d25bb308fffc,0b4a6e3b-d5cd-5d10-87c4-ab6fda0aa831,active,2025-12-01
99430ff0-d348-5bd6-8cf5-42c3211989c5,56ef6120-c26a-5fa3-bb79-d25bb308fffc,018fefc2-38fb-5f92-8391-2fe032547753,active,2025-12-17
da009295-0826-585d-89ae-0b5fa153d70e,56ef6120-c26a-5fa3-bb79-d25bb308fffc,868b1dbf-370d-5142-be8c-5a80dfad818d,active,2025-10-08
aae44ed6-3449-5085-afd5-c5b212364523,56ef6120-c26a-5fa3-bb79-d25bb308fffc,a9db23aa-1685-5f58-8beb-3c1c13702b6a,active,2026-01-09
70bf35e4-58a0-5a59-a66d-a6cba2f1619c,56ef6120-c26a-5fa3-bb79-d25bb308fffc,f080ca1b-6cb2-5242-98ed-4612ac098b94,active,2026-05-04
c80fd1ab-3a5c-5204-aeb2-766d762bb9e2,56ef6120-c26a-5fa3-bb79-d25bb308fffc,9502494a-7b3f-5213-8df6-4e5e5e22101f,active,2026-07-23
e79837f1-5fbd-501a-852e-d70efeeaff1e,e26e2f93-108c-5aa6-8747-5e6f662730ac,0b4a6e3b-d5cd-5d10-87c4-ab6fda0aa831,active,2026-01-27
82596b1b-ffaf-5e9a-8f75-0c6f8bbf363c,e26e2f93-108c-5aa6-8747-5e6f662730ac,018fefc2-38fb-5f92-8391-2fe032547753,active,2026-06-08
f1ec6ddc-7fb3-5a7b-9faf-0fdbd909e518,e26e2f93-108c-5aa6-8747-5e6f662730ac,4b343160-5928-5bdb-83ef-2c0f9faba1dd,active,2026-03-16
8084a685-e6cf-590f-8883-8328a2dbe366,242e361d-cdf2-546c-a27c-61a39044493c,0b4a6e3b-d5cd-5d10-87c4-ab6fda0aa831,active,2026-05-30
4361615e-36f7-5352-8023-2a0ad1c60538,242e361d-cdf2-546c-a27c-61a39044493c,018fefc2-38fb-5f92-8391-2fe032547753,active,2026-03-30
a85247ad-a92e-510e-94bc-867eb0afcb94,242e361d-cdf2-546c-a27c-61a39044493c,69d2e248-598e-501c-a2eb-fb4fb8ccf487,inactive,2026-05-27
6d6c8903-ab7a-5b86-a6f6-ce6d7c1c7fb0,abd2d874-8c3d-55b3-b4ab-abad8c49918f,0b4a6e3b-d5cd-5d10-87c4-ab6fda0aa831,active,2026-07-10
9bfb55e8-21ae-5f9f-9f2b-5ba54d7c3dab,abd2d874-8c3d-55b3-b4ab-abad8c49918f,018fefc2-38fb-5f92-8391-2fe032547753,active,2025-11-30
f92de930-a5cd-5c4c-87e5-8924662a3e90,abd2d874-8c3d-55b3-b4ab-abad8c49918f,868b1dbf-370d-5142-be8c-5a80dfad818d,active,2026-08-01
f657119c-7881-51af-b104-8105a237dd14,abd2d874-8c3d-55b3-b4ab-abad8c49918f,0a1506ca-ede6-548b-91b8-0730277089b0,active,2026-03-04
455eb104-be3f-5123-85ee-15beddc2dbe8,abd2d874-8c3d-55b3-b4ab-abad8c49918f,4b343160-5928-5bdb-83ef-2c0f9faba1dd,active,2026-03-03
fd0c8661-7b9e-5547-aeb3-ad837000155e,658a0dac-8301-5979-8a2d-e6706358d4ec,0b4a6e3b-d5cd-5d10-87c4-ab6fda0aa831,active,2026-01-30
898d17d6-d51e-50bc-aefe-64bb4b092a98,658a0dac-8301-5979-8a2d-e6706358d4ec,018fefc2-38fb-5f92-8391-2fe032547753,active,2026-08-13
e502ad74-3556-5643-bf32-21ed55daa0dd,658a0dac-8301-5979-8a2d-e6706358d4ec,868b1dbf-370d-5142-be8c-5a80dfad818d,active,2026-08-20
af03533d-2751-5a6e-8b2a-93722e5f3bcb,658a0dac-8301-5979-8a2d-e6706358d4ec,4b343160-5928-5bdb-83ef-2c0f9faba1dd,active,2026-04-01
e0313672-8e69-50c9-b2ab-e089a92eb57a,658a0dac-8301-5979-8a2d-e6706358d4ec,f080ca1b-6cb2-5242-98ed-4612ac098b94,inactive,2026-08-14
27cddb41-850e-5e6f-92d7-4320d7ed2c8a,658a0dac-8301-5979-8a2d-e6706358d4ec,69d2e248-598e-501c-a2eb-fb4fb8ccf487,active,2025-12-12
4bd0694c-f7db-505e-b183-806855af7b7b,658a0dac-8301-5979-8a2d-e6706358d4ec,fc407d89-26e4-55ce-a2dc-fdae931500f1,active,2026-06-29
48e49ef6-032c-58a4-8536-f8791efa50d2,ce7b97f5-df91-5236-a502-770b786b89e8,0b4a6e3b-d5cd-5d10-87c4-ab6fda0aa831,active,2026-08-11
c0634d6a-d529-596c-a9b5-e5bf0bdfc52d,ce7b97f5-df91-5236-a502-770b786b89e8,018fefc2-38fb-5f92-8391-2fe032547753,active,2026-01-12
3fd9c606-ddfd-50e1-851b-18fc9efdb7aa,ce7b97f5-df91-5236-a502-770b786b89e8,868b1dbf-370d-5142-be8c-5a80dfad818d,active,2025-11-05
8d48ac48-a67d-559e-bd1f-c6078615b066,ce7b97f5-df91-5236-a502-770b786b89e8,69d2e248-598e-501c-a2eb-fb4fb8ccf487,active,2026-05-14
371c79b8-a489-5b86-958f-837a5a6ec21b,e870a468-733a-59a7-9f6a-e997737766e3,0b4a6e3b-d5cd-5d10-87c4-ab6fda0aa831,active,2026-02-25
d63e0323-cfc9-5009-b7b9-1ff9dd59e3fb,e870a468-733a-59a7-9f6a-e997737766e3,018fefc2-38fb-5f92-8391-2fe032547753,active,2026-06-15
549ecf54-73ef-5d1a-913d-0b216693a64a,e870a468-733a-59a7-9f6a-e997737766e3,fc407d89-26e4-55ce-a2dc-fdae931500f1,active,2025-10-18
a1873a97-91e9-5e72-b283-2c160ef38ab0,e870a468-733a-59a7-9f6a-e997737766e3,9502494a-7b3f-5213-8df6-4e5e5e22101f,active,2025-12-03
552edd9d-ea9e-55d4-af6f-2d425df4a4fa,e870a468-733a-59a7-9f6a-e997737766e3,69d2e248-598e-501c-a2eb-fb4fb8ccf487,pending,2026-05-19
bc5e4ec2-9e7a-5d06-a415-9ff936301ec0,e870a468-733a-59a7-9f6a-e997737766e3,f080ca1b-6cb2-5242-98ed-4612ac098b94,active,2026-04-30
086bbdba-90c1-5a51-95c1-102cfdcfcd3d,e870a468-733a-59a7-9f6a-e997737766e3,0a1506ca-ede6-548b-91b8-0730277089b0,active,2025-09-13
a5a4fe85-baa6-5cf3-a23d-7dc69a87680c,e870a468-733a-59a7-9f6a-e997737766e3,a9db23aa-1685-5f58-8beb-3c1c13702b6a,active,2026-08-28
d672e218-9623-5b1a-b8a9-92447711890d,e83864e6-07f4-5211-a4b3-2521570d7ea4,0b4a6e3b-d5cd-5d10-87c4-ab6fda0aa831,active,2026-04-23
0621de32-e0a6-5fff-b2f5-81f39a3a9e37,e83864e6-07f4-5211-a4b3-2521570d7ea4,018fefc2-38fb-5f92-8391-2fe032547753,active,2025-09-22
6b8116bf-9029-57fd-8c52-7c99531d8bd4,e83864e6-07f4-5211-a4b3-2521570d7ea4,0a1506ca-ede6-548b-91b8-0730277089b0,active,2025-11-26
9b7081ef-3e05-5bbc-95da-04d4cbde019c,e83864e6-07f4-5211-a4b3-2521570d7ea4,f080ca1b-6cb2-5242-98ed-4612ac098b94,active,2025-11-05
e1b5b817-ac03-54b9-934d-375e9b189ba1,e83864e6-07f4-5211-a4b3-2521570d7ea4,fc407d89-26e4-55ce-a2dc-fdae931500f1,active,2026-07-15
0f8cce2e-0502-5ecb-ad0e-938476c6d8f0,e83864e6-07f4-5211-a4b3-2521570d7ea4,9502494a-7b3f-5213-8df6-4e5e5e22101f,active,2025-12-26
3ae9bc09-04b6-572a-b413-65f548614cd6,998f4b20-a2cd-5811-b852-680e154e3370,0b4a6e3b-d5cd-5d10-87c4-ab6fda0aa831,active,2025-10-28
e9ad2680-05f9-5d5a-b715-b6621baabc0f,998f4b20-a2cd-5811-b852-680e154e3370,018fefc2-38fb-5f92-8391-2fe032547753,active,2026-04-09
4993aacd-6d8f-57c9-a58b-cee040ac58d7,998f4b20-a2cd-5811-b852-680e154e3370,0a1506ca-ede6-548b-91b8-0730277089b0,pending,2025-12-13
7889f1bb-2b65-5c79-9284-2f2e82aeeed0,998f4b20-a2cd-5811-b852-680e154e3370,4b343160-5928-5bdb-83ef-2c0f9faba1dd,active,2026-01-21
a1ce59df-d84d-5339-8e5a-34725c4a657d,998f4b20-a2cd-5811-b852-680e154e3370,69d2e248-598e-501c-a2eb-fb4fb8ccf487,active,2025-11-25
6a19705e-394c-5deb-9f16-38d117f698a2,9650ad8e-ef6a-5f37-a5e4-f6691a8324fb,0b4a6e3b-d5cd-5d10-87c4-ab6fda0aa831,pending,2025-10-18
c790e8cc-f64b-506f-b0ef-b0eb24e18a1a,9650ad8e-ef6a-5f37-a5e4-f6691a8324fb,018fefc2-38fb-5f92-8391-2fe032547753,active,2025-11-24
7a7a9264-ca37-5dcd-ba8d-8a9f0c094d80,9650ad8e-ef6a-5f37-a5e4-f6691a8324fb,0a1506ca-ede6-548b-91b8-0730277089b0,active,2025-11-13
ef63aca7-60a4-58cf-a493-57c9d02598e4,9650ad8e-ef6a-5f37-a5e4-f6691a8324fb,a9db23aa-1685-5f58-8beb-3c1c13702b6a,active,2026-07-11
a8b8fe73-98ba-5213-8c6c-79190bf41d21,9650ad8e-ef6a-5f37-a5e4-f6691a8324fb,f080ca1b-6cb2-5242-98ed-4612ac098b94,active,2026-05-22
91428561-4345-579f-82f1-135fb42971dc,03958e6b-9d1f-5ee2-ad79-05cb551f2f8b,0b4a6e3b-d5cd-5d10-87c4-ab6fda0aa831,active,2026-04-18
7db7620e-e965-572f-91da-5c7c3cc18d48,03958e6b-9d1f-5ee2-ad79-05cb551f2f8b,018fefc2-38fb-5f92-8391-2fe032547753,active,2026-07-14
bc046e4e-07ee-57b6-976a-8e866f665fca,03958e6b-9d1f-5ee2-ad79-05cb551f2f8b,f080ca1b-6cb2-5242-98ed-4612ac098b94,active,2025-09-16
f3dff82c-b044-5d20-897f-c18ef198a3b1,03958e6b-9d1f-5ee2-ad79-05cb551f2f8b,a9db23aa-1685-5f58-8beb-3c1c13702b6a,active,2025-09-03
988b3117-a627-5b80-b414-42ad4fbaae40,03958e6b-9d1f-5ee2-ad79-05cb551f2f8b,868b1dbf-370d-5142-be8c-5a80dfad818d,active,2025-11-08
6f6bc3f5-2e8b-5108-a114-b232289d3d08,76da179c-4d8c-522f-99fc-aa130e0c2abc,0b4a6e3b-d5cd-5d10-87c4-ab6fda0aa831,active,2026-03-11
ac3fd805-d42d-56ad-9385-e9fcf5e0f7b2,76da179c-4d8c-522f-99fc-aa130e0c2abc,018fefc2-38fb-5f92-8391-2fe032547753,active,2025-10-04
7ac6d484-a420-5e4f-93a4-bf20b051a4d3,76da179c-4d8c-522f-99fc-aa130e0c2abc,f080ca1b-6cb2-5242-98ed-4612ac098b94,active,2026-08-12
5a11a728-2b4a-5e8c-9401-1ada4175dae8,76da179c-4d8c-522f-99fc-aa130e0c2abc,fc407d89-26e4-55ce-a2dc-fdae931500f1,active,2026-06-22
6d936e1a-3863-53f6-bea9-9c9f24a1419a,76da179c-4d8c-522f-99fc-aa130e0c2abc,0a1506ca-ede6-548b-91b8-0730277089b0,active,2025-10-21
bee0a655-f2da-5b5a-8727-5247ac4b23c5,76da179c-4d8c-522f-99fc-aa130e0c2abc,868b1dbf-370d-5142-be8c-5a80dfad818d,active,2026-03-17
6141555a-8ff4-5b59-912e-a7839b7aa0c4,76da179c-4d8c-522f-99fc-aa130e0c2abc,a9db23aa-1685-5f58-8beb-3c1c13702b6a,active,2026-03-20
88691c26-9328-510e-bf8e-60ed7f1c589f,76da179c-4d8c-522f-99fc-aa130e0c2abc,4b343160-5928-5bdb-83ef-2c0f9faba1dd,active,2026-02-26
2450c966-e8c9-53cc-a442-50d1a29189f1,3c825b3e-c310-59a5-acd2-7a5d9230cf79,0b4a6e3b-d5cd-5d10-87c4-ab6fda0aa831,active,2026-08-11
9f7a8948-df7d-5acd-b70a-11524765ebef,3c825b3e-c310-59a5-acd2-7a5d9230cf79,018fefc2-38fb-5f92-8391-2fe032547753,inactive,2026-01-20
14dde85b-bb01-5748-8d56-cf2ad001cf7c,3c825b3e-c310-59a5-acd2-7a5d9230cf79,0a1506ca-ede6-548b-91b8-0730277089b0,active,2026-03-07
187c036c-121d-52b7-b9ee-2cc23a1bb133,3c825b3e-c310-59a5-acd2-7a5d9230cf79,a9db23aa-1685-5f58-8beb-3c1c13702b6a,active,2026-01-03
dad490fd-e483-589f-b0b0-815c1f7cbdfd,3c825b3e-c310-59a5-acd2-7a5d9230cf79,69d2e248-598e-501c-a2eb-fb4fb8ccf487,active,2025-10-02
146d1452-4132-5136-ae24-6cda4841fcb5,b788ae1f-d5be-5ee9-b9cb-a14e4df00051,0b4a6e3b-d5cd-5d10-87c4-ab6fda0aa831,active,2026-02-22
2e94bddb-b8e8-5214-b134-48ea48084c00,b788ae1f-d5be-5ee9-b9cb-a14e4df00051,018fefc2-38fb-5f92-8391-2fe032547753,active,2025-11-14
6f1bc763-db25-54f9-9ca3-9316f04ac77f,b788ae1f-d5be-5ee9-b9cb-a14e4df00051,f080ca1b-6cb2-5242-98ed-4612ac098b94,active,2025-10-04
b0a91b7b-0b5c-5fe2-85d8-87739ebc717f,b788ae1f-d5be-5ee9-b9cb-a14e4df00051,a9db23aa-1685-5f58-8beb-3c1c13702b6a,active,2026-04-15
25308ba9-5e8e-59da-a776-8d2b7ce6e0d4,b788ae1f-d5be-5ee9-b9cb-a14e4df00051,0a1506ca-ede6-548b-91b8-0730277089b0,active,2025-09-29
3cb6a6b3-a238-5f2c-ab15-c6575769e642,b788ae1f-d5be-5ee9-b9cb-a14e4df00051,9502494a-7b3f-5213-8df6-4e5e5e22101f,active,2025-11-19
c115757d-368a-58c3-a253-c1252396a6eb,b788ae1f-d5be-5ee9-b9cb-a14e4df00051,fc407d89-26e4-55ce-a2dc-fdae931500f1,active,2025-12-30
35838d42-0de8-5b9d-ab78-a092f26b3982,b788ae1f-d5be-5ee9-b9cb-a14e4df00051,69d2e248-598e-501c-a2eb-fb4fb8ccf487,pending,2026-04-07
671911ce-fcbf-56a2-9c66-e343d2870717,732c336e-8d4f-502a-bafe-f1a5f1aa1cd0,0b4a6e3b-d5cd-5d10-87c4-ab6fda0aa831,active,2026-08-12
4c6691db-5337-5fcd-9fd3-a10589901451,732c336e-8d4f-502a-bafe-f1a5f1aa1cd0,018fefc2-38fb-5f92-8391-2fe032547753,inactive,2025-09-23
d05bf399-861a-5fae-8932-29626ca4c431,732c336e-8d4f-502a-bafe-f1a5f1aa1cd0,4b343160-5928-5bdb-83ef-2c0f9faba1dd,active,2026-08-21
08d33ea0-f5a2-57b5-af59-4d13a1a09f55,732c336e-8d4f-502a-bafe-f1a5f1aa1cd0,868b1dbf-370d-5142-be8c-5a80dfad818d,inactive,2025-12-11
4451fdd1-ce97-5efd-aa0d-bc38973e5c44,8371403f-f987-56ac-973a-2b21e4d9d0cd,0b4a6e3b-d5cd-5d10-87c4-ab6fda0aa831,inactive,2026-02-01
cc5c1fb4-aaa6-5ec4-af55-4b3c35ae4391,8371403f-f987-56ac-973a-2b21e4d9d0cd,018fefc2-38fb-5f92-8391-2fe032547753,active,2025-09-07
952f7d1d-1daa-5a1f-8877-4a9484b40a90,8371403f-f987-56ac-973a-2b21e4d9d0cd,fc407d89-26e4-55ce-a2dc-fdae931500f1,active,2026-05-14
83f9ab89-c87c-5ef2-b3bc-10095620ae94,8371403f-f987-56ac-973a-2b21e4d9d0cd,9502494a-7b3f-5213-8df6-4e5e5e22101f,active,2026-02-16
c266df6c-e68a-5ea7-8092-fa5047f71d33,8371403f-f987-56ac-973a-2b21e4d9d0cd,4b343160-5928-5bdb-83ef-2c0f9faba1dd,active,2026-04-20
2b561be1-c1bb-58d3-962b-fe950307f13d,8371403f-f987-56ac-973a-2b21e4d9d0cd,0a1506ca-ede6-548b-91b8-0730277089b0,inactive,2025-12-20
27ec28da-fd02-5719-ba7f-46bf04eac515,8371403f-f987-56ac-973a-2b21e4d9d0cd,f080ca1b-6cb2-5242-98ed-4612ac098b94,active,2026-04-22
1a260224-ef9d-5829-815a-fc100db19ecb,b55982ed-6be9-50e1-a716-216dc3b80a85,0b4a6e3b-d5cd-5d10-87c4-ab6fda0aa831,active,2025-12-22
46ac708a-3d3a-5f1c-ae8a-23e3bc7c3c54,b55982ed-6be9-50e1-a716-216dc3b80a85,018fefc2-38fb-5f92-8391-2fe032547753,active,2026-01-23
8576d91f-9d43-5a71-bbd9-33855324c03d,b55982ed-6be9-50e1-a716-216dc3b80a85,a9db23aa-1685-5f58-8beb-3c1c13702b6a,active,2025-10-09
555ecde6-7d25-528c-b1f5-2e71594c9d66,b55982ed-6be9-50e1-a716-216dc3b80a85,0a1506ca-ede6-548b-91b8-0730277089b0,pending,2026-03-16
eec2eda8-ad48-575d-8eec-7a87535cff0d,b55982ed-6be9-50e1-a716-216dc3b80a85,fc407d89-26e4-55ce-a2dc-fdae931500f1,active,2026-06-24
10cc51fb-148b-5256-9c0a-6e2f2b4ad531,cf28a9f3-761a-5467-972a-6b74f4c284f4,0b4a6e3b-d5cd-5d10-87c4-ab6fda0aa831,active,2025-09-19
1d09a21f-a9eb-50e2-8e5f-515ed1f849b2,cf28a9f3-761a-5467-972a-6b74f4c284f4,018fefc2-38fb-5f92-8391-2fe032547753,inactive,2026-08-03
e901054c-d277-565d-8529-50013545dec4,cf28a9f3-761a-5467-972a-6b74f4c284f4,9502494a-7b3f-5213-8df6-4e5e5e22101f,active,2026-01-25
b4b4be1b-4d85-5d7f-af68-2acd4a308ec6,cf28a9f3-761a-5467-972a-6b74f4c284f4,4b343160-5928-5bdb-83ef-2c0f9faba1dd,inactive,2026-04-17
2f7edb95-7dae-52db-9780-5908783b7d16,cf28a9f3-761a-5467-972a-6b74f4c284f4,868b1dbf-370d-5142-be8c-5a80dfad818d,inactive,2026-05-05
552dde4e-e964-5153-91bb-4e0a6120155e,cf28a9f3-761a-5467-972a-6b74f4c284f4,a9db23aa-1685-5f58-8beb-3c1c13702b6a,active,2026-05-24
a7efdbc9-6a02-5cde-8c90-143e14c97921,efc30d35-191c-5323-9f6e-85fb10804386,0b4a6e3b-d5cd-5d10-87c4-ab6fda0aa831,inactive,2026-01-15
b6881c8b-37eb-5a83-902c-485b61be6f9b,efc30d35-191c-5323-9f6e-85fb10804386,018fefc2-38fb-5f92-8391-2fe032547753,active,2026-03-10
3b340e85-42cc-5320-a669-a0d1d20eb863,efc30d35-191c-5323-9f6e-85fb10804386,4b343160-5928-5bdb-83ef-2c0f9faba1dd,active,2026-06-30
9f31faff-77af-58c1-aa14-a041845a60d7,dfd8191b-b887-5fbd-82b6-28453104ddd5,0b4a6e3b-d5cd-5d10-87c4-ab6fda0aa831,inactive,2026-03-30
0ff5b067-5596-561f-a803-c34f224c80c7,dfd8191b-b887-5fbd-82b6-28453104ddd5,018fefc2-38fb-5f92-8391-2fe032547753,active,2026-04-14
a8c19767-27fd-5437-bf15-fc0bc1260000,dfd8191b-b887-5fbd-82b6-28453104ddd5,fc407d89-26e4-55ce-a2dc-fdae931500f1,active,2026-07-18
