id,outlet_id,priority_score,transaction_score,engagement_score,product_adoption_score,risk_score,contributing_factors,scored_at
97243e72-ec30-5478-8d44-644316c391a2,64375d9c-4b5c-56d7-afec-88a80e128c44,34.4,39.9,43.4,52.6,23.2,inactive_products|low_transaction_volume|product_gap,2025-07-27T00:00:00
0c4f9d2c-bc01-59b5-9cbd-4b462161fabf,ebf3f030-639e-5ef4-8c63-5a827b9d67f8,47.0,61.6,44.9,16.4,53.9,inactive_products|low_transaction_volume|declining_revenue,2025-07-28T00:00:00
4b38a39d-f4d8-57e6-990e-d85ec5539726,66d5a328-8eb1-5975-be4b-a35975328fcb,53.3,31.6,33.9,21.8,37.8,low_transaction_volume,2025-07-29T00:00:00
b58da31d-335c-5b61-ad0c-6c4aea874731,b9dfddd7-6ab6-5fb8-97df-7a83266a2dbf,35.8,54.3,37.9,20.6,26.2,low_transaction_volume|missed_visits|product_gap,2025-07-25T00:00:00
f2fe4eb1-abb6-5c10-890a-8fc3a747d4f6,89af9edf-f3db-5349-bcb3-f9c543399d2f,44.5,24.0,20.6,74.2,49.6,missed_visits,2025-07-27T00:00:00
aede960e-15a5-5640-bbf5-b5d90c083cad,21c5f5ce-b3d2-5d73-a06e-3d9b872b6ed4,52.4,61.7,51.7,63.3,48.3,high_churn_probability|inactive_products,2025-07-25T00:00:00
8a7d5040-9f7d-5ccb-a3ac-6a3fb4ddc37c,d8a14285-5274-5cc4-95ff-7c11b6346a04,89.2,91.4,72.3,39.8,77.8,declining_revenue|missed_visits|inactive_products,2025-08-01T00:00:00
cf917001-62cc-5eb2-a8a5-0afddcd162cb,c374b78a-8385-5dbd-ab1e-726563b1014c,83.0,82.1,64.7,52.8,68.4,product_gap|declining_revenue,2025-07-30T00:00:00
d55ceab7-9d80-56f4-b28f-4a12c6f65b45,9cf0258b-b196-5323-8d6c-3eccbf473c3f,96.8,74.7,72.9,35.3,79.7,high_churn_probability|declining_revenue|inactive_products,2025-07-28T00:00:00
0b8c8de8-42e1-5de3-89d1-c06c8a4d6850,b2ee80b3-73ea-5139-805e-52812d1d5c0b,87.4,87.5,87.4,88.2,71.8,competitor_risk,2025-07-25T00:00:00
27134210-027f-5eca-9fba-9dea8f5a5612,b9f302ee-4c36-582b-92c9-ed71368ecdc4,36.6,21.7,57.6,42.4,31.6,competitor_risk,2025-07-30T00:00:00
825ff64c-9664-53e8-92a5-9a8dffb00916,43053a5a-68ac-562d-8179-906560683723,52.9,71.4,55.2,50.6,52.3,declining_revenue|low_transaction_volume,2025-07-28T00:00:00
7bbe59e2-45ab-5340-b210-d43244c4ec11,2845093a-3515-532c-90da-051c95e9baf8,34.0,37.3,48.9,68.3,41.6,inactive_products|competitor_risk,2025-07-27T00:00:00
9c43b3e5-1728-53b0-9d5e-365518d83e71,d59e6887-1c3d-5cb0-b4ad-0752bfdc39fc,42.6,46.5,23.4,12.0,41.1,product_gap|low_transaction_volume|declining_revenue,2025-07-29T00:00:00
963335f9-8ff9-512b-8a4f-b4bb4ecf70c8,5cb5f68d-dbf0-5c90-9e6c-e13a3464fb8f,53.4,26.1,60.4,56.7,40.0,missed_visits,2025-07-28T00:00:00
8048811f-378a-5187-abeb-3488e56e0f49,7f62d1a5-59cf-5ac5-b66e-24f5660b9686,64.9,77.4,73.7,86.6,74.2,competitor_risk,2025-07-26T00:00:00
8861209f-b9e2-5528-96f3-c8e6e4d22d26,59e64bea-9720-5d74-82b3-275489371706,64.9,60.4,42.7,63.3,56.8,competitor_risk|inactive_products,2025-07-26T00:00:00
67bd1867-101c-5664-8276-1c653dcbbab3,0b27d62a-700a-5cb1-bb9d-2236759107cf,51.1,38.3,41.5,45.6,47.9,low_transaction_volume|missed_visits,2025-07-29T00:00:00
d30d41e0-d134-5e8c-a983-a7a5e41e0f44,9030d083-9e8b-5741-89ea-e73efe284f44,44.1,54.3,33.5,74.5,53.2,high_churn_probability|product_gap,2025-07-26T00:00:00
8e70152e-1586-5993-afdf-f4f21e218c29,a0950ab7-a898-57b4-b91b-7881080f21db,78.2,78.1,59.9,34.3,87.9,declining_revenue|competitor_risk,2025-07-27T00:00:00
3d548cf7-fdde-5a78-90dd-096a18492477,1c24d5fc-99e1-5493-be8a-427bdb5b3396,17.6,0.2,27.2,31.9,4.8,inactive_products|product_gap|low_transaction_volume,2025-07-25T00:00:00
a85f341a-b547-5829-a964-94396f213cc6,47622b2b-94cf-5a83-aaaf-ada5db27d918,43.4,22.7,37.5,54.3,24.7,declining_revenue,2025-07-28T00:00:00
51f50101-d1c6-5be4-a879-8b827fa56a80,1aeb76e0-3ea0-5030-9141-833d646ae88c,96.7,91.3,78.0,73.3,80.3,product_gap|competitor_risk,2025-07-28T00:00:00
0006b0b7-61ca-5a75-aaab-ef4ef298e7f3,fc7c125d-137b-528f-b061-c94c52ed635a,53.2,44.1,52.8,65.0,40.6,product_gap|low_transaction_volume|missed_visits,2025-07-31T00:00:00
712a8e7c-bdc8-5a4c-bbf8-6f171cef4947,e457356b-7004-5bbf-a601-22e251c8ef03,79.1,86.4,80.8,55.2,85.2,low_transaction_volume|competitor_risk,2025-07-25T00:00:00
995b6aeb-4958-5a93-a22d-2de29d1a2d01,a15fd7a2-dad1-5c57-ad76-5079b4ffa2a0,54.0,49.6,57.7,77.6,38.9,missed_visits,2025-08-01T00:00:00
5c894bcb-b714-5d0c-80f7-ca2bd2393a30,25a51d4a-e1c0-5a85-b455-e9da122a752a,20.8,14.6,2.4,38.9,19.9,high_churn_probability|declining_revenue,2025-07-27T00:00:00
5b3708aa-4fad-5e20-a1dd-b19c74885331,02f0b9ea-ad84-56aa-9c8c-57305266ecd3,41.5,58.3,42.2,71.3,27.0,competitor_risk|high_churn_probability,2025-07-31T00:00:00
dac08ba9-30a2-5b16-bf91-e628cedd6436,f54ee33a-a490-55e7-bcfe-bbd885822d51,58.0,44.1,48.8,77.6,62.0,competitor_risk,2025-07-28T00:00:00
4fa4e354-7895-5af9-a18b-86bd8cbe4e65,a0295c91-6ad1-5337-945c-ba96a1de75ec,42.4,41.4,58.6,11.0,38.0,missed_visits|low_transaction_volume|competitor_risk,2025-07-27T00:00:00
1df4cfaa-cfc8-561b-b934-ee8de2029d95,1a07a8b5-5569-5ae0-9183-8238c7a3624c,79.5,54.6,61.5,27.7,65.1,missed_visits|declining_revenue,2025-07-31T00:00:00
c7725d52-420f-5515-a559-cb3b5581c667,00ad044e-c101-5f75-83ea-3c17282f2357,52.5,63.5,73.7,48.4,41.9,low_transaction_volume,2025-07-27T00:00:00
3edbea96-0c02-5300-97d7-b27c64fd06d5,6d2ea7cb-0c6c-5a84-bfcb-5400bb49905d,44.2,52.3,36.3,66.8,25.0,competitor_risk|inactive_products,2025-07-31T00:00:00
fa3c6876-bd84-50ba-964e-4f2baa691c08,0e5d1f56-5d9f-597d-8a6a-a5c2f54f9b49,23.9,13.5,10.3,88.5,16.6,declining_revenue|high_churn_probability|inactive_products,2025-07-31T00:00:00
2cb17162-6a58-54a1-8b8e-506ee3c509c6,c9d9414c-502d-5ffd-ae22-53dde1ebdd96,42.3,14.5,22.7,73.4,37.7,inactive_products|product_gap,2025-08-01T00:00:00
4fcda023-172c-579b-b397-278504abf754,db68976b-4fc7-5d61-8863-f55316a21e8d,33.8,18.8,9.3,17.7,17.5,low_transaction_volume|inactive_products,2025-07-29T00:00:00
0e98bbae-b2e4-52c9-87a1-a5a27f38fd08,8a74f660-2cf7-5258-8ce1-a062e5ca38a4,38.5,42.0,15.0,21.6,40.9,declining_revenue,2025-07-28T00:00:00
5e52daf0-808d-59ec-b875-a553684353a0,20b23860-295a-571c-8e23-0ea9420de1d1,53.0,65.7,67.0,59.0,48.1,missed_visits|declining_revenue,2025-07-31T00:00:00
8add6d4c-5c82-52a7-8023-62af5d035d4b,22c2b1d8-ee67-54d2-8390-614c8f037084,19.0,8.5,8.4,32.5,26.1,inactive_products|low_transaction_volume|competitor_risk,2025-08-01T00:00:00
494a666c-33c7-596a-886f-d594c23b19bc,82cbe6bc-80ae-5d0e-8d88-3c70fc17bf98,99.5,97.6,96.2,48.0,93.8,declining_revenue,2025-07-30T00:00:00
2f2d8a22-1e25-53af-95b8-4edf0b64546d,34b0e718-ed93-5127-b156-10001b69be0a,32.6,44.3,56.7,43.9,28.0,declining_revenue,2025-07-26T00:00:00
0fca0858-2c84-50a5-af69-d1cc1ba5c067,65bbc3be-9507-593f-a9ed-ecede0d4e42f,19.5,4.4,6.0,71.0,20.8,low_transaction_volume|product_gap,2025-08-01T00:00:00
859f8ba7-2fd4-5466-b74a-0f6aad391861,9e549f5f-d393-5446-ab70-ab93a217fa40,18.3,10.9,26.0,35.0,27.6,low_transaction_volume|product_gap,2025-07-25T00:00:00
c98c9c57-b954-5715-803d-5c34340e011c,7a33f302-fa11-51fa-856d-1b51059c5adf,24.0,8.3,3.4,77.3,18.3,missed_visits|product_gap,2025-07-27T00:00:00
de5f4269-850d-5c34-8e02-5c8ab52c64db,622e35cf-534c-5472-84c8-30c4c81eeee1,22.2,16.7,24.7,64.1,5.7,product_gap|high_churn_probability|low_transaction_volume,2025-07-26T00:00:00
a5fbb188-4d07-545d-b767-84c3704cad15,90a9b30a-41c2-5330-9846-9c1782ca7533,31.0,4.3,54.8,37.1,28.9,low_transaction_volume|high_churn_probability|declining_revenue,2025-07-26T00:00:00
e000f95a-adf9-507e-9827-6d43768a269b,ffb805d1-735a-507b-b330-e0ed0ff00214,82.5,65.7,87.8,56.6,70.6,high_churn_probability|product_gap,2025-07-26T00:00:00
262dd120-b7b8-5e73-a24a-fca69d7eadd2,e83975c4-8d1a-59ef-b1c9-8b6f708a57c5,50.7,46.3,33.1,46.4,34.3,competitor_risk|product_gap|high_churn_probability,2025-07-25T00:00:00
1162e015-febe-58c0-a6eb-3e4382b5b1d6,6389de81-1a65-583d-8aad-1b61cd3d1633,72.4,79.3,88.9,49.9,53.2,declining_revenue|low_transaction_volume|high_churn_probability,2025-07-30T00:00:00
adc4f8c2-a368-5bca-8753-54dc0fc69090,e57c321f-fc53-5891-b40b-dcf58abda3d0,51.5,52.6,31.3,16.1,54.0,missed_visits|declining_revenue|inactive_products,2025-07-25T00:00:00
aef28523-14d5-502e-976b-5b8314730272,61ce7965-2288-5ad1-9f5f-360ae913ac36,46.7,49.8,46.2,30.9,37.0,missed_visits,2025-08-01T00:00:00
19942ac6-ff5b-5b0a-ade4-e12a3b828228,65f94da3-6b09-5542-84bf-54c20396615c,83.8,94.5,63.7,46.0,89.4,product_gap,2025-07-25T00:00:00
31212c3a-3582-5739-b491-9327f40b833a,fade118e-67de-5731-a2a0-4cf369881c71,89.2,81.9,95.0,34.2,90.4,declining_revenue,2025-07-25T00:00:00
d7f90953-6846-5ff2-827b-bfdebbf0ecc2,a210020c-0299-55b2-bb3f-5d321d9c87cb,32.2,26.6,12.7,64.0,32.0,high_churn_probability|product_gap,2025-07-25T00:00:00
8e6e53fd-04b5-50a0-a509-5e82958aad76,58766b11-0cfc-518c-86f6-08b0c3f7ec9d,54.3,27.1,42.4,57.3,45.6,competitor_risk,2025-07-27T00:00:00
b0a90413-7b5a-51bb-a138-12cc3c19ed5a,64d98796-d2b6-5548-b268-f5d914bf6c33,63.0,34.4,40.3,77.0,53.5,missed_visits|low_transaction_volume,2025-08-01T00:00:00
c19107db-d049-5aff-934b-8721d18cfed0,5e2b5bab-5781-58c8-bbc1-41a61318601e,95.3,80.2,99.8,43.0,76.7,missed_visits|product_gap|low_transaction_volume,2025-07-29T00:00:00
74a8a80e-9036-5095-af7a-4d944f322db8,4a0e0a11-9486-5b78-a239-2e50e69faa3d,24.9,40.9,3.3,34.4,15.0,missed_visits|competitor_risk|low_transaction_volume,2025-08-01T00:00:00
b5cfa77e-f10f-534e-8670-7ec76fe3e950,26b3c3af-057c-5d11-bc64-b7efa03c7129,36.5,39.4,32.7,51.2,29.2,product_gap,2025-08-01T00:00:00
c4873316-8d11-5ca6-8c57-639a04c4fb8b,3885243f-13b1-50dc-afeb-8bad2dc43d4a,42.8,41.4,34.0,17.8,37.5,low_transaction_volume|missed_visits|product_gap,2025-07-29T00:00:00
947e1bc1-0d21-5c26-b4e2-98255ac64b20,38e5549e-7e95-5b94-98d2-09edb6eee8c3,28.4,8.1,18.4,87.6,14.5,inactive_products|high_churn_probability|missed_visits,2025-07-31T00:00:00
4b483131-62d9-598d-8d69-8524f207ad7d,8c464c73-a955-576d-9730-79fd5da4e450,48.6,21.0,73.4,42.2,35.4,declining_revenue|missed_visits|high_churn_probability,2025-07-31T00:00:00
6025e8ee-3c1a-57e1-ac83-8acb697e8fec,2e54dbf3-50dd-5a0a-a1e4-b371635781b3,43.7,27.4,47.0,52.5,36.5,low_transaction_volume|competitor_risk|missed_visits,2025-07-27T00:00:00
701f9f60-8721-5b3c-be7a-14ad7e01f0ba,494a57ee-31cb-5e3b-818c-8960bc3f745f,46.8,57.0,43.5,53.2,32.8,inactive_products|missed_visits|competitor_risk,2025-07-26T00:00:00
910418db-f32f-5c10-9220-530542cd2240,e9f20e41-fc45-5d13-afc7-d79f102a27ee,25.1,8.1,1.0,66.3,30.9,product_gap|high_churn_probability|competitor_risk,2025-07-25T00:00:00
b5a91f1e-de50-5719-aca5-be9291d5c802,5d75bd0e-343a-5fc7-a2ee-fa9ada2fbfd6,46.4,56.8,64.0,82.5,54.4,product_gap|missed_visits|competitor_risk,2025-08-01T00:00:00
46c4879e-7685-5bb5-837a-555b1e4a9e31,b74b13ca-301b-5f91-9331-c699ee006367,35.9,17.9,48.2,71.2,41.2,product_gap|declining_revenue,2025-07-26T00:00:00
fb933ca8-3e58-5fc0-87a9-7188b5b9ffd6,c22bb6d9-8afc-597b-b171-1eaf1ecb5cac,27.7,9.7,23.4,75.9,27.1,high_churn_probability,2025-07-28T00:00:00
ca17b9b9-5058-59d3-a942-3f71bbda6d01,197ce084-3189-5451-aafa-befe51e6f027,42.5,24.4,25.0,12.2,46.4,product_gap,2025-07-28T00:00:00
8e371753-ec80-549f-8dc8-f00151acbfb5,9ccdde10-07fa-5428-809e-ef951a061c25,33.6,13.7,22.2,12.3,37.3,product_gap|inactive_products|low_transaction_volume,2025-07-28T00:00:00
9757bbfc-0ea5-5405-ae76-1c13af3e2055,97453fb9-40fc-5846-ab3a-1680f9e15a22,41.3,54.0,64.5,48.9,21.9,high_churn_probability,2025-07-31T00:00:00
a80dec41-77e8-5682-a16c-2376b5eb54e3,1ceebcaa-0c54-52fd-a620-4697ab1eb0ec,27.6,42.8,22.9,39.1,27.3,inactive_products|low_transaction_volume,2025-07-31T00:00:00
a8d54161-30cc-5241-8698-f26d1b569c61,7f8ebaa2-73de-5bc3-b462-6ef73f1d60c2,30.9,6.5,42.6,84.6,26.5,inactive_products|declining_revenue|high_churn_probability,2025-07-28T00:00:00
a21a8ba8-c834-56af-a077-f92cd2f4a3d2,a05d68b6-a09e-57eb-b93e-75ff6fd97028,34.9,34.8,48.5,35.1,39.8,declining_revenue,2025-07-26T00:00:00
286d3bd4-c4d6-5490-8b0b-473890ebe767,9d371c5a-f129-5f2c-8e70-514c2f6e27fd,96.1,71.0,76.2,87.6,86.6,declining_revenue|product_gap|inactive_products,2025-07-28T00:00:00
1670f26a-6ed0-574b-b1b4-2cf71779aa87,049b286b-bc98-5072-af5c-7624b16c23a0,81.6,77.4,87.0,19.0,77.9,product_gap,2025-07-25T00:00:00
0d8e736f-f5c6-526c-b037-dbaabd543b21,517ebd4f-8181-50f8-9114-4309197e07c8,42.3,30.5,53.1,75.7,22.9,inactive_products|declining_revenue,2025-08-01T00:00:00
3ae5f253-11f9-5a2e-959f-b7575caa1953,aeaf83bf-b5f4-51fb-9302-4ab9834b87ec,96.8,75.2,82.7,61.1,93.1,inactive_products|low_transaction_volume|declining_revenue,2025-07-31T00:00:00
3f5bf1e0-f145-5dcf-beca-40767a7cd509,11eb90aa-c2ce-5140-854e-7e88706cc9c6,73.4,65.5,48.8,86.9,81.2,inactive_products,2025-07-28T00:00:00
bd9ade31-92da-5ac3-9dab-4e2009e8b1e0,6674b5c4-5676-5e15-a60b-247a96538cee,27.0,9.9,46.5,83.3,26.0,missed_visits,2025-07-26T00:00:00
8e0917ca-2fae-53d1-85fd-7892c30b22af,03c210da-6332-53e2-ba4b-a3e540ef0811,46.6,57.7,68.6,47.7,39.0,inactive_products|low_transaction_volume,2025-07-27T00:00:00
4b2be7cc-13d4-53e7-a51b-140d3827cfba,dc40709a-bb2c-5b80-a5fa-36eff78e585c,94.3,70.1,77.3,15.3,85.1,inactive_products,2025-07-27T00:00:00
4622a9e1-81ac-5628-b65a-e060c6e4ec3c,86b6bd00-fb39-51c8-a057-02c9ad460a8b,33.1,5.7,40.2,60.4,36.9,inactive_products,2025-07-30T00:00:00
2d6699bb-ba94-51e8-8c85-c06e2a5071c7,3cd6d4dd-dfe6-57ac-97fa-80b7c17c19ff,40.1,25.4,43.9,18.9,27.6,high_churn_probability,2025-07-30T00:00:00
bb2972e0-26e0-5849-aa34-fcc62b2fa4a1,8076fa57-7ade-519b-9286-8f0c1ab37ca0,48.9,42.8,60.6,30.9,49.5,product_gap|missed_visits|inactive_products,2025-07-27T00:00:00
fd988227-fc10-5632-808c-007a4e310ec6,1fc68ae9-858e-5a2e-ade5-3501459c5fa6,47.0,37.7,31.1,80.1,55.3,low_transaction_volume,2025-07-29T00:00:00
ece2b951-7c33-5e02-8d68-3c0c7ed92510,f75db975-de2a-5d3f-bbfc-6a7a25a08c3c,60.5,62.9,66.8,82.5,69.7,competitor_risk,2025-07-29T00:00:00
c0be69c1-b268-5a38-8c26-9ed61ee263b3,f2a79b45-bbc2-57e4-9db1-cd80bdc8c4dd,47.9,37.9,44.3,30.8,30.5,low_transaction_volume,2025-07-27T00:00:00
79678202-e3d5-5f5a-8adc-62a9420b593b,b65b3f48-4ed6-560b-93ee-3d05cf7e7fd9,21.8,18.2,43.1,46.3,22.0,low_transaction_volume|inactive_products|competitor_risk,2025-07-31T00:00:00
1761d817-b9e0-5b84-b169-6f759f284273,5949f644-2314-559f-a1a0-f3b0dcdd81c9,24.0,41.6,39.8,31.3,26.4,declining_revenue,2025-07-26T00:00:00
3db8c37c-3b5b-59bd-96a3-1c0bda005374,a6dbc448-70e7-5da2-91ce-e2f6c505fcaa,20.2,8.7,37.3,68.1,5.9,competitor_risk,2025-07-30T00:00:00
4e6fddad-52f6-5f19-809d-6ea215e42283,e397969e-b51f-5445-b386-9d4053ca0e27,31.3,15.9,19.4,59.4,38.6,low_transaction_volume,2025-07-27T00:00:00
ed552ca5-f3f5-5a31-8df5-ec5a4bdbc1bb,11cfc5f5-801d-5aac-bfa3-433c81f8d533,38.3,31.8,56.9,88.0,30.2,product_gap|low_transaction_volume|high_churn_probability,2025-07-29T00:00:00
e6173f6f-0cff-5567-91b3-239f9a87881f,32ed98e8-ef2a-5f24-bc15-fd72abe8c1a1,94.3,73.4,72.2,14.7,82.8,product_gap|high_churn_probability|competitor_risk,2025-07-29T00:00:00
e85c0d4f-48c9-5f09-a08d-7e810b5c5b81,d4433849-0935-586b-93bd-85a86f99d92c,33.8,52.2,38.7,69.9,15.2,competitor_risk|high_churn_probability,2025-07-28T00:00:00
ae2a4653-3ba7-5d6e-8941-c173a1b68a8d,f8ded629-7996-578f-a74a-9a65837b7f7f,35.2,38.7,16.8,81.4,16.4,missed_visits|product_gap,2025-07-30T00:00:00
3d89e187-1412-5e39-8aeb-e814b6d15098,4d4de468-cb98-567b-b2ce-4ed1afd3bb0c,25.4,6.0,16.3,52.4,9.7,product_gap|missed_visits|inactive_products,2025-07-31T00:00:00
f153345b-48ad-510f-9086-1b4c34d10068,96bd0205-8de7-5b6e-960c-0ac3e6a47340,27.5,41.4,44.3,69.8,35.3,product_gap,2025-07-28T00:00:00
45ee6d47-a8fc-5448-9559-001481e6118d,ac14c3e0-6e9d-5a93-baeb-fede0efa3e80,67.1,62.9,63.9,23.2,69.2,competitor_risk|missed_visits,2025-07-25T00:00:00
ad38c2f3-a0f6-505b-9059-6dd674ac63e2,7340d2cf-294d-5438-b864-87ff6efcd726,79.1,91.7,84.3,73.9,60.7,competitor_risk,2025-07-30T00:00:00
b84980f2-731a-523b-be5f-65d3e8686b04,b8e8100e-6957-5617-88e2-db74634aa46c,17.2,17.5,6.9,47.4,3.2,low_transaction_volume,2025-07-25T00:00:00
40851148-3067-5a8d-8e73-04e228312984,8fbb576b-1a4e-5bef-9155-460d2f083b2a,16.6,17.8,20.5,77.7,23.1,high_churn_probability|competitor_risk,2025-07-31T00:00:00
b30c2a9e-b5ec-5ecc-96be-5766dfa2064c,898a0e5b-d908-5060-b440-eb62c6d0ca9d,29.0,13.9,45.7,70.0,33.7,inactive_products,2025-07-29T00:00:00
da788483-b3cc-5912-af27-a1f698975d07,db776e0b-6199-5243-8144-b29b45e62c84,57.5,65.8,41.5,83.6,44.9,competitor_risk,2025-07-25T00:00:00
0e50c7b7-5266-5c23-b4d6-9e9028435583,0d06dc6f-2b54-5b8b-b8fe-2793f7ab5d61,42.1,46.1,51.1,41.5,39.8,low_transaction_volume|missed_visits,2025-07-31T00:00:00
b0f3cbd9-419e-5ad4-a965-4f24a6cd0bd0,75c9c753-3e28-5b1c-b3c8-0bbe0a29a265,48.5,22.5,65.0,62.8,42.1,low_transaction_volume,2025-07-28T00:00:00
b8cefb62-ceb9-5de8-9e44-a45741180231,17e8c798-6f2b-5bba-92a1-25c607fc24c0,38.8,57.3,46.6,86.1,28.5,missed_visits,2025-07-30T00:00:00
406ff979-f549-5d43-9649-2a2dfb71c989,d86636ba-be31-5766-b43b-0687892ff6cd,23.5,28.0,15.7,14.4,5.6,inactive_products,2025-07-26T00:00:00
c7878c9b-7156-587a-b591-ef02cb66ef1c,c68cb08d-2871-5fc3-a244-3ccfff2aba31,81.9,98.3,94.2,17.1,87.4,declining_revenue|inactive_products,2025-07-30T00:00:00
7402f646-ef9c-5469-af15-02f2edd3e398,96472508-05a4-5d4a-873b-67bf7e52702a,87.8,89.6,87.1,19.6,82.5,missed_visits|high_churn_probability,2025-07-26T00:00:00
dc66ce08-c322-59fc-95d6-77220ef25846,3b3c1920-61c4-5477-a3a7-22e3e7db7971,44.4,21.0,52.7,76.6,39.8,high_churn_probability|competitor_risk,2025-07-25T00:00:00
eee95f72-4dd7-530c-bef4-57c6e3acb8f2,98e66a0a-6d0a-5888-84ab-dcd6d48f66fb,53.4,51.5,49.5,70.5,57.7,product_gap|missed_visits,2025-07-30T00:00:00
a737ba51-c590-55ca-a3c4-de2e40d00cef,2c198f0c-837a-59d2-83dd-1cf8ddf69b3e,32.4,28.0,56.0,64.1,31.8,low_transaction_volume|inactive_products,2025-07-30T00:00:00
f1eff721-9232-552b-9ba7-4be204e572d6,16875ba0-6a25-54e3-a9db-2b70cc51a783,67.9,42.1,66.3,16.3,72.0,high_churn_probability|inactive_products|competitor_risk,2025-07-28T00:00:00
c0b0e7ee-20e5-5022-b564-1c398f6ac807,8631bfeb-7f17-528f-87b9-346379c9787c,83.0,95.4,93.3,51.8,71.8,high_churn_probability,2025-08-01T00:00:00
ea9919d8-68f1-5666-9775-6f5da7af2a05,300da2f6-d4f8-5204-9c5a-761aa1569285,37.0,12.4,33.3,17.6,36.9,competitor_risk,2025-07-28T00:00:00
835892a5-aec8-5a8b-ac1e-f0e698d0f915,08f0ac25-f784-5630-80b7-6da94159ddd7,68.9,44.6,77.0,24.4,54.4,low_transaction_volume|competitor_risk|inactive_products,2025-07-26T00:00:00
895bea46-5ecc-5dff-bfe3-e9d146da576e,aa142702-c42a-5872-bb6a-5ca621de8a2a,80.9,66.3,87.8,70.6,74.4,high_churn_probability|missed_visits,2025-07-28T00:00:00
764045b6-f4a1-5d32-a207-450e99aef3f7,074330af-41e2-5e7f-b322-a53fd1c53daa,28.7,9.0,41.0,58.3,34.8,declining_revenue,2025-07-31T00:00:00
fd8a3785-f1bc-5302-98be-cd62630759db,9d8be696-769b-591e-89be-20b0c5158113,32.4,22.1,8.0,62.5,26.2,low_transaction_volume,2025-07-26T00:00:00
5e6479b3-60fc-5511-a76e-d4f050a3b02f,e3cb700e-57bc-504f-817a-82f704e71066,49.8,34.9,65.4,59.3,50.5,competitor_risk|high_churn_probability|product_gap,2025-07-26T00:00:00
89944baa-9015-5798-b344-9e27162b5959,21c29f88-ffb4-5483-8f30-f42b412429a7,47.2,23.9,31.7,75.3,48.1,declining_revenue,2025-07-29T00:00:00
6d69e560-0881-515b-a85d-c1d08d614811,13162149-fc7c-5b4a-9563-600adbd72fa5,49.4,51.8,56.8,44.9,48.1,product_gap,2025-07-29T00:00:00
16ec0492-c6fa-5840-b95f-6aca97d0b5eb,89678d5f-48fc-574c-9eab-cdf011b618fe,42.6,33.7,23.4,82.2,44.7,declining_revenue|product_gap,2025-07-25T00:00:00
8a425e50-2261-5d85-88b9-c3a0c5e7e67b,8b90dfc0-677d-5c4d-be60-e8c712cad697,84.1,81.0,67.3,55.6,89.1,low_transaction_volume|product_gap,2025-08-01T00:00:00
02301982-72c4-5a9b-ab2c-99da4f440e33,333d298a-71af-5e58-a5a9-432703761249,28.4,41.0,24.9,43.3,23.2,high_churn_probability,2025-07-28T00:00:00
bd4c2301-93e4-56a7-8717-7cd0ef188b4c,e6997e74-9b55-51da-92cf-ce4227fbb722,16.5,21.6,25.4,64.3,21.6,product_gap|competitor_risk,2025-07-25T00:00:00
a4d812a3-0f9e-502a-82ca-7a9e0db0702e,206260d0-62ac-5e96-b71d-661b687cf9f7,65.8,36.7,69.6,54.3,53.8,competitor_risk,2025-07-26T00:00:00
a997dd5e-dac4-54cd-9ac7-2392f5cf3128,b9fd3e12-e84f-5895-ab5d-2159a6382303,50.6,51.7,57.9,45.9,43.7,product_gap,2025-07-30T00:00:00
f18b7856-e0aa-53c5-86a7-e086e9f9532d,79480e02-9513-5b1f-8ee8-851a8e95692c,67.2,54.4,53.8,27.6,74.5,product_gap,2025-07-27T00:00:00
8b8e93d6-7557-51ac-ba63-7e1a00ed9b11,03d980bc-471c-5142-8650-f24086a96aa6,51.9,66.0,63.0,41.2,44.4,high_churn_probability|product_gap|declining_revenue,2025-07-27T00:00:00
39449bdb-eb79-5725-8988-e209dc7775e7,d9fdc412-aec7-5a86-add5-f0902e6375fa,95.9,73.0,91.0,16.9,87.5,competitor_risk,2025-07-30T00:00:00
72348448-f029-53b0-b091-140b4396163b,a1928872-fa7b-5f96-b738-9aed6955f45b,84.0,97.4,79.2,28.8,80.7,product_gap|low_transaction_volume|inactive_products,2025-08-01T00:00:00
d1dc8b4f-17d3-5862-b705-96d1c408353c,b9a20119-158b-5370-ad71-3f572943af79,29.4,7.8,45.7,81.6,10.3,missed_visits|high_churn_probability,2025-07-31T00:00:00
827eef62-0a37-5ac4-a90d-7a7a430e0131,be0a5f04-8939-5ab3-a13a-4d517a6f2ebc,50.1,31.5,53.2,48.9,59.9,competitor_risk,2025-07-27T00:00:00
66573d56-165e-5e12-9014-25cbf811a82f,b9412644-c39e-5e32-9d99-df26d67e3d37,45.8,46.0,26.0,14.0,54.2,missed_visits|declining_revenue|competitor_risk,2025-07-25T00:00:00
ca2d9a44-9fed-5016-bc1d-73ef5acac60d,8cd8822e-c0bc-5720-a3b9-fd60f890d81f,53.5,62.6,59.0,78.7,36.6,low_transaction_volume,2025-08-01T00:00:00
8c3ab9f2-e46c-5173-a6c2-57ea838d0202,c59454a2-323f-5844-b174-5f633e24c7cb,35.3,11.2,20.6,38.9,37.1,high_churn_probability,2025-07-25T00:00:00
c10d6107-60d6-50da-9245-24fca9aea65e,c9cd5468-5c6c-5bf3-b662-2c90351581f1,45.5,23.2,38.7,75.5,29.2,high_churn_probability|low_transaction_volume,2025-07-29T00:00:00
ef57525e-2609-5211-907a-585c716c3373,dbf883b7-96e8-5f48-971f-1cbadca59c68,32.6,14.8,48.0,37.3,27.7,inactive_products|low_transaction_volume,2025-07-31T00:00:00
53a3a19d-c4c8-5c57-a945-ba780ad77c45,97a3c21c-6620-5b80-86f4-23b182349bb1,25.6,28.7,12.9,70.3,21.5,inactive_products|product_gap|missed_visits,2025-07-29T00:00:00
be0facd2-6719-5c08-8c88-7c21c8c0f09b,732fe5fd-2dd9-5e16-9ff1-20b392cf8dcf,20.5,36.4,43.3,51.3,21.0,product_gap|inactive_products,2025-08-01T00:00:00
c07cfea2-0c50-56ef-9b15-1889800fb18b,ca74b86a-f37f-597e-aeee-1808e9b38973,53.3,63.6,75.5,16.8,42.7,high_churn_probability,2025-07-30T00:00:00
1b92d995-ef2d-5494-8f46-0d2631af17dc,fec70518-acb6-59cf-be4d-01d45efca0c8,53.0,56.0,60.1,82.2,34.8,inactive_products|low_transaction_volume,2025-07-28T00:00:00
e7916014-1932-53eb-be90-dc1cace64d57,48960618-a551-5a8c-bbbb-0249881e9ac3,88.4,88.4,74.9,37.5,93.2,high_churn_probability|competitor_risk|missed_visits,2025-07-30T00:00:00
be52f519-160d-5913-b9be-3a6526050d48,3997a8f5-6016-5810-b435-db8ec38b2c79,77.5,91.9,82.2,59.5,70.8,high_churn_probability|declining_revenue,2025-07-27T00:00:00
4dfcc9af-47d8-51ba-99be-03c7639804f0,c7053357-4956-5ab3-9efb-df8bd532f001,50.5,24.7,52.4,41.2,52.1,product_gap|declining_revenue|missed_visits,2025-07-30T00:00:00
0f446396-b805-5bd2-9f6a-5b98c04a5b04,ee90274c-9365-597d-b7b7-fe8b8dd298b0,55.6,51.2,46.2,37.3,54.7,missed_visits|declining_revenue|low_transaction_volume,2025-08-01T00:00:00
a19b7f13-d0e0-569b-bfaa-bce99fea3de9,076c79c3-ac0f-5659-8d69-d8a0ee9abc0b,80.6,91.7,69.1,43.8,75.7,competitor_risk|missed_visits|declining_revenue,2025-08-01T00:00:00
2c65a9cf-4aeb-5e6b-b2d3-3fdc95afe1ae,ac65e59b-c1b9-5920-a539-cbb4f765265a,81.0,68.4,58.1,62.1,64.8,high_churn_probability|competitor_risk,2025-07-28T00:00:00
b4acec38-1d7d-5164-aa48-9535e5f6dba1,83e195c1-ccba-5637-a552-7226c192c71c,57.2,44.1,44.0,69.7,54.6,product_gap,2025-07-29T00:00:00
c5170df3-e371-555f-8f05-17a2974fa9d6,ac993bd2-ecef-58bc-b1d9-91067cf856f6,29.0,28.1,11.0,40.2,31.1,high_churn_probability|inactive_products,2025-07-31T00:00:00
ccbb035b-aefe-51af-a854-fc802a1f3082,6c43b5de-1a73-52a4-9fa1-e51595e4486f,28.1,4.7,38.7,76.3,10.6,declining_revenue|missed_visits|product_gap,2025-08-01T00:00:00
70570a42-f828-5e87-ab51-179873451d52,beb2c62b-7aba-5ae5-ac57-43cb5a1af36a,32.0,12.7,10.9,64.1,24.1,product_gap,2025-07-26T00:00:00
d594352f-e5c7-5854-acc6-ce91bb9e7f0c,9cb189b1-8844-5fd2-9173-42c7d3b4356d,49.9,69.7,59.3,85.8,51.8,product_gap|high_churn_probability|inactive_products,2025-07-26T00:00:00
1e61e7fd-1105-5007-939f-f2167ea6c996,2e0b60b9-2f88-5d7d-a78e-a6af6f8de266,48.0,24.3,58.5,20.4,49.1,competitor_risk,2025-07-31T00:00:00
83fde2dc-a897-5a61-b55a-ae2f202a7b52,f14294c0-783f-5054-be74-0f7e05c3f337,42.8,50.1,65.0,39.5,51.3,product_gap|low_transaction_volume,2025-07-26T00:00:00
63dde5f8-d498-5b99-8a62-58f784977399,a39d0783-2b40-5751-bde2-5aebb6de1679,62.8,34.8,45.4,39.7,72.5,competitor_risk|missed_visits,2025-07-28T00:00:00
dfc28fac-8162-5aca-b3e2-a67137350462,26e2623e-c56a-55d8-912f-fab4962ae298,26.8,6.7,40.9,43.7,34.9,inactive_products,2025-07-28T00:00:00
ec11998a-45ca-5d82-a0b5-f7bc66549d2a,140a5be1-ad50-58fb-b835-0b9c63c01116,66.7,77.6,66.1,19.8,57.1,declining_revenue,2025-08-01T00:00:00
1e85065f-b9d4-56e5-ab47-11da13b743d1,79188a6f-dd8f-5a32-bcf6-d22190635ce3,31.7,46.7,45.8,48.0,33.3,missed_visits|competitor_risk|product_gap,2025-07-30T00:00:00
3c84c59d-fe9c-5263-8bbb-3e5239bef32c,341a3bc3-5c02-5d55-a530-3ea9ba9499b5,79.0,82.4,60.9,68.2,61.7,high_churn_probability|product_gap|inactive_products,2025-07-26T00:00:00
fd0c485e-7642-5723-a331-d34070983b4f,4b2275bd-ea39-50f7-980c-c5b233b997d3,69.7,42.0,78.2,45.4,58.0,missed_visits|competitor_risk,2025-07-31T00:00:00
a2f44396-3744-5840-90a2-fbbbff3caf98,c2b19867-0e0f-5168-989d-6d69067eb606,49.6,47.7,30.8,54.7,35.4,low_transaction_volume|competitor_risk|missed_visits,2025-08-01T00:00:00
d1636f8f-5533-587d-b353-425bf3248282,9e145baf-68a9-50c6-b236-0146cc604c4f,83.9,95.2,63.9,84.9,69.3,declining_revenue|product_gap|competitor_risk,2025-08-01T00:00:00
099cfed0-1b96-5e5d-9fe8-ecff43a7bdd8,872eb0e6-6a9b-5e4e-a521-17bca287ba19,48.2,59.7,65.2,56.4,30.8,declining_revenue,2025-07-27T00:00:00
cb21fed6-383b-53a5-b781-e3bcab8bd92d,86f7bc46-6959-5a49-bf82-046a41a2dde2,31.1,44.2,7.2,45.0,23.5,product_gap,2025-07-27T00:00:00
b5b987b2-9639-5ee6-b9ee-167e24d1df76,2887b52d-8879-502a-bd29-4c26c293190f,30.3,49.3,32.4,32.8,15.8,low_transaction_volume,2025-07-31T00:00:00
223187e1-2483-55a5-ba37-d3804904bb17,ccce5ecc-2159-514f-b08c-bd6242df5381,21.2,2.4,44.4,24.5,22.6,high_churn_probability|declining_revenue,2025-07-28T00:00:00
77e5f9f1-7621-5f2c-9e1e-9e0e6095ca5b,44d69290-6f3e-524e-9759-ecc66d1e9ceb,30.6,45.2,18.5,85.3,37.6,declining_revenue|product_gap,2025-08-01T00:00:00
72787e7f-e612-5af6-8018-ae3e3f8a7f7d,2c2cc81b-8180-52c0-932a-a54ac0be5347,46.1,41.5,46.3,85.9,34.2,competitor_risk|declining_revenue|product_gap,2025-07-27T00:00:00
28fdffdd-52ef-5e98-8831-b429b428ecac,3c68a561-0296-5b08-be2c-207c76389cf1,53.9,25.4,60.6,83.1,34.5,low_transaction_volume|product_gap,2025-07-31T00:00:00
0feb6a1b-b92b-5103-ae04-51e4ebeeadff,cd01bc68-ff0e-52a1-bd7a-56f6ff49ab44,24.9,25.5,22.2,77.7,19.9,high_churn_probability|declining_revenue|missed_visits,2025-07-30T00:00:00
f6848871-7df2-5f9f-8778-9da93c55e1e8,4b3be50a-f305-595c-9a7c-9c6fe6b2122e,87.5,67.9,98.2,86.9,84.1,inactive_products,2025-08-01T00:00:00
8a7027c4-ee2f-5f51-af49-0cbc3d90031b,050067db-17c3-5f23-ae16-64a16e384958,15.0,10.1,38.9,10.0,23.4,inactive_products|competitor_risk,2025-07-25T00:00:00
40d50d8f-2014-5645-9954-c4a8a20570a5,89e58dd7-8ed1-5fc8-af0c-ff1674e9e8c3,25.9,17.5,18.5,60.6,23.5,inactive_products|high_churn_probability,2025-07-28T00:00:00
8d27d95a-83a3-5ab4-9b71-6a366dcc332b,1de8eb26-658d-5bda-8231-059687db880b,16.8,11.1,16.5,19.8,3.7,competitor_risk|inactive_products|low_transaction_volume,2025-07-28T00:00:00
d9485186-7e9b-59dd-8143-6eae65dd2534,0a909a8c-a930-5b1c-b4ba-b557d1c09ba6,50.1,45.4,65.2,80.7,58.5,competitor_risk,2025-07-28T00:00:00
10cdd1be-7b96-5541-bd4b-162682a8ad5b,5c673601-1bdd-5b0a-92c8-2fe43124c690,99.6,89.7,82.8,26.8,99.2,product_gap|missed_visits|declining_revenue,2025-07-27T00:00:00
fcbaa769-99b3-5542-bf89-e9c2d5d0767d,1266d63c-a77a-50ae-95b3-aac6f8c10618,60.4,60.8,35.6,10.8,45.6,declining_revenue|high_churn_probability|low_transaction_volume,2025-07-25T00:00:00
17914278-c8af-5136-b32d-e00808a85b26,7ac47676-570e-565e-bbc6-3815d0dd5ca3,45.5,42.4,65.1,75.3,38.9,low_transaction_volume|high_churn_probability|inactive_products,2025-07-31T00:00:00
4e0fbc83-271f-5e02-8e91-477154cf28eb,69ea8f42-fdcb-59e8-a9cb-4d1d6d757245,29.1,17.6,13.0,71.4,30.0,inactive_products|competitor_risk,2025-08-01T00:00:00
aeb06376-2b93-5f7d-8aa2-499a2329cebf,dfbdc0b9-f8d6-5c14-b6db-1e6552ad0a26,20.0,0.4,33.4,70.7,20.4,declining_revenue|product_gap,2025-07-27T00:00:00
cc1e5c5e-893b-5cca-8c9e-b999ec6e571f,8b1980a6-c1b2-58e0-97e6-08b23186f905,45.7,27.5,45.4,39.0,34.2,high_churn_probability|missed_visits|declining_revenue,2025-07-29T00:00:00
ffbb5776-4efb-566f-be94-de712eac5de1,fed7793f-6c46-5130-9b9b-36a3e41cc742,15.3,20.1,19.9,54.1,16.7,product_gap|low_transaction_volume|missed_visits,2025-07-30T00:00:00
0e9148ff-6358-53c5-b097-3b8bad825185,1e927583-a58b-5d98-bb4e-df68360b0638,17.6,2.4,11.1,55.6,6.3,high_churn_probability,2025-07-28T00:00:00
fb7e59c4-2ab0-5966-afab-debf79ce9294,46c6f660-27d0-500e-8750-b3373842e961,22.7,26.2,32.5,80.6,2.7,low_transaction_volume|high_churn_probability|competitor_risk,2025-07-26T00:00:00
92787e24-3006-523d-b78a-05d94c500a12,2569b207-63d9-5d61-acdf-5e2b83e894da,40.6,52.9,36.0,19.7,36.2,low_transaction_volume|missed_visits|product_gap,2025-07-25T00:00:00
9fd75d4e-70e0-5607-9ed9-44f0dfd9b208,91e43375-fb3f-5dea-84fc-3b6cd033a3ba,29.5,11.1,18.4,43.6,22.9,high_churn_probability,2025-08-01T00:00:00
94dfda36-0666-550f-a1c6-55498d9cdee0,ed7871c4-9c27-53a6-8539-c9795a6740a3,30.7,41.1,55.2,28.1,31.4,low_transaction_volume|competitor_risk,2025-07-31T00:00:00
00b94922-e073-5951-8a93-19617e9f4e98,0119dc39-1092-5316-b82f-ff32891806f1,51.7,38.1,29.8,60.0,32.5,declining_revenue,2025-07-26T00:00:00
a6dfc776-e00e-5b59-a65f-702019250fe8,c7de05bb-4ed5-5a9e-b218-b343f9d73166,47.3,59.3,34.7,47.9,56.1,inactive_products|high_churn_probability|missed_visits,2025-08-01T00:00:00
2f333743-4bd5-5051-b33b-be817c140e2a,24f6205d-af78-55c4-9ac6-42db10b9b00f,64.6,73.4,70.6,71.1,63.4,inactive_products|declining_revenue|low_transaction_volume,2025-07-31T00:00:00
bf0d29f0-b925-5c9d-b617-3d09ab916f10,9b091607-c2e8-537a-9942-74c84048a742,18.4,14.5,38.6,65.5,22.2,low_transaction_volume,2025-08-01T00:00:00
83a04c58-fbd1-51a3-a82f-d8619c812d8a,e56bfd8a-5487-5264-b893-a501b67260ca,83.0,81.7,76.1,18.1,64.7,low_transaction_volume|missed_visits,2025-08-01T00:00:00
4efff682-1699-58da-9bd6-18b23e6807e4,2e0dbc5a-145a-5f98-95d6-887c0928278d,26.8,28.9,22.4,79.2,30.4,product_gap|low_transaction_volume,2025-08-01T00:00:00
a8d991c4-6418-56ef-9ab9-a2c3e6d3356f,1b89a724-452d-5f73-907e-6d06e9c5e1df,71.3,85.3,77.3,37.2,79.5,inactive_products|product_gap,2025-08-01T00:00:00
80211ff4-08d3-575e-8e87-28d0678b760a,1d4055cc-6c61-53ba-befa-1faccdf53807,71.4,46.8,47.0,67.1,69.1,competitor_risk|declining_revenue,2025-07-29T00:00:00
b4747c90-2850-5e92-b031-4b309b7095ed,6bf333db-329e-5379-8a87-612548e94afa,51.2,46.6,43.9,48.5,49.8,high_churn_probability,2025-07-30T00:00:00
02a97f5d-4459-53c3-8f26-b576fc466c4b,e069ddab-39fc-5820-b62a-2e0c144713e9,24.7,5.7,29.1,51.1,24.3,low_transaction_volume,2025-07-27T00:00:00
af6192b4-0387-561f-8287-4a045912b56a,f08a11c8-f9c0-5650-a8c7-d51d9e7f9892,27.4,22.3,32.6,33.3,36.6,inactive_products|declining_revenue|high_churn_probability,2025-07-30T00:00:00
f703ab0b-c5d9-53d2-85bd-ccfee2d41de5,8a91073c-f678-5bb2-8e9b-1cd31b741b64,17.3,15.7,8.3,26.0,24.8,inactive_products|competitor_risk|low_transaction_volume,2025-07-31T00:00:00
c61c4aaf-86b2-530a-afbd-b2c5ceeef35a,aef13d93-2926-5d27-82cc-91eb397e1d5d,28.7,29.2,20.2,56.3,37.6,product_gap|high_churn_probability|inactive_products,2025-07-28T00:00:00
1fab802e-7c58-5e7c-92e7-7df9c1ca5356,719962a7-20db-5986-ae72-a3679ddc032c,52.6,45.3,67.0,13.4,39.1,low_transaction_volume,2025-08-01T00:00:00
ea49a29e-388d-5e33-97dc-54b3645d4d93,dad30c15-97b8-5018-ad17-b718b6e41811,40.6,21.2,39.6,71.5,45.0,declining_revenue|product_gap|competitor_risk,2025-07-26T00:00:00
0bb00627-e11e-55a5-b3d4-e6685cede4a9,94f7c637-bf95-5080-befe-fdcf3748a0dc,65.1,84.6,58.3,15.9,46.0,inactive_products,2025-07-31T00:00:00
41d9ee5d-564c-50e8-a39a-fa7f486486e5,3c93a092-47e6-5c14-bdba-7ccdd461340c,20.7,23.8,35.0,13.5,1.6,declining_revenue|high_churn_probability,2025-07-29T00:00:00
a690b253-0efc-5cd7-bd0e-093d2d72b689,40f0390b-96f3-537f-a920-2eed11fbbe5b,26.4,33.3,18.4,54.4,11.7,missed_visits,2025-08-01T00:00:00
e2076ba7-6d0f-5178-a0a2-0ee7935ce4aa,0c74ae9b-9c3d-5ddd-9423-286f953e88fc,22.0,35.0,6.5,62.4,28.6,low_transaction_volume|inactive_products,2025-07-27T00:00:00
1e6ff7d3-dbed-5f9e-a633-5e19099aec0a,6ba72381-ad6d-5ae2-a069-716db6b02ba9,52.4,40.9,46.1,23.7,48.3,product_gap|declining_revenue,2025-07-26T00:00:00
6ea1a04d-d8d6-556c-8da2-cc7099c0a6bf,9d0fe198-1bbb-51a7-894e-8ea74978b154,66.4,43.6,87.6,73.6,52.1,low_transaction_volume,2025-07-26T00:00:00
6b5d3a7e-9ad8-5b41-9d0f-ebe62011fc9c,88c4d406-580a-520e-93d1-a9491ae16323,42.8,61.6,30.0,13.7,41.3,competitor_risk|product_gap,2025-07-29T00:00:00
06a376f1-3128-5b8c-aa57-e2ef16da7ca3,221f7ff2-5f5e-5f69-8a56-904dece85bcb,65.6,52.0,43.3,73.6,71.8,inactive_products|declining_revenue,2025-07-25T00:00:00
67b94c14-b74a-500b-a798-0dd78f47cff9,8e7a61aa-daf6-5080-a843-f322705c0fce,23.4,20.4,32.1,15.2,18.6,inactive_products,2025-07-27T00:00:00
0f14ed83-dee1-5231-92ce-137f3ffc3058,86d8d01d-703e-5df7-8e24-18111f59177a,55.0,60.6,56.2,48.7,63.6,declining_revenue|missed_visits,2025-07-25T00:00:00
0a27a50b-8aee-588a-8327-3fd573186a4e,f1aca4b1-7e3d-57d1-9a9d-43efa13d8c8a,25.7,29.7,11.1,81.6,19.3,high_churn_probability|competitor_risk,2025-07-29T00:00:00
dc0b9f8e-4653-5de4-85c6-6fb1763821f0,431d42db-74a5-53d0-8a57-68d40a8244d9,87.9,82.0,97.6,39.9,84.4,product_gap|inactive_products,2025-07-30T00:00:00
5d947e00-e19c-5f42-9d29-19ba2bde35b8,72394c70-a521-5f56-9ce4-31ca745e4ca2,95.0,77.3,87.5,47.2,90.5,product_gap|competitor_risk,2025-07-26T00:00:00
5b265367-e3b3-5202-98fa-e87d76ef1870,ddc63cec-f08f-5452-ae9b-e788dec170e9,33.0,43.3,23.9,40.6,18.4,product_gap|missed_visits,2025-07-29T00:00:00
462c653a-5398-556f-83aa-f8ba2168121e,19a1cb62-c438-5b8a-835b-381d558aa640,25.6,41.1,15.4,50.1,22.0,missed_visits,2025-07-31T00:00:00
78825886-6d36-5fff-bb96-f49b45c3e49c,c50ebb3c-5029-50fa-9889-bf2ace164e85,46.4,22.4,39.4,53.7,36.4,low_transaction_volume,2025-07-27T00:00:00
3af1e7f0-5d63-5860-b28e-7006d469447e,1e441a01-31ff-5104-af05-d712744abbb8,85.0,63.6,84.2,21.0,90.7,inactive_products|high_churn_probability|missed_visits,2025-07-28T00:00:00
b566bca5-f5a8-59ef-9d33-96783eb7e102,2120de3b-6e89-5446-b10d-84783bca78f8,60.2,69.4,55.4,42.5,57.6,missed_visits|inactive_products,2025-08-01T00:00:00
ed16c8ce-b902-53be-91cf-e62be6b3ff26,e6deb5a2-207b-5e2c-b132-d7d06f52b35a,33.9,15.3,45.0,26.8,20.9,inactive_products|declining_revenue|product_gap,2025-07-25T00:00:00
e35bc721-7b3c-5015-a909-832710087f0a,da0cb885-df95-54a9-907a-b809b1ee7b74,94.5,75.6,75.2,71.6,92.3,missed_visits|low_transaction_volume,2025-07-29T00:00:00
e669fe10-aea0-56a5-aa20-c121030d14cc,aea226c0-7f74-52fc-aa22-1c3146edcf33,53.2,52.0,34.6,85.5,33.5,low_transaction_volume|missed_visits|declining_revenue,2025-07-27T00:00:00
6ebee348-8cd1-5320-9f32-a1080b52ed2a,26642037-fe53-501b-99f5-0c21fae5336e,28.6,36.6,41.7,65.2,17.6,product_gap|high_churn_probability,2025-08-01T00:00:00
6348a44b-d564-52d2-ad2b-f9a435a275ba,d284eae1-3b58-55e9-aa20-71dc036e9515,37.7,15.4,60.3,36.4,36.6,declining_revenue,2025-07-26T00:00:00
8f3957e9-ca68-59fd-bf41-e27753d9bfb8,68fe2048-5e72-5f5d-8554-968c7e45fc11,84.5,57.4,75.2,48.0,74.4,product_gap,2025-07-25T00:00:00
737fc510-55e5-584e-8cfb-3ef30edb2520,2a97756f-49d6-58f9-be6f-82181c42fed7,92.8,66.7,85.6,12.6,91.5,low_transaction_volume|declining_revenue,2025-07-25T00:00:00
c53bac77-677e-52a2-a184-bf9908866724,9ff9d504-c856-5bd7-a518-581b72844101,16.1,32.9,15.9,26.5,7.6,low_transaction_volume,2025-07-31T00:00:00
20458636-7c96-5aa4-83c1-8a14d95337f0,22cc08e1-5eef-548c-8831-f5523bacf5da,53.6,32.2,71.6,42.9,38.4,competitor_risk|low_transaction_volume,2025-07-31T00:00:00
169629eb-aa29-511f-9be2-cd34dc0003c1,0542378b-c101-5b65-9cc3-78e0505cd512,20.2,2.8,43.1,79.3,4.1,product_gap|high_churn_probability,2025-07-29T00:00:00
1f1b3499-66ac-5655-9e37-fee0bfbec0b6,0de5a8ae-8c43-51a3-8772-fd029e6163f4,49.3,49.5,71.3,57.0,44.4,high_churn_probability|product_gap|declining_revenue,2025-07-25T00:00:00
b1023c17-df1e-5dde-865b-02f13b7b7953,1aff3b3e-90df-587f-b433-fedbb05181dc,26.0,20.5,42.2,58.4,13.4,declining_revenue,2025-07-27T00:00:00
7deb5020-da03-5a7b-bc55-d63a2404a271,eeb546d4-9cc3-5314-a3cf-9fb014d96b68,82.8,80.0,88.9,33.0,89.2,product_gap|inactive_products,2025-07-25T00:00:00
b8717ecc-a317-5f7c-87c6-16c958ec293d,a33ea889-160a-53fc-b474-ba1b677701a5,28.9,30.0,44.4,24.0,16.3,inactive_products|missed_visits|product_gap,2025-07-26T00:00:00
a29a4f3b-2fcc-5e08-bdd3-24b99970f596,f2938a3e-e2e7-5b26-8a84-d1c3e60f941b,33.3,8.1,43.2,13.5,39.9,declining_revenue|high_churn_probability|competitor_risk,2025-07-30T00:00:00
8ed389bb-7bd8-5667-b42c-741df2f0282b,6a5f1922-ebb4-59d7-99fe-b30c0bf7ecce,48.2,53.1,59.3,27.4,43.0,competitor_risk|missed_visits|low_transaction_volume,2025-07-31T00:00:00
faf05e83-7042-5f0c-8e9d-cdaa9a98ff77,6511e734-1feb-59af-a892-a87374f34ebb,54.8,30.1,68.1,36.1,48.3,inactive_products,2025-07-28T00:00:00
3b9b8be7-b50d-55a8-ba60-c710bc175afa,04fb4d72-367a-58c1-8195-60a6507914d3,23.3,1.2,30.9,64.0,17.2,product_gap,2025-07-27T00:00:00
91f3ef14-4680-5353-a8ae-5ecc2fc46349,0c5a8d1c-ccf3-5d8e-ae35-290e69f09907,94.9,66.2,77.5,66.7,78.3,product_gap,2025-07-25T00:00:00
3c40f6e9-b74c-5c32-b181-841de8462078,70dcb470-1f3b-5ff1-9218-2691192ca6e9,34.4,31.8,21.5,86.0,18.6,low_transaction_volume,2025-07-28T00:00:00
88436620-883c-5634-8a49-6d97ee832ac5,23bbfd8f-47b3-5b12-baf0-55d2adae6a4d,65.2,36.2,45.3,33.5,61.3,inactive_products,2025-07-26T00:00:00
d218beb0-383b-55f9-a971-39951f97850f,6d99347d-0056-57a2-b40b-1c138af83419,45.1,22.7,38.0,27.3,26.1,inactive_products|low_transaction_volume|missed_visits,2025-07-29T00:00:00
3d682e2e-baf5-5832-8c6b-a1ead96ad3f9,98a31b9f-9ad9-5616-9b27-939d6a0c34cb,32.7,34.4,33.8,63.0,32.5,inactive_products,2025-07-31T00:00:00
51009414-3db6-5d45-bf70-8df7371298fb,14484de5-5342-5ef7-bb00-77c5c5b903d2,30.6,30.5,8.1,40.2,16.7,product_gap|low_transaction_volume,2025-07-29T00:00:00
3766adcf-5019-51d9-9c13-04ba7b169532,4ef5faf8-0f6f-57e6-b280-f02415866b1d,87.5,61.4,78.3,89.1,77.6,declining_revenue,2025-07-29T00:00:00
92cfff7e-aebc-5fdf-8a87-1bc851c0f126,75b194f1-6323-5e3f-9d74-f06333ef4d67,77.0,94.9,56.6,76.8,76.9,declining_revenue,2025-07-30T00:00:00
0bf57737-7d1d-5036-99c2-d11c480d9342,cc7dba39-9fc6-550c-9fc7-cdaff6e74660,61.1,59.2,45.6,26.6,57.4,low_transaction_volume|missed_visits|high_churn_probability,2025-07-26T00:00:00
8ea22684-7e12-5239-904c-6ee1729729b9,a96ae10f-0d82-5156-802a-0b93c66f979c,19.8,14.2,7.8,42.2,9.4,low_transaction_volume,2025-07-26T00:00:00
92e38758-9c42-5ff5-84c0-67540ae59105,bc25a51a-f86e-5321-ad07-8446444ea8c3,23.5,28.6,13.5,59.9,4.8,low_transaction_volume,2025-07-29T00:00:00
ccbf9693-d142-579e-9727-9c038d120525,acd639d2-0a2a-5b8c-8f9b-a8a9056d9582,31.4,41.0,52.6,55.5,19.0,product_gap|low_transaction_volume|competitor_risk,2025-07-31T00:00:00
6988cf25-dabf-5c79-a5ba-da31266bb361,ef1123b0-4761-5276-bf42-c99cc64e1d86,39.0,25.6,45.8,80.7,28.5,high_churn_probability|product_gap|declining_revenue,2025-07-25T00:00:00
9512bb47-d5c4-59f5-a58b-1a1c9d88262d,2e4d4b9c-817f-51b8-9247-862d368d2d37,81.4,95.7,75.9,50.9,83.6,competitor_risk,2025-08-01T00:00:00
9b37fdf2-0f53-54d1-9017-8202eecedf8e,16515985-00e6-538a-be14-4428d2229892,24.3,10.5,21.1,29.5,6.7,inactive_products|low_transaction_volume|missed_visits,2025-07-30T00:00:00
550f2596-0742-56a5-a975-1388e0e0785d,47dd943b-3a59-5885-831f-5b9a7f3b9396,30.0,18.8,37.1,29.0,31.7,declining_revenue|inactive_products,2025-07-25T00:00:00
6ac3c1e1-2830-555b-8eb5-29afa82857bf,4134a576-76a3-5628-80c6-4de326b0626b,62.2,48.1,76.5,13.2,65.9,declining_revenue|missed_visits,2025-07-26T00:00:00
0b16c875-d42e-5f06-83df-94adbe214290,80699c98-bf43-580b-9754-9b2ada607cda,40.9,22.4,52.6,37.4,27.1,inactive_products|low_transaction_volume,2025-08-01T00:00:00
6345004c-b07e-5cdb-84a9-01fbc01b481c,ee121ccf-df6b-5b72-91cc-f2efa3dc9eb6,98.1,87.5,83.4,35.7,87.8,declining_revenue|high_churn_probability|inactive_products,2025-08-01T00:00:00
a6a68393-92d7-5b76-8267-165e61166be6,b551780d-4f96-598c-9e14-c940e936f077,81.3,53.8,99.7,85.1,65.1,low_transaction_volume|declining_revenue,2025-07-30T00:00:00
0af4bdc7-7272-5d04-b292-de4784e9f7a8,0b242086-2362-5dca-bd67-d4bda6f6d1fd,38.7,34.1,35.0,47.4,23.6,declining_revenue,2025-07-29T00:00:00
81885f30-13b2-5a9e-b1cc-84863e433423,785169b9-83da-56d2-a59b-04e35cf4bb01,24.8,11.2,14.2,45.9,23.9,competitor_risk,2025-07-28T00:00:00
a6bdd69e-783f-5135-a52a-358a2efd62db,3533e91a-6c3d-5181-b675-6598d235e36d,49.5,39.4,32.9,45.3,44.7,low_transaction_volume|missed_visits,2025-07-26T00:00:00
bb01cb53-12fd-56af-a50b-9f8110964f72,48380be3-46fe-5cea-9b64-86eb7a42b49c,45.4,36.8,24.6,82.5,34.4,low_transaction_volume|product_gap,2025-07-30T00:00:00
38480656-6232-5aef-b9b2-d10840399dbd,2f0d50fa-61c5-5f65-85cf-5797db775a40,37.1,26.1,27.4,32.7,34.0,missed_visits,2025-07-25T00:00:00
e00dab25-95e0-507c-a516-8e033baec38f,852f07da-d638-513e-ad8d-6233ee1bb2fb,17.9,17.8,6.6,25.2,0.4,high_churn_probability,2025-07-27T00:00:00
4eda5174-b42a-5f66-9d0f-3bf6601ac3d3,ab402b91-e908-5c90-89d1-040c3fad8c6f,34.7,23.3,34.1,61.3,32.3,product_gap|high_churn_probability,2025-07-26T00:00:00
b7d8a496-1a4b-5fea-8970-b48d37524f25,04d58091-bfa3-51f3-90d8-eaffa8b77c67,50.4,67.0,33.5,71.0,59.1,product_gap,2025-07-27T00:00:00
1ad93101-2100-5ee7-8df7-40c9f7181e73,df28fc2b-8725-5f9f-b07b-689682471c74,35.4,23.8,13.3,40.8,28.1,high_churn_probability|inactive_products,2025-07-29T00:00:00
bbc6615d-fcd9-5733-8d22-309abe886d51,38a1a40d-329f-57f3-9cd9-b0a08e6a7b64,66.1,54.1,76.4,12.3,66.0,inactive_products,2025-07-30T00:00:00
eed48b10-0de5-5b88-8722-1ae6732d41e9,e0871838-be01-5d11-b197-cc87d0f2ba01,25.5,11.6,30.6,86.1,30.7,high_churn_probability|declining_revenue,2025-08-01T00:00:00
9c7c7415-1725-5a85-8003-754402f9ab0e,e8c1544d-4294-5681-b84b-eca4289b7c4b,19.7,28.2,17.2,66.5,28.9,high_churn_probability,2025-07-31T00:00:00
5fcfd3e1-aecc-5b43-a8a1-5bcf29862148,93eb535b-2dc6-5ada-a3cd-994ee0720f37,35.7,14.0,32.1,65.3,30.8,product_gap,2025-07-26T00:00:00
e05ebab0-04c8-5ccf-b101-fb004b9b7a0e,0ba00c7e-2d91-5872-bbbb-f7a769d4d1f8,74.7,50.1,78.3,73.8,79.1,product_gap|high_churn_probability|low_transaction_volume,2025-07-28T00:00:00
fa6a3dd8-3011-50d0-aab4-fcfc50396f70,d0bfe50b-b011-596c-bab6-e071945ae144,44.9,15.3,28.4,49.3,27.9,product_gap|high_churn_probability|missed_visits,2025-07-26T00:00:00
bddc2c7f-1bb5-575e-8c4f-b4c72afd5d63,1259272d-08e4-5ce6-90fb-be8026628b5f,36.0,14.5,29.7,66.3,21.9,missed_visits|high_churn_probability|product_gap,2025-07-30T00:00:00
d76e5eb2-f331-56d8-9cdd-483199cacb93,13860416-cfcd-5aa8-ac90-096ab9677e84,35.1,33.5,20.7,26.1,37.6,product_gap,2025-07-29T00:00:00
0328779a-f537-525a-af54-6833bf5ae799,bd497535-7902-5987-af45-39611a302a57,25.4,41.4,5.8,60.9,7.8,product_gap|high_churn_probability,2025-07-31T00:00:00
f7d812cc-7623-5b58-8b66-055205ae94f2,75bc3343-bd6e-5a4b-a800-67f16dfe4305,30.1,1.6,16.8,48.8,32.9,low_transaction_volume|missed_visits,2025-08-01T00:00:00
084c81ca-5395-5dc4-9c02-7fc048865d9f,91fc7ae7-d612-57c1-a59c-5c92ce8e587d,17.4,21.8,41.9,17.7,14.3,high_churn_probability,2025-08-01T00:00:00
21b3f560-e6f5-526f-af81-20bfe575844c,b8340c07-812a-5986-b8be-e79316280d45,30.0,23.7,21.9,44.4,21.2,inactive_products|missed_visits|product_gap,2025-07-27T00:00:00
36fea175-f0d2-565e-a64a-1ab547150971,379ada66-b3b0-53ca-8a8a-0b2923ffa523,55.0,58.2,48.9,14.6,45.7,missed_visits,2025-07-27T00:00:00
2d5aaea8-02a6-55ab-ba3a-20f271c0c7be,2c1efd98-1bb9-5b09-9421-e27bfff7fe74,64.2,77.7,59.3,76.8,71.9,product_gap,2025-08-01T00:00:00
ecd62bca-a895-5856-9a5d-68047fc4f41f,7944d169-47e3-5be3-8e6e-48cb0be22ca0,58.1,46.5,64.0,62.7,52.3,missed_visits|high_churn_probability|declining_revenue,2025-07-26T00:00:00
efec8b39-08f2-5219-a1c6-a52d7c0e51ed,105e6809-a7b6-51e3-8e86-7cd8ffe85470,41.4,59.3,57.0,11.3,32.2,high_churn_probability,2025-08-01T00:00:00
813d866c-25ec-57f6-9367-0a0a3d7cf956,786fa11e-4d45-592a-8ba0-91ba5c1573df,84.2,64.9,79.0,69.1,88.1,missed_visits|high_churn_probability|product_gap,2025-07-27T00:00:00
55841545-1c32-5048-a463-8dbbc4670200,4415fe8c-97cc-5d15-aee3-27997578bfd9,32.1,47.4,43.8,33.5,18.0,high_churn_probability|inactive_products,2025-07-30T00:00:00
26166eed-1bf0-5d9f-8d7f-c79388706020,79f6bc28-8fb5-5667-8083-4cb80dc0d83d,49.8,21.4,49.7,17.0,54.8,inactive_products|high_churn_probability|competitor_risk,2025-07-25T00:00:00
229131bc-128b-5213-8481-5dc0f9af0bcb,4b5248d7-2fac-5166-9a59-ebfa65896f3e,64.2,67.3,51.2,26.9,66.8,low_transaction_volume|product_gap,2025-07-31T00:00:00
5517a480-2f4e-56ea-8c7a-1f70a577fbc2,fbf6b6d9-b3fc-5849-bed6-a8efd4ff15df,19.2,35.4,33.9,27.6,7.5,low_transaction_volume|declining_revenue|missed_visits,2025-07-25T00:00:00
84180468-bed5-5785-a59a-51c65ea851bf,797fe38b-526e-5e9c-b5b7-0afbef0991b8,53.1,69.2,59.7,49.4,56.9,low_transaction_volume|high_churn_probability|declining_revenue,2025-07-27T00:00:00
3322320b-5c8c-5d49-a8db-672c01fcae50,22746863-66c2-5148-b1c3-0e496f314a04,49.9,52.1,43.7,67.4,52.0,inactive_products|competitor_risk|low_transaction_volume,2025-07-26T00:00:00
704befc6-996c-55be-984f-25717d3c7eac,05a4994d-a059-5089-8a6e-4736ef5e21a5,59.6,40.8,40.4,17.0,42.3,inactive_products|product_gap|declining_revenue,2025-07-29T00:00:00
682d972b-9b6a-5abb-bad4-a68097b9c67c,498f951c-6dfe-533c-a120-1beece00a222,44.8,33.2,62.5,86.3,42.1,competitor_risk,2025-08-01T00:00:00
b96d48eb-77f5-5ce0-ae1a-eeedebc1ea85,828f6bc6-59ab-5b55-8670-027079ec2c19,27.4,46.5,18.4,39.2,27.8,competitor_risk|declining_revenue|product_gap,2025-07-30T00:00:00
54285aeb-75d3-5f3b-8fbd-119ab74a1467,8528de39-c67a-5685-841c-0efd36906177,35.8,25.6,37.7,46.8,20.1,competitor_risk|declining_revenue|low_transaction_volume,2025-07-28T00:00:00
8da62e22-03de-5f7a-9b6b-d6f0a76d5d43,6409d22c-88a1-5681-86c8-da655632ac52,48.5,25.9,37.7,69.8,54.0,high_churn_probability|product_gap,2025-08-01T00:00:00
2fa95df4-9590-5a08-bf5f-c682f383e4d6,5e3102a8-ef77-5d8c-b93a-c7fdefaad65d,39.0,15.1,63.8,66.5,33.3,competitor_risk|high_churn_probability,2025-07-29T00:00:00
f5e90465-c84f-5531-9372-b9697180335e,44cb00b0-30e2-5c17-b375-61ac679636ba,72.4,50.0,83.2,77.8,80.4,product_gap|low_transaction_volume|missed_visits,2025-07-29T00:00:00
3b99a442-21a3-5c71-bb78-077e7577e1d8,d4110a62-ffba-5869-9a5f-f35bb8faebaf,43.0,51.8,60.9,68.2,32.0,inactive_products,2025-07-30T00:00:00
52ff0990-90af-5403-bbb9-c74e6bdf0020,7c2a0b5e-3238-5711-b813-f0884d9a77ff,84.8,85.4,99.6,70.6,76.5,product_gap|missed_visits|inactive_products,2025-07-28T00:00:00
a08303ab-7c5c-51e8-a328-6c89c41ff209,13e9865d-d14f-598f-b083-8b877609cc7c,26.3,39.6,21.0,20.5,28.9,high_churn_probability,2025-08-01T00:00:00
19acb48b-2487-583c-934b-bf80298ba5d6,7829c712-e5e1-586e-bd76-b80949808b10,49.0,47.9,46.1,48.6,55.9,missed_visits|product_gap|declining_revenue,2025-07-29T00:00:00
700c2a63-f465-5146-a822-180d31bdd106,249b1448-4b0d-521f-9412-27a70153ee70,23.7,15.8,41.7,18.2,27.3,declining_revenue|high_churn_probability|low_transaction_volume,2025-07-30T00:00:00
bec697b7-4004-56ac-af09-98260def2b3d,f2d269c5-e9d3-5006-b3f0-9cc02e002275,30.1,46.4,9.9,87.9,15.5,high_churn_probability|declining_revenue,2025-08-01T00:00:00
3d610a84-aa31-5779-aa9c-376f7c8a70d2,068724a4-bdd0-5843-88ee-82dfa8eacba1,82.3,73.0,63.7,67.8,69.7,high_churn_probability|missed_visits|competitor_risk,2025-07-31T00:00:00
776034a5-6a9b-58f4-b4f6-0a5a886201ab,84ae3f98-20b5-568e-9fcf-34eda610e05a,24.6,26.6,8.6,69.6,27.9,missed_visits|high_churn_probability,2025-07-31T00:00:00
d572a43d-d3ca-52dc-81d2-3ac195962140,4d771381-b671-5e5c-89b7-d6a2435b77e8,46.1,34.5,27.1,16.6,40.8,product_gap|missed_visits|inactive_products,2025-07-29T00:00:00
3ecdb57e-f57e-5a1b-9fbe-0c7448bb3049,4f599702-ca98-5a51-bf60-69b310c41bfa,15.9,24.9,3.9,57.4,10.0,competitor_risk|product_gap|missed_visits,2025-07-26T00:00:00
98806a88-eb50-5a16-88da-3b95b775de44,2ce7d66a-f6fd-52b4-897b-6844c274ad72,26.9,15.3,37.6,79.0,23.1,low_transaction_volume,2025-07-26T00:00:00
28b23c95-161a-5dd4-8ecb-9af96caf2771,264fc5cd-4200-5b9f-9711-123db4d09d9f,47.5,45.3,49.3,75.0,42.2,product_gap,2025-07-31T00:00:00
c00f0df0-77c4-5bb4-a8dd-c024aae4f72e,b14a7b9e-336c-57df-8501-975f53e6b1cf,45.1,60.0,29.2,57.9,30.5,high_churn_probability,2025-07-25T00:00:00
847994bc-5e95-56b0-b2ff-9c8af4f85a46,bb01dbc7-1d5c-5aab-b528-d05a1dd919b0,47.0,23.5,32.3,22.9,43.9,low_transaction_volume,2025-08-01T00:00:00
f8353bb1-baba-51bb-8a73-605a5dd6f4c3,be28feb3-6829-5960-a771-5f3ce07f36bd,18.4,11.5,41.9,23.7,27.7,competitor_risk,2025-08-01T00:00:00
75443325-475c-53a2-a2f1-d7fc6122535b,b8bc0ade-b0da-5553-9c1c-05034ef5ff4a,24.9,40.6,14.7,52.7,9.1,competitor_risk,2025-07-25T00:00:00
75b829a4-9955-5063-ae30-d5c40f4ece2f,b153dfcc-d513-57a0-a210-75c90128d3f4,77.4,72.9,85.1,63.0,58.7,missed_visits|competitor_risk|high_churn_probability,2025-08-01T00:00:00
1590e884-e7fe-5453-9d5b-76a59efba14c,c4e597c1-b6e3-52cb-8e1f-3a60ec44f067,22.5,40.7,28.6,27.3,13.3,inactive_products|declining_revenue,2025-07-30T00:00:00
81ca0cbd-8a14-5036-bda4-241612c8c193,dcbe95f3-d221-5078-b64c-aae90657e533,78.2,61.0,71.1,82.3,70.2,low_transaction_volume|competitor_risk,2025-07-31T00:00:00
881a07e4-bb82-5919-97e8-6831f79fb75f,55604d5e-28aa-5e9b-b0e6-b70f0999b394,52.8,49.6,31.3,68.6,62.7,product_gap|high_churn_probability|declining_revenue,2025-07-29T00:00:00
44301a8e-8ae3-5b44-b5c4-f3b49e6cba1e,c7759084-02b1-5e64-8253-e161a60c3ab7,43.6,43.8,39.6,22.3,53.4,high_churn_probability|inactive_products|competitor_risk,2025-07-26T00:00:00
85ae2bcc-d5e0-5ce6-8ee3-0148ebc3e4e1,d516f45c-0555-5fb4-bee1-a11644152c15,30.2,6.4,10.7,53.9,12.1,declining_revenue|low_transaction_volume|missed_visits,2025-07-31T00:00:00
3c12a777-bacf-551e-8c1a-a74fb8acd3e3,abf5ce7e-4a34-585e-8499-eaed5429d9c0,69.1,46.4,84.0,31.9,52.0,inactive_products|missed_visits,2025-07-29T00:00:00
2e648c41-4c04-5cab-b7f9-2285e925518e,0c6b1437-9121-5967-a405-52902bf32821,51.4,67.6,35.1,68.3,40.6,inactive_products,2025-07-25T00:00:00
ad80a73b-eb42-567d-ace3-59bb7e3d8d5e,9b0a2038-f54f-5077-8998-c2c8e6d2ad07,18.8,33.6,24.2,58.6,25.8,high_churn_probability|competitor_risk,2025-07-30T00:00:00
e26d107b-6586-59b8-a46b-0997302673a8,f9569bdd-9e7d-5f01-aca2-61d5ecfe9a55,27.7,38.5,36.6,73.1,24.3,declining_revenue|missed_visits,2025-07-26T00:00:00
7c1e9d01-c1e4-5786-8f0a-09576e0554f1,ff2ed324-7a26-5b6b-85e9-88b9f0c9616c,34.1,4.5,34.8,22.4,17.9,missed_visits,2025-07-26T00:00:00
e4d2b283-5ed8-5687-8ae4-090da1242502,ace29b2c-9a3c-55ba-b730-eb51921adb3e,37.7,39.7,31.2,72.2,38.0,low_transaction_volume|high_churn_probability,2025-07-26T00:00:00
b7a907dd-1e6b-5613-9503-834e90388abc,19778533-d703-59de-af73-a4450c4b9423,43.3,62.6,58.2,50.2,31.5,product_gap,2025-07-26T00:00:00
924f1250-16a9-5987-bdf8-27e3c1acff30,a361cc24-04c7-5dd9-a3c2-8f4419960dbb,35.8,37.6,15.2,34.5,38.9,inactive_products|declining_revenue|missed_visits,2025-07-31T00:00:00
9332a0f4-5166-54ea-9b87-83c36909a5f8,c9578173-114a-5c18-a4ae-bd8006b20bf7,75.9,57.9,55.5,56.0,58.4,high_churn_probability,2025-07-28T00:00:00
b6a8288b-9270-5513-add5-4ac7e743e27a,09061ab6-5483-56c6-aaa2-ede27655cf83,37.2,55.3,33.4,50.7,39.1,inactive_products|low_transaction_volume,2025-07-25T00:00:00
4e17c6a5-5b20-562f-8daa-e8b289186f19,1d16ab2c-a09a-5f94-8147-65a46c813cd3,34.9,25.2,40.7,82.9,37.3,high_churn_probability|competitor_risk|low_transaction_volume,2025-07-26T00:00:00
7e83fa7f-3e4e-53dd-a6bd-1edfb4b245e5,271e9dfd-d30b-5c2d-bda3-6676d12df1ab,43.1,47.3,20.2,45.9,28.2,missed_visits|declining_revenue|competitor_risk,2025-07-29T00:00:00
867134e7-6e0c-5c23-aadf-89e0c4d83f3f,866e30aa-4160-5438-be1e-860a5ed4dbf2,22.0,21.6,44.8,43.8,13.4,inactive_products|declining_revenue,2025-07-27T00:00:00
25fa8639-cca7-598b-8346-631819a350cd,1a28ecf5-3845-5e5c-a83a-367fc406fbca,53.8,65.4,71.3,78.6,42.5,high_churn_probability|declining_revenue,2025-07-25T00:00:00
ec681ca2-7305-5c89-9c3d-ecfe44c26a2a,e51a4339-2687-531d-a3e2-a566085efbb3,26.7,34.5,30.2,27.4,15.9,low_transaction_volume,2025-08-01T00:00:00
b7365d40-926c-57c3-9b16-b24f0d24f294,6df02c74-0a9d-5114-b570-ca3bfbe11fef,52.4,40.2,58.2,36.3,43.0,inactive_products|product_gap|low_transaction_volume,2025-08-01T00:00:00
50c04d38-246c-50f4-bcc4-875a654fa17a,3b65322b-cb89-5c2e-92e6-88f12debe93c,29.0,0.4,25.5,25.8,24.9,declining_revenue|product_gap|missed_visits,2025-07-30T00:00:00
0cf0f1da-0d91-50ca-adff-5bba5a04192f,37944f66-d85a-54aa-9646-00427ed3b070,70.3,78.7,57.8,47.7,61.5,low_transaction_volume|declining_revenue,2025-07-27T00:00:00
7a82e8e5-4797-5d33-b718-19e813055fb6,59abda36-0470-5787-ba92-83984b1bc8d2,32.1,42.7,12.6,45.1,37.3,competitor_risk,2025-07-30T00:00:00
0368c320-cd5e-599d-b4da-744c34c7c02b,c95fda60-e74c-5f91-85fc-9f3d4a990f67,20.6,35.9,32.3,18.9,9.1,product_gap|low_transaction_volume|missed_visits,2025-07-30T00:00:00
02661afc-8db8-5d70-a486-7234ccfc47c6,14c6fa13-c1bd-59a9-92fb-3d1ec0dea978,30.8,34.1,53.2,86.8,40.3,missed_visits|low_transaction_volume|declining_revenue,2025-07-31T00:00:00
392fc96e-52c3-58a2-a25e-9915b049449a,e0736f72-3f98-5bff-ba01-8a58f1c0b8a5,31.8,18.1,45.1,80.5,26.9,product_gap|high_churn_probability|declining_revenue,2025-07-26T00:00:00
d11b5291-b7fc-5368-b484-c09552eef40a,b905c365-f86b-5e0a-bea2-7c14bea33ed5,20.3,0.9,7.0,50.0,23.3,inactive_products,2025-07-29T00:00:00
7393c492-4b30-5fc0-8473-9c5353681627,05ab51ed-f003-5289-bd9e-af9a503b5531,17.1,27.3,18.3,33.2,13.2,product_gap|competitor_risk,2025-07-26T00:00:00
e8777c6f-4be2-5a0b-9d72-026b2c3b11e7,3fb91aa2-a34c-52ce-af0c-7d60ea25185f,66.2,61.8,53.7,71.3,72.1,high_churn_probability,2025-07-29T00:00:00
940022c6-dd2b-573d-9230-820aea34b280,e6c8ca77-9637-5d02-bdf5-bef9cbdacddf,60.0,65.3,75.5,66.1,55.1,declining_revenue|product_gap,2025-07-30T00:00:00
d06b04cf-8c31-569f-afdc-42bb0f244c36,990fee4b-799d-57ff-9802-5d21446e3a84,64.7,46.2,46.3,13.1,74.4,high_churn_probability|inactive_products|declining_revenue,2025-07-30T00:00:00
dd7268c7-b80f-5c1f-b652-3c67918ad5b8,d2575666-d842-5fba-9e7b-b26a2594f484,32.1,21.1,33.3,66.0,41.5,declining_revenue|low_transaction_volume|high_churn_probability,2025-07-29T00:00:00
632bf748-e183-5600-b5dc-8912262afe9b,e3e10a9f-b1a4-5603-a96e-9b2afdca93f1,28.4,20.7,6.0,18.8,19.4,low_transaction_volume|competitor_risk,2025-07-27T00:00:00
bc65eb1c-fa8c-585c-ae11-a1371d37bd47,d05d6123-7a3c-52ac-9c68-fa1fd385e75f,43.5,58.2,27.6,10.0,43.3,missed_visits,2025-07-27T00:00:00
3da82f75-d254-5840-9780-491674210d49,70f17f48-acc4-50c5-bd20-0d29e9d8c5c6,84.2,58.9,66.8,85.9,75.1,missed_visits|competitor_risk,2025-07-28T00:00:00
43a41417-d761-5b4c-b9f8-131109dc9ec8,fd067d0c-8fd4-5410-8066-cb1d1995363d,19.5,30.4,5.8,38.8,23.9,low_transaction_volume|high_churn_probability|competitor_risk,2025-07-27T00:00:00
4c90378c-b26f-5c8a-9e92-65e12e18bf96,09df7e8b-c85e-5c27-bf69-3d07dd695adc,24.5,17.1,43.9,20.4,26.8,declining_revenue|competitor_risk,2025-07-31T00:00:00
c342666b-b4f5-5079-a8f0-2e8f4fac4091,9cbc5fcc-accd-5919-8d65-ef69530f9d78,41.2,46.5,62.5,16.0,37.6,inactive_products|declining_revenue|high_churn_probability,2025-07-27T00:00:00
eaf1c07f-42a0-5bbd-89f4-5991f1f056f2,5a440d1a-c729-5814-936e-eb4d31c3cc33,86.0,79.5,67.0,20.2,78.6,inactive_products|declining_revenue,2025-07-28T00:00:00
5994d289-e51d-50bc-bbe0-3d83f3b41a01,b8fd51fa-c886-5d3b-a84b-818d7abc44dd,50.7,52.2,31.5,44.9,45.1,missed_visits|inactive_products|product_gap,2025-08-01T00:00:00
80b24028-c0b8-5bfc-a1cf-00b85aee7046,a7ea437b-27e5-5be1-9b9c-210a5746e9d4,21.7,12.1,44.6,14.9,30.9,high_churn_probability|declining_revenue,2025-07-29T00:00:00
8a803dc1-4fc0-5bef-8c54-d5ffa224badd,d25fbda9-6849-5cd9-9830-5e63aae77bb1,78.5,75.1,77.4,16.0,71.7,product_gap|high_churn_probability,2025-07-26T00:00:00
b80211a3-fd54-52e7-ba79-3cda889c4bac,807a43a9-ece0-5e10-9ebc-cc0a150d7928,56.9,40.4,41.1,22.8,43.4,product_gap|competitor_risk,2025-08-01T00:00:00
77e82ba2-84db-54d1-be82-6d68d3205153,c0432633-3ed4-5a76-8ac4-6bbf2c84362e,50.2,33.1,67.8,33.7,38.2,product_gap|competitor_risk|high_churn_probability,2025-07-31T00:00:00
3f1f1da2-05c7-5193-8cef-f6d66763a27f,c2d2722b-2c85-5252-99d7-1c2718256d74,21.8,10.0,1.8,21.9,28.4,competitor_risk,2025-07-30T00:00:00
9dbc393a-5c5e-5a78-87b1-3417be31e959,1e75c99a-f5b4-5f5c-98dc-682b646a8bec,85.4,99.1,99.6,26.8,68.9,high_churn_probability,2025-07-27T00:00:00
4fc91d83-10fa-58e6-ab31-078a99565872,86bd3fa3-7366-5f97-a4e2-403c1d002ac3,40.3,57.6,59.5,31.1,24.3,missed_visits|low_transaction_volume,2025-07-28T00:00:00
5102f40e-1be7-5866-8d74-78323e14d85a,1a2cc6bd-3f5c-5b1d-bf24-5f67f32471d9,28.0,39.2,44.2,27.5,36.9,high_churn_probability,2025-07-30T00:00:00
c6587e54-ef1f-5a14-bbed-a819ab5ed648,484ba53a-36fd-5a3a-b59e-47356ae6712a,47.7,50.5,66.1,85.1,45.2,competitor_risk,2025-07-26T00:00:00
b5507c70-fbd0-5b2b-b5a9-23ce1f74e4d0,10e84674-d1d3-5583-8db7-b3a495a4c3c0,52.8,54.5,55.4,75.3,39.4,inactive_products|high_churn_probability,2025-07-28T00:00:00
c0c2c137-8e07-50f3-8bfa-c5d65545ad30,c81d4867-79db-551f-98a1-4f7363565723,65.1,57.4,76.6,44.7,49.5,inactive_products|product_gap|declining_revenue,2025-07-25T00:00:00
bd17151b-954f-5d63-9178-45fc5cc665d4,8f90220a-79b9-5c81-afee-4203687c653b,18.7,7.2,37.7,25.1,14.1,product_gap,2025-07-30T00:00:00
f967ec22-2626-53ed-865a-99ead781fabe,5ec11051-213d-5a94-8bcc-56917ec357ad,76.2,54.3,59.9,41.5,74.4,missed_visits,2025-07-31T00:00:00
9b8f7ac1-1949-543a-859d-88dc768464ad,8721fe4c-9abb-5bbc-9308-634bc16bf8ef,20.7,37.0,44.4,18.0,16.5,declining_revenue|product_gap,2025-08-01T00:00:00
ff2d5125-3496-5eab-af8b-b9ff72209d33,e8d5f432-ef73-56b9-8a4a-ae65b1fd35bc,58.1,33.6,33.8,76.4,66.1,product_gap|low_transaction_volume,2025-07-30T00:00:00
2ccdb6db-5e80-5851-8fff-9f08ceaae6af,82824dbc-6208-5264-a375-813636473ac9,24.9,6.4,31.3,11.1,33.9,missed_visits,2025-07-31T00:00:00
e9bcb412-a8e3-5a18-bdac-f5c52db29adf,0ca10268-9c2f-5640-a7e2-d77c2f3c0c04,73.6,47.8,55.5,70.8,80.3,inactive_products|high_churn_probability,2025-07-30T00:00:00
d1d89145-d523-5f4f-9c37-9cfe6f6e0a54,7ecce1e2-8662-561b-890f-c60db099bd1c,67.7,40.5,77.3,60.2,51.4,declining_revenue|inactive_products,2025-08-01T00:00:00
7b2f76bb-4b69-550e-87b8-b45e1ff38469,c88b8f22-575e-5684-b991-cad56d0f1297,19.1,34.7,18.3,10.1,6.5,low_transaction_volume|competitor_risk,2025-07-29T00:00:00
89b0687a-15ec-5244-871a-e66117684010,03729a66-4f85-5ce7-a0a2-64b80dfb94f7,32.1,34.9,18.4,80.3,23.6,missed_visits,2025-07-31T00:00:00
ab6feb25-fa9e-5a41-b90a-a1a1b3aae141,32e6d130-f7e0-54cd-bba3-6c9d8057d4e0,54.8,29.8,77.5,38.6,53.2,declining_revenue,2025-07-31T00:00:00
74b3e914-6b84-5ace-8772-9b9ff67448bf,54cbec8e-341d-5340-a28a-4ec2fd641fc9,29.4,29.9,13.3,52.4,27.4,low_transaction_volume,2025-07-26T00:00:00
b77eb2dd-3b0a-5f3b-8cbb-6d9dea9b409b,f7b60c5f-ce0c-535a-a0d9-8bbdf0533618,21.0,33.5,16.0,18.3,28.5,high_churn_probability|missed_visits|competitor_risk,2025-07-27T00:00:00
39da33a7-9011-57d9-983c-df126afdb8a1,4308f9f4-3182-50aa-9c4c-442d47740e8e,98.7,95.7,99.4,72.2,81.8,inactive_products|low_transaction_volume|high_churn_probability,2025-07-30T00:00:00
3715398f-c500-5913-9f55-d4f11841a524,fa8caf74-67cd-507f-bc26-bf8b675608da,30.6,6.3,27.0,68.1,15.0,inactive_products|product_gap|low_transaction_volume,2025-07-27T00:00:00
9160359e-418e-52d3-8331-1708346b1a30,c7774a9e-3d23-5304-bfb2-a925014ade85,54.8,44.0,45.8,43.9,55.6,inactive_products,2025-07-26T00:00:00
9a876957-d137-547d-9dd6-ab9798be51a5,70e12496-4561-5fb7-874f-cf8dfa3ae5d5,39.1,28.2,41.5,53.1,33.8,missed_visits|declining_revenue|high_churn_probability,2025-07-29T00:00:00
10718f02-bdb8-5057-803a-63460d630bdd,75debe98-25c1-5fce-ad33-a909ca61f313,69.6,68.5,79.3,69.9,70.7,high_churn_probability|product_gap|competitor_risk,2025-07-29T00:00:00
642fcf0a-3e9d-5b3c-92ea-fd3149f1140d,1e9ae40c-4117-5099-907f-bf75e9340bbd,69.0,39.9,72.0,86.6,76.7,inactive_products,2025-08-01T00:00:00
68e86a70-0007-5450-9741-316c2b8b9994,f738a129-e9dc-528e-8079-d88ddb5549c4,51.5,36.2,33.7,78.3,60.6,inactive_products|declining_revenue,2025-07-26T00:00:00
771c6023-dfbf-598a-8991-02260a2cb2fd,19d5fa88-6515-5d16-bece-b2b2ed72bbef,24.7,33.4,5.8,65.7,9.0,low_transaction_volume,2025-08-01T00:00:00
f00228ac-49ca-57ba-9ba3-9111ec77db16,7ff524d8-f97b-564e-a82e-6b568436f86f,60.9,66.0,69.0,15.9,66.0,missed_visits|low_transaction_volume,2025-07-30T00:00:00
d1756f90-7f38-58ea-96e2-ba116dc065ae,26edc5ba-88d5-5f4f-a42c-2f38746c506d,80.6,62.7,56.2,76.5,73.1,declining_revenue|low_transaction_volume,2025-07-30T00:00:00
3cf09c6f-968b-505f-a9cd-f6c9b01da11e,7bf21432-fb64-5ce6-95f7-d3584480443e,33.8,30.2,56.2,47.6,35.5,high_churn_probability,2025-07-25T00:00:00
e4f8ef90-84d8-564e-a5e8-60f606f102cb,9ac93982-cbd7-5a53-aab8-947fc303d277,46.3,24.1,65.3,12.6,48.8,low_transaction_volume|missed_visits|inactive_products,2025-07-30T00:00:00
37d3cdb3-c758-530d-b1b2-bd24dfb204e1,2b2a2f4f-fc8a-5b77-88e8-8adc84a14849,80.2,77.8,92.4,83.5,75.3,high_churn_probability|product_gap,2025-07-29T00:00:00
5069e8f2-a3b5-59ac-8412-40fd844ee2ab,2b2b8257-7f77-5d25-ab57-d18db979fe94,31.9,50.6,33.0,88.2,15.7,missed_visits,2025-07-29T00:00:00
d743f606-4f99-5f56-b20c-3c219d546bf5,e71484bf-0134-5d62-abd3-b0d45ff823cc,31.0,20.6,47.1,88.1,29.2,declining_revenue,2025-07-31T00:00:00
a182f49e-6557-52b7-b511-38c11b5a20fd,acab315c-d4b4-503f-a215-ac18a89d7df5,96.3,88.3,82.9,40.4,77.6,product_gap|missed_visits,2025-07-27T00:00:00
66a29407-404d-5d31-a2d4-1ced2ee990b9,57d55dad-a616-5ec5-9b98-d7f440daa916,40.9,16.3,19.8,58.3,46.3,missed_visits,2025-08-01T00:00:00
b90bcb12-f002-5b18-9679-1094b92be6b4,5f1cf3c7-3563-5603-90b6-2a7abad6594d,24.6,4.7,10.5,10.9,31.9,competitor_risk,2025-07-29T00:00:00
d49ee4d5-2feb-5635-8863-8f2eb4bbda20,44822024-67e2-5ccc-aa07-5429953f362a,37.1,11.3,40.6,13.6,46.7,low_transaction_volume|declining_revenue|missed_visits,2025-07-25T00:00:00
fe375457-8835-51d7-845a-cadf58116b02,c71b76d5-d661-5b5a-8076-27b96aaa95b0,61.1,31.6,54.0,32.6,53.1,low_transaction_volume|missed_visits,2025-07-29T00:00:00
76cfb3c5-ca3d-521e-a595-2a99ac93d1c0,753de5ea-fbb2-5267-b6c9-2108c456901d,27.6,46.3,37.7,17.8,19.8,high_churn_probability|missed_visits,2025-07-31T00:00:00
a9becb08-9f8a-5927-9137-9e71703e0ae6,f20b59b4-8074-505b-8765-123df9d62099,55.1,54.4,49.2,56.9,60.6,low_transaction_volume,2025-07-28T00:00:00
096ad000-3f81-5b2e-b0a7-52ddce5c657c,48dc9e98-c4cb-5aff-8e99-621a516a8091,44.8,62.5,31.4,27.3,45.3,product_gap|low_transaction_volume|high_churn_probability,2025-07-30T00:00:00
3dcc7e39-c8f6-5132-806d-a3b2347806bc,2d5ec651-590e-5d72-8d3a-eb69cffb940a,45.8,41.6,57.2,62.1,53.7,competitor_risk,2025-07-27T00:00:00
da71fea1-66a6-5878-9686-ff1b46cd0351,fc7a443a-1297-5090-bfed-6c8bdf0de11e,32.9,17.4,39.1,85.2,14.1,missed_visits,2025-07-26T00:00:00
586d8d21-02bd-57de-9438-49ffe54d443f,404af27b-67ac-5e84-a776-383c2bfffbe1,66.0,64.3,90.7,17.8,46.4,competitor_risk|low_transaction_volume|declining_revenue,2025-07-28T00:00:00
778315fc-7824-58f6-9c31-f9bf05055266,59796915-dc07-5f60-a803-aaace8adee1a,36.9,11.6,27.6,84.7,21.7,product_gap,2025-07-28T00:00:00
b70fd092-35d8-5074-80f5-7631c69ce360,5529a9fd-18ab-55bf-8f28-66b8a727dfef,38.1,17.0,51.7,30.6,32.3,low_transaction_volume|inactive_products,2025-07-28T00:00:00
b9c0ede6-1e7c-55b2-9cd4-a0d9db591d96,c7be72f7-dff5-5026-a07f-404e019b0465,62.9,79.9,86.5,49.1,53.8,high_churn_probability|declining_revenue,2025-07-28T00:00:00
6ccde267-46cd-5647-9aa7-34b45a89f5c8,7d8fca79-7c9f-5576-8887-3923fb333107,70.0,58.4,87.3,86.2,61.2,high_churn_probability|declining_revenue|product_gap,2025-07-26T00:00:00
dfdadfc3-7b70-52f0-96d2-0c144e81efb3,00d8096a-aada-5b64-b477-f912ef968508,35.2,36.3,42.4,69.3,22.6,high_churn_probability|low_transaction_volume,2025-08-01T00:00:00
8b6a198d-fcef-53ac-989d-5d408c6697f0,9111e0ac-13aa-52e8-ad18-a73f0194307e,63.9,52.7,67.4,78.3,50.6,missed_visits,2025-07-25T00:00:00
5fc3b335-80d8-58fb-938b-d34fbebd484e,68950370-eb43-5ce9-86dd-1f9acd1f8889,41.8,43.9,61.8,47.2,24.3,product_gap|inactive_products,2025-07-31T00:00:00
fb3ec787-3f15-5717-aa41-3c532921db81,9b5dab23-addb-53ca-bd0f-3f8e81902af4,82.9,62.3,71.8,35.4,92.8,inactive_products|product_gap,2025-07-25T00:00:00
2081acd5-6924-5b2b-acc7-1a234755b64d,9238634c-c937-5e10-b425-5e31b9923a8b,65.3,58.0,67.6,85.9,49.7,product_gap|low_transaction_volume|missed_visits,2025-07-29T00:00:00
c3633e8e-da5b-57ef-b0f7-e740983db08b,7c02f579-69f1-5574-84c1-fc512e1649c7,68.0,76.7,46.1,74.7,71.7,competitor_risk,2025-07-25T00:00:00
d4c2cdad-7000-5390-af8c-845224011ba2,1029a969-eaf3-5b34-9888-eeca955131fe,65.3,36.5,78.3,43.8,52.9,inactive_products,2025-07-30T00:00:00
7ba2b160-b7bb-5695-80fb-eca50fe08cd4,131766f9-7a95-5c38-89ca-cb3f219ffe8c,18.3,15.5,12.9,67.0,24.7,missed_visits,2025-07-29T00:00:00
0e33ab80-034d-5dde-8982-3e3663e9612a,419e04d5-554e-5f26-870c-490f24f89c94,41.8,16.4,61.9,37.4,44.4,declining_revenue|low_transaction_volume,2025-07-30T00:00:00
3e7b23d6-af3d-59c4-8150-090c3b3f0c46,e3aa2c03-d2ea-56ba-8cfd-684d1385ff06,46.0,42.7,60.2,87.2,39.1,product_gap|inactive_products,2025-07-26T00:00:00
dd535d96-3665-59e0-ab36-9186a9de7a03,d2a38a31-ff4e-5132-bc1a-c0a3de566401,47.9,21.8,56.3,59.3,37.6,inactive_products|competitor_risk|declining_revenue,2025-07-27T00:00:00
ff089b24-d0dd-5d2c-ae5c-725b0c6f50da,1fdc8070-ea18-528c-95c6-21bd601556d9,15.6,30.7,4.6,87.6,10.4,declining_revenue|product_gap,2025-08-01T00:00:00
30591a11-2e26-5046-97e5-3468daed3fe1,10c25549-9e52-525f-b4e1-3a5a7d98a56f,54.5,47.0,78.0,17.8,41.1,high_churn_probability,2025-07-29T00:00:00
b46d2c02-c983-54b2-b72c-e86c43d38160,b7416f3c-4e1c-5231-9f5c-d4b36aef8c69,31.8,20.7,24.2,86.2,41.0,inactive_products|declining_revenue|competitor_risk,2025-08-01T00:00:00
4a4feafd-126a-51fd-9384-7818c30b03e4,d0919697-1853-5240-b9fa-4b67ef68111e,29.8,44.7,29.9,79.4,30.8,low_transaction_volume|missed_visits,2025-07-25T00:00:00
2b1bc6f8-2c9a-5c91-9609-c691777267c4,26cfb47a-1770-50c0-93c0-1902e1383ecb,31.6,22.9,55.3,36.9,39.4,missed_visits|competitor_risk,2025-07-25T00:00:00
70120221-47f6-5211-844d-35c00d15df84,75bbd7eb-0476-5f46-9b01-32c25a4774e3,70.7,70.5,72.8,40.5,76.1,competitor_risk,2025-07-26T00:00:00
852b6257-759b-54e9-9d5c-d1c65d94ac97,70eaeea2-928a-5eb5-b563-8b339c068505,92.7,92.8,71.0,62.0,89.5,competitor_risk|low_transaction_volume|high_churn_probability,2025-07-26T00:00:00
daffc515-d3ed-5222-98c5-dc38f0c12321,f9cf41ec-effa-5b4c-8be7-0e9fe5d931db,19.1,3.9,19.6,56.5,1.0,inactive_products|competitor_risk|high_churn_probability,2025-07-28T00:00:00
6d1e9de0-6947-5d7a-a2b1-02e150afb290,4c051f32-86d9-5d97-bf24-5f8b5dd62268,49.1,57.9,51.6,19.2,54.8,declining_revenue,2025-07-31T00:00:00
f31581b8-b184-5611-a94f-ca04dae855cf,c0df7fa1-c35b-5e76-9f7f-be2d4e7b9137,68.8,74.0,80.8,10.6,60.0,product_gap|high_churn_probability,2025-07-29T00:00:00
4e1249d3-5782-52fe-b3fb-094d5a8fe570,fdc8490f-18c5-541c-a881-0a783177e69a,90.2,72.4,96.6,82.7,90.2,high_churn_probability|missed_visits,2025-08-01T00:00:00
79ba7b2c-8616-5d49-b172-20733b1542f8,bf1e7cdd-c176-5a12-adee-ae2347e0b045,98.0,68.8,94.3,77.3,89.4,low_transaction_volume|inactive_products,2025-07-27T00:00:00
f37550b4-9dce-5d26-88c3-51e36986d23c,280eeed9-60dd-5113-9e55-694840c439c0,28.4,47.1,13.0,61.6,33.3,product_gap|declining_revenue|competitor_risk,2025-07-26T00:00:00
e5baf9c3-0e72-5fcb-93a0-10be183b92a1,81f09c34-379c-5c48-920c-966e2067fe0c,43.9,34.0,34.8,22.7,30.8,product_gap|high_churn_probability|declining_revenue,2025-07-30T00:00:00
bbbc0c07-ff85-52f9-bcec-759848a3c180,a98ed541-03fd-5425-8eec-a87c602d2311,35.2,47.0,18.1,35.8,18.0,competitor_risk|product_gap|missed_visits,2025-08-01T00:00:00
71d360c7-afc7-5b91-ae67-f1285445fc11,afec21ca-7a3b-57fe-bd1a-0548dbc90abd,32.5,3.9,42.9,83.6,14.9,inactive_products|competitor_risk|declining_revenue,2025-07-26T00:00:00
36238f24-4a6d-5c09-aad2-fed725da1eaa,06ddfe83-8a06-5462-8cc2-d513bb19d779,80.5,59.7,84.5,27.7,66.3,declining_revenue|product_gap|missed_visits,2025-07-29T00:00:00
fcaefffb-6484-5817-a116-2e7e93b55b4f,73a41282-6a7f-52a0-a8e4-59e5fe677ddc,44.1,47.0,32.8,84.8,42.9,inactive_products|missed_visits,2025-07-31T00:00:00
2fee40eb-84cd-5b36-9318-b690599a80fb,ef06c2cd-3f07-5cac-9769-02f0b83cbd69,43.3,27.5,63.1,17.4,38.2,low_transaction_volume|inactive_products|declining_revenue,2025-07-27T00:00:00
8efd0cf5-71e8-55ce-8bcc-619f7bb575c5,d6c5492e-1e4e-5995-8f19-f08cde1f8800,51.5,26.5,66.3,43.1,46.1,product_gap,2025-07-31T00:00:00
bd268313-a3ca-5ede-96a2-85750730cbd7,be2bed8f-23f4-5c48-8645-bfe78827e3ab,23.4,27.5,21.8,22.9,12.4,product_gap|missed_visits,2025-07-30T00:00:00
98b0e9ff-50c8-5233-b528-9cdf133884ef,02520a14-3e5c-5475-a61e-0be9e3abb5de,41.4,60.2,66.1,48.7,39.8,competitor_risk|low_transaction_volume|high_churn_probability,2025-08-01T00:00:00
11e7d50e-038c-5e66-8fbd-70e4d8801116,1c58051c-76cd-5899-a182-95fa49aca941,21.3,25.1,24.8,51.4,24.2,missed_visits|low_transaction_volume|declining_revenue,2025-07-29T00:00:00
53f28ad2-30a3-52c9-9155-746f616903c5,b4e79e56-2f1f-51be-aafa-b3520aeed22c,49.7,21.1,31.6,16.7,50.4,declining_revenue,2025-07-30T00:00:00
10d685b3-3cfd-5427-a300-9da5fa1e7161,036cfe8f-06a2-57a8-bed2-93f08427137b,25.7,15.9,28.3,33.5,28.1,declining_revenue|low_transaction_volume,2025-07-25T00:00:00
8b984fd3-4efd-548b-b193-d9e8905bbd85,97d04480-5e52-5237-a88e-b2e227706fdf,32.4,11.1,41.8,81.0,20.9,declining_revenue|missed_visits,2025-07-26T00:00:00
3bdf54e2-5cb5-586a-aaa1-34e5a7c558de,f9b89a31-5568-500b-ad1d-a051081a529c,19.1,37.3,21.5,80.6,12.3,missed_visits|declining_revenue|high_churn_probability,2025-07-28T00:00:00
0a8c8684-56d9-5365-adcb-d1a0999a9aac,1473abde-9150-5527-b7b4-02c74c77e27b,47.6,39.1,51.0,39.9,46.6,low_transaction_volume|competitor_risk|product_gap,2025-07-31T00:00:00
97e4db66-2d93-5135-a62f-b7ab04d88b48,578d5b84-5e11-50bd-b68e-24b49a525709,33.0,15.6,28.5,58.3,39.3,competitor_risk,2025-07-27T00:00:00
ce40bda0-aa29-5ce6-aad2-4ab80bf03c4a,d1d234d2-2487-57ef-aee2-33e973811c55,30.9,41.4,27.4,24.9,18.3,declining_revenue,2025-07-29T00:00:00
160315e3-9876-5581-a425-85085dfeb465,ba7159ca-f7be-52f1-a9d1-44a63f28cb10,59.7,35.8,50.6,10.9,49.6,declining_revenue|missed_visits,2025-07-25T00:00:00
ac31bbfb-02a0-5fb0-b752-c9b10a86b8db,76a66565-6464-5b17-aaad-6730bfd4b656,57.0,30.3,46.2,27.0,43.5,declining_revenue|competitor_risk,2025-07-28T00:00:00
8b95aadd-7121-519b-ac94-419eb718e9ac,8bfe8753-2521-510c-ad0f-7e2fd070a553,43.7,47.8,40.4,75.1,29.6,low_transaction_volume|competitor_risk|product_gap,2025-08-01T00:00:00
23014c9d-7cce-5207-bfed-41aadaaccde9,9bc19287-b73f-5635-8e8a-dee11dd608ba,64.1,55.1,45.3,23.7,53.9,low_transaction_volume|missed_visits,2025-07-26T00:00:00
b7a2debc-909e-5180-88ee-cbf153eefbf8,e9c26c5f-6e89-53ec-8a85-bf1d27870158,24.5,0.8,38.7,56.1,4.6,missed_visits,2025-07-25T00:00:00
5ad6c50f-563f-5631-b73a-7fea28226b6d,10f5f13e-184b-5a69-8637-e0ac9a00d67a,26.4,42.6,3.3,61.6,8.5,low_transaction_volume|competitor_risk,2025-07-31T00:00:00
b0d4848c-7c93-5287-bd1f-d48b5a96ccbf,6c486d84-abcb-58a9-a7db-ff516a80a68c,48.2,31.9,60.9,42.0,44.9,high_churn_probability|missed_visits,2025-07-27T00:00:00
0d649cac-d759-5c36-af03-546154404a26,786390d1-ab71-5384-a730-b8f9a9062710,54.8,39.7,79.0,49.5,54.0,product_gap,2025-07-31T00:00:00
4fc65daa-1b62-5bdb-8950-84a7ebfab874,25545ace-abf2-5cc2-b6df-48625825ed4a,48.7,21.1,24.2,18.4,38.4,low_transaction_volume|inactive_products|declining_revenue,2025-07-26T00:00:00
dda20ca5-8c42-5fdc-b7e0-d3bd1318fd9f,940adcf7-3b1c-5148-ac50-e1b961896f75,65.7,71.9,81.3,75.3,61.8,declining_revenue,2025-08-01T00:00:00
df324353-df4a-57cf-9338-724762ac98a7,dd6e8ae8-0f91-53d6-a8c0-6d409a1e2341,52.4,66.5,29.5,13.8,41.5,missed_visits,2025-07-28T00:00:00
a6baeb01-ad4a-5066-a980-f73db4393fce,b0a32ea1-e4e4-5b93-97e0-fc2421ffb921,68.2,73.2,89.5,56.7,51.8,inactive_products|product_gap|missed_visits,2025-07-27T00:00:00
5a271ab0-fe3b-59fb-9264-55b6ed17a710,8122ddc9-61ef-5c11-bdea-f98d562804c9,65.9,69.3,66.9,29.2,60.2,inactive_products|product_gap|high_churn_probability,2025-07-25T00:00:00
6243eddb-563c-54cd-8bcd-47c9abb17ae3,a340c7ed-b3c3-5a59-a44f-1547bab0b84e,84.4,76.4,63.1,71.3,85.8,inactive_products|high_churn_probability,2025-07-27T00:00:00
3244ae75-0cea-5be2-a244-96eb306c4a96,c343505d-ffa6-524a-9eb3-aca0ca377424,37.3,39.7,55.1,65.6,19.6,high_churn_probability,2025-07-25T00:00:00
841b15f1-2896-59e6-9044-42d63832aaef,948c68aa-7395-575d-b8c4-5144f50384d3,17.4,8.1,34.7,25.0,2.9,high_churn_probability,2025-07-29T00:00:00
31c952a6-cb01-5ae3-a527-8fc5529b9718,2d71b602-681d-5ad6-8d68-5690a23c8e04,47.6,53.0,55.3,77.8,30.7,competitor_risk|missed_visits|high_churn_probability,2025-07-30T00:00:00
c090dc05-f546-5dff-9a5b-ae8168c5d9a8,de3077bd-c791-5e4e-93a3-e4330eadfb3e,23.8,38.0,25.0,72.4,9.4,product_gap|inactive_products,2025-07-28T00:00:00
6a874edc-6ae0-5a4b-8dcb-b7bf53f71199,e264837a-28e8-5acf-a3ac-7f85e68bdf13,31.9,9.3,50.7,69.6,19.1,missed_visits|competitor_risk|low_transaction_volume,2025-07-25T00:00:00
66900220-b99b-5830-8ec7-1fe3aaec3527,5fdbf0dc-d4dd-53f4-a882-7339832d9cea,22.5,28.1,21.5,31.2,30.3,product_gap,2025-07-31T00:00:00
ec57999e-2e2b-5610-bbd7-68dbd88e4904,293e698d-212e-511a-9515-6d61fdc1b3a5,29.2,19.5,25.7,36.7,22.4,declining_revenue,2025-07-27T00:00:00
43022e17-3e9f-5b93-94f4-575a24f74d0c,6a536aa5-84b3-5994-9693-3f54ec998ced,18.9,7.5,8.3,24.1,8.0,product_gap|high_churn_probability|inactive_products,2025-07-25T00:00:00
dd738def-28f6-5720-b770-b2aad4e2d1d4,d1990782-0026-5f85-a6ec-c0d79e7b1c0e,90.4,62.3,74.0,18.9,73.8,high_churn_probability,2025-08-01T00:00:00
a5cc32a2-e4cf-5eb0-9009-7ae0855eb952,bb1193ea-475f-5fa2-aded-586c27d75e49,57.3,53.9,46.0,80.6,58.2,low_transaction_volume,2025-07-26T00:00:00
d0e9ffd1-de00-5223-b272-b6b5c297ef84,702fa0a4-cbfc-5e37-a9ec-f2d1dc0a0e6a,30.7,37.4,49.7,31.5,16.8,declining_revenue,2025-07-29T00:00:00
cdb4c937-7908-5fef-9650-4d6bcfc9414d,5c6e76db-2fc3-5cd1-a173-9983505a460b,68.7,53.1,43.8,24.8,75.9,high_churn_probability|competitor_risk,2025-07-25T00:00:00
ed923dfa-1c5a-5f05-b54e-237655e74407,e7a7895e-2fc1-5433-b2c9-73989a4c0033,44.6,48.6,27.9,36.6,38.2,declining_revenue|inactive_products|missed_visits,2025-08-01T00:00:00
72967fc4-6eb9-507b-b777-1d4d2603897a,b4f9dae8-ae3e-584f-82de-7a4ccd246261,41.6,20.5,29.8,16.2,42.0,missed_visits|low_transaction_volume,2025-08-01T00:00:00
f19d7380-8660-53c7-81a3-1d9cf17dd96c,891e6a23-e1ae-5a69-9572-e8f3a99d8538,38.8,33.2,26.1,18.8,43.3,competitor_risk|low_transaction_volume,2025-07-28T00:00:00
1cc493ef-c352-58fd-b28c-21720f33e98f,f656a39e-ddac-53cf-b6ec-4633223d1cfd,48.4,57.2,28.4,74.3,38.5,competitor_risk|declining_revenue|high_churn_probability,2025-07-25T00:00:00
f0170fb4-bdf7-55f4-8882-262a8bb717de,5964b9e8-8813-5f2e-9a80-c3a4757bd3c4,44.4,27.1,42.3,76.2,33.4,missed_visits|high_churn_probability|product_gap,2025-07-27T00:00:00
38cfa78b-12d4-5592-a833-851e28480362,a78f2631-237a-5d78-a64c-8b17452e1e17,66.7,42.4,76.0,68.3,47.4,inactive_products|competitor_risk|product_gap,2025-07-26T00:00:00
6277a97f-bba3-555f-82be-7c2c21d8bb03,4db627b8-be15-5bf8-aa4f-d683904d344e,97.1,68.1,88.2,65.7,87.0,declining_revenue|missed_visits|product_gap,2025-07-29T00:00:00
c83e7b0d-7975-5ad2-8745-c3ce1c927d02,56e8d5b0-4400-519c-8e6d-d4d7211066f5,94.9,87.3,99.0,80.2,91.9,product_gap,2025-07-25T00:00:00
9f3b77ae-1dd6-5abe-ae01-dbf2227229c0,ead80d95-d1d2-533e-8fd5-2170018d31dc,54.5,68.9,49.0,43.4,64.3,declining_revenue|missed_visits|high_churn_probability,2025-07-28T00:00:00
507170eb-ed3b-5ae5-bece-c5e86c0d67c6,f4c61748-8d5b-589c-9f1f-8af6981b3308,22.6,35.6,5.9,73.6,19.6,competitor_risk|high_churn_probability|missed_visits,2025-07-27T00:00:00
a3c2dd65-d47e-5cf2-bbbe-dcd3f4d06c71,9c02da2c-06aa-5e34-b23d-9783743254fd,26.5,43.2,8.9,64.5,22.2,product_gap,2025-07-28T00:00:00
b1281d72-2d82-5934-81a5-d5562704e5da,44ce25f2-1034-5721-93ec-4bf383dbfd9b,40.0,24.4,54.9,11.2,21.2,declining_revenue|missed_visits|product_gap,2025-07-28T00:00:00
07143b1b-bf3c-5222-a523-1d482649890b,d38029ff-40eb-5673-b670-dcdf1fd1b2b1,48.0,42.4,23.3,38.2,53.0,low_transaction_volume,2025-08-01T00:00:00
cef503b3-3532-5726-85f4-bd2f1e2f58c9,10c83407-865b-5ee2-bffe-439c73f75a1e,25.1,30.0,38.5,22.4,7.6,missed_visits|competitor_risk,2025-07-28T00:00:00
238c3c71-c662-5aaf-8e1b-5eaf8f94f8b9,5cf188df-ad11-540f-9127-5759a57d8b36,20.7,37.4,13.3,12.6,28.7,declining_revenue|product_gap|competitor_risk,2025-07-29T00:00:00
f6219c50-f694-5e09-a58a-e63a6dc4eade,7b823571-d7ec-57fb-a5d6-0ded204a6c50,47.5,65.8,27.4,30.9,36.5,product_gap|inactive_products|high_churn_probability,2025-07-28T00:00:00
d4f628e7-87bd-57cf-b6e7-da1fba89b40c,3d0834da-1004-5eaf-9b12-70ca1efbc891,21.9,33.7,6.5,71.4,9.4,high_churn_probability|missed_visits,2025-07-26T00:00:00
55a5a3a7-3d81-51ce-84cd-09f46c641cd6,eb82deaa-92da-5be5-ab42-2c44bcb552b7,56.6,41.5,78.0,46.9,42.1,missed_visits|low_transaction_volume,2025-07-26T00:00:00
5c58ed8e-d954-55a2-a378-2045539dbb6e,3c6b2714-5acf-550e-bf55-33353293bcac,18.8,19.6,30.0,38.6,10.2,product_gap|high_churn_probability|missed_visits,2025-07-25T00:00:00
5d7183d4-5717-53f2-82f2-e2ac4509786a,654eeebb-caf8-5066-ab67-ffc632b12b31,70.5,86.1,46.8,71.3,53.2,product_gap|low_transaction_volume,2025-07-30T00:00:00
a08f68e6-9d6b-5440-b0e0-714cc2fbcf7b,9bdc9e38-c690-5ecf-94a5-a6227e33ac59,39.6,38.6,33.3,59.7,46.6,inactive_products|declining_revenue,2025-07-28T00:00:00
4e6dd886-5e88-5c26-9cef-1a86bad96260,5fb56317-a4ef-568f-9e94-392c9b455c66,17.1,24.9,19.5,71.0,14.1,declining_revenue|product_gap,2025-08-01T00:00:00
a2618baa-faf8-550f-be66-ad8d3d98fb6b,c0fcbd72-431a-5fae-a813-aad8ed4da4a5,18.4,4.1,25.8,75.8,16.1,inactive_products|high_churn_probability,2025-07-27T00:00:00
3f219d14-7561-5fbc-9c29-eea6e2a477e5,89cc7e6b-2c81-53a5-809d-394cc9e568b0,65.9,65.2,66.5,67.4,67.0,high_churn_probability,2025-07-30T00:00:00
b1533361-e447-5976-81e0-0b25f1d28eeb,1b5b3406-cca4-5db4-bdc0-313197045c63,37.5,52.2,44.5,22.4,36.3,declining_revenue|inactive_products,2025-08-01T00:00:00
4fc04424-14ce-5c25-8070-97888dc7c9da,41b80fd9-6858-5727-804d-3446f9b1f4cd,47.2,20.6,29.9,80.4,42.8,high_churn_probability|declining_revenue|low_transaction_volume,2025-07-29T00:00:00
38693216-d6dd-5da2-9644-2fbecf175e7e,82101f33-5b49-5c01-9817-2c429a395480,23.2,19.2,2.7,19.7,15.3,low_transaction_volume|competitor_risk,2025-07-30T00:00:00
0d883400-d73e-5702-a6bc-fc35a21bd9aa,87da5f3a-826c-5172-89cc-5af570063d5f,47.8,60.8,53.7,44.6,46.9,missed_visits|competitor_risk|product_gap,2025-07-30T00:00:00
cd833c89-df68-56e7-94e7-2cf76e1243de,05032ccc-088f-5bff-bf0b-6d8b11de254d,20.7,20.8,32.0,26.0,15.1,high_churn_probability|declining_revenue|inactive_products,2025-07-28T00:00:00
0615f2ac-d3b4-5665-8359-2cdf31823a47,1cfa69ba-72bf-5b6a-a929-257b367e3009,93.4,77.7,90.4,18.6,84.5,product_gap|missed_visits|high_churn_probability,2025-07-26T00:00:00
5b978608-fb73-527e-a76e-35f0528624e7,88bf0ee2-5237-548f-b350-bd7762cf6887,20.9,23.1,0.5,34.2,20.3,product_gap|low_transaction_volume,2025-07-25T00:00:00
2383d9d1-fafc-56b6-b0be-3ced6bbef93f,80ccd3ab-b208-5d5c-af4d-58c4fb338f85,41.3,55.4,39.2,10.7,26.0,declining_revenue|product_gap,2025-07-29T00:00:00
9d633284-52bc-59cd-b78d-dac29dcd460a,12abe88c-6607-5a93-8e94-051ebb98f263,29.0,3.1,36.7,38.1,30.5,competitor_risk|product_gap|inactive_products,2025-07-27T00:00:00
cad8be2f-bfad-5214-b0b8-cf221b5e1518,eb980f3d-e240-57e1-a831-ca15a13b3d55,33.4,42.6,41.3,83.9,15.4,missed_visits,2025-07-25T00:00:00
69cac509-57e8-5342-9d7b-0a8352d22e16,75179f00-1271-5352-8932-ab86611eb04e,30.1,9.1,40.5,50.6,29.8,competitor_risk|high_churn_probability,2025-07-28T00:00:00
93c49e1b-9a33-5518-83cc-c56ca2d56304,244d5793-ee1f-588e-94b6-fb44a513eda7,20.2,14.0,27.9,42.3,1.5,competitor_risk|inactive_products,2025-07-30T00:00:00
9497f15b-c64f-5394-952d-e79353694127,f89a510f-e521-5198-bf5d-87fc682c09ca,47.0,33.1,33.5,71.7,54.5,low_transaction_volume|product_gap|high_churn_probability,2025-07-29T00:00:00
44591802-9550-5b5a-ad19-726f2a6ddfd3,dce5079e-2a1f-5bcf-a06a-c77c37039980,43.2,57.8,56.0,43.6,25.1,high_churn_probability,2025-07-28T00:00:00
609c29e1-0f50-5eec-8f9f-419ed87aa74e,54634559-6cb7-5cff-ac34-0cd5de4a1566,82.3,81.2,93.2,83.9,71.9,low_transaction_volume|product_gap|missed_visits,2025-07-25T00:00:00
470d61aa-7ac4-5766-b5a6-ad2b8f1bb6a2,fec5ef32-adc8-52e8-a786-3c1a3eeddcb4,30.1,9.9,29.7,64.3,16.9,competitor_risk|inactive_products|declining_revenue,2025-07-30T00:00:00
a42e468d-fa03-5931-ae49-aa22a0f0e194,37f79259-d62e-5c69-afdf-2389be70cc01,32.4,31.5,38.8,63.5,18.5,inactive_products|declining_revenue|low_transaction_volume,2025-07-30T00:00:00
455aa6f8-1d7e-563a-b391-073637aa805c,f22cfccb-07c1-5c34-875a-781e473a5a84,82.3,79.4,94.2,37.3,82.8,inactive_products|product_gap,2025-07-25T00:00:00
5bb87d63-61e0-5250-8f06-da2dab0da524,a88d88af-877f-56c1-9477-69b5f3181ec4,22.6,35.3,23.8,38.5,29.6,competitor_risk,2025-07-30T00:00:00
f5ec2467-3358-5e1f-90f3-44d751a1e86b,1489d537-b510-5d2e-8462-6a04a053779b,47.1,35.9,25.6,16.3,50.5,product_gap|high_churn_probability,2025-07-28T00:00:00
27459a2c-e084-56af-9179-800d85599809,0cac86aa-94c6-5442-9a2c-abdb872c090f,19.0,23.5,14.6,27.9,27.3,declining_revenue|low_transaction_volume,2025-07-28T00:00:00
1ae63446-7305-5828-abc2-f22c58767ee3,44015697-3e20-5cfe-bf53-1eed5cfb9c5f,30.6,49.0,9.4,56.0,36.2,low_transaction_volume|declining_revenue,2025-07-28T00:00:00
af2f9428-4a56-5f81-88d1-7dd49ba10089,af01f3b6-58f8-5da7-b010-4af3143c45bd,31.0,35.8,11.5,47.7,38.5,competitor_risk,2025-07-28T00:00:00
31e8c141-2e1c-54a0-8ef7-9a956bd10605,bd68906f-9496-59ec-b6f7-a1c7cbd457e5,41.1,32.2,26.2,81.0,22.9,missed_visits,2025-07-29T00:00:00
40dddaf9-3a6d-5d64-b59e-fdfd53f7b5a5,23826633-9aad-5005-85cf-96f377012cf8,36.9,18.7,15.5,85.8,44.0,missed_visits|high_churn_probability|low_transaction_volume,2025-08-01T00:00:00
bce3a045-25af-582f-b4d2-50ada84e27b2,6bda4027-616b-55bf-9c25-12cfc5146718,68.6,68.6,74.3,16.4,65.2,product_gap,2025-07-30T00:00:00
59fe9154-b76a-5bd9-9d35-cfff20895e64,ca8462ce-fb7b-5338-830e-f468a915e3f1,66.8,38.5,67.1,62.0,59.7,low_transaction_volume,2025-07-28T00:00:00
dabfcf3d-1587-5e46-b189-8492b0c8eb8e,83a5753b-2def-57f3-97c0-f5d18385ccc0,46.3,62.8,22.6,72.5,32.1,low_transaction_volume,2025-07-26T00:00:00
49a55e54-724b-5912-acb1-b7c34d0143ef,9400bc5a-a0e8-51d4-ac65-198f7c034d14,42.3,14.9,55.6,65.6,35.2,low_transaction_volume|competitor_risk|product_gap,2025-07-26T00:00:00
fc49eb0e-7dde-533c-ad90-b33b91a2f003,b6fe779b-5c1b-5168-b1fe-21fba9d1ac9e,91.0,65.6,86.9,82.3,81.2,product_gap,2025-07-27T00:00:00
34203503-88c2-58ab-8355-6994599e7a81,b4077fc4-2cf7-5ff9-8d68-edb22986e213,70.9,52.5,75.3,28.2,73.3,declining_revenue,2025-08-01T00:00:00
515bb39f-ae0a-5166-b115-e3e45e092a20,f0d978da-a823-54ce-b4fa-57d8d0b0a4f2,54.6,60.6,70.3,16.1,38.4,inactive_products,2025-07-30T00:00:00
ef2839e4-b624-5643-a4ee-cb5661bc01b6,b3846a6a-3c83-5d01-8118-53db0ce7111d,26.3,30.3,13.5,33.4,24.5,missed_visits|competitor_risk,2025-07-25T00:00:00
f086506a-b307-528c-b48f-17d062b5cd6c,5d2d7e8e-dd31-5892-a306-980c402b03c4,41.3,58.2,26.6,66.4,45.7,low_transaction_volume|inactive_products|missed_visits,2025-07-29T00:00:00
ea033f90-ddfa-5d87-bad9-ca4508d7c898,9eb33723-4279-5c9e-9659-739a57fe1735,32.7,17.4,40.4,52.1,20.8,missed_visits|competitor_risk,2025-07-31T00:00:00
0de291f9-3e2c-5560-a420-267d3886fb6c,4c97df8a-b536-5991-bed8-a6d0664d9c6a,41.6,35.9,20.5,83.0,46.9,high_churn_probability|competitor_risk,2025-07-29T00:00:00
b57c0733-5d84-588b-aa0f-8b0e3192c6e7,c3753c2f-d009-5a3a-8cff-e16d8c15df87,27.2,34.2,41.6,12.9,14.3,declining_revenue|low_transaction_volume|missed_visits,2025-07-25T00:00:00
f7fab1fa-9638-56be-bf26-1575fdd528c5,215ae3ed-2b44-5040-8217-2093422d167d,41.0,35.9,17.7,32.2,32.5,low_transaction_volume|inactive_products,2025-07-31T00:00:00
adc4a71e-691d-508e-a2dd-326bda7a30eb,5c9ee565-043b-52a5-bbef-ca3aaf316974,41.8,54.9,36.0,13.6,28.0,product_gap|inactive_products|low_transaction_volume,2025-07-30T00:00:00
fbf85a9e-821a-5962-b6e2-419a9774d2ba,1d2c9cb9-8b37-50de-ba65-e9a6f65dc5b0,93.2,64.4,92.5,85.0,97.6,low_transaction_volume|high_churn_probability|missed_visits,2025-07-27T00:00:00
7b39ff05-423b-5dd1-9e2f-59388e54f43a,864c3b09-e16e-5faa-8caa-f47102a11352,51.9,32.7,28.3,68.1,50.6,inactive_products|competitor_risk,2025-07-26T00:00:00
a543788c-035a-50c4-9db7-210637baaf8e,4be5ab66-a8df-5fbf-945e-19504788428c,79.6,77.2,97.8,84.6,68.2,inactive_products|low_transaction_volume|high_churn_probability,2025-07-25T00:00:00
3b82380f-f2d3-5a16-876d-2fef70ce100c,2f1e66ae-eeb5-5f54-9e48-d24f4c98c313,32.0,10.1,26.0,69.7,39.7,competitor_risk|inactive_products|missed_visits,2025-07-30T00:00:00
36fce8d1-6662-59e2-b839-75e702597bbd,eccf8f2f-74c8-5c68-974f-0bc7901dab2c,67.2,84.8,46.5,30.0,63.5,inactive_products|high_churn_probability,2025-07-27T00:00:00
9849beff-1857-5eb1-acd0-3a1bf5a1536c,1a77d982-a47b-58a0-bd2b-de19d4248d2a,91.4,72.0,75.4,30.0,90.1,competitor_risk,2025-08-01T00:00:00
f7e82d16-4c61-5230-aa65-79623cdb28c5,85aa98f4-084b-5288-9dbb-124f2d9ea885,20.0,33.9,20.0,11.4,0.3,high_churn_probability|missed_visits|inactive_products,2025-08-01T00:00:00
b1bbcb21-1f05-57a0-9bd0-2ba897cc0a2a,d07c4afd-0945-5bc3-be6f-f3bbc4e34385,53.6,34.5,31.6,85.1,41.9,high_churn_probability|competitor_risk,2025-07-27T00:00:00
8a8d3553-3dc2-5041-8c1c-16b3e0a3c4e3,91c5c8f3-6bb3-5821-853c-78275cabba38,53.1,61.4,41.9,79.5,36.9,declining_revenue|missed_visits,2025-07-30T00:00:00
9c4ce7f1-686b-5388-9030-37a3f90b60bf,cbfa0efd-9c36-5326-b5bb-5bdb4b4ca623,20.9,4.7,1.8,64.8,26.7,high_churn_probability|low_transaction_volume|declining_revenue,2025-07-27T00:00:00
58549217-dbb6-582b-bddb-40a7797ba53d,34bc1027-e52d-5ec1-b3f9-75e3237a8674,16.7,35.8,0.7,77.6,22.7,declining_revenue|low_transaction_volume|missed_visits,2025-08-01T00:00:00
1436f9c8-712a-5059-9fc0-b25b977958af,8775b7ab-34d1-5841-9ec0-e6e696688307,92.0,81.3,70.7,16.2,77.7,low_transaction_volume|inactive_products,2025-07-27T00:00:00
ced0d898-3fdd-5440-a095-169984011e18,8f419a04-5d26-5b30-8b18-7a3e176afd95,48.2,62.0,30.3,36.1,51.8,product_gap|low_transaction_volume|inactive_products,2025-07-27T00:00:00
7af74f7d-9cda-5230-9780-10ab40c14bd1,d52c3009-7a12-53ac-9140-2a40df2499ba,54.0,55.1,37.0,13.6,61.9,missed_visits|product_gap|inactive_products,2025-08-01T00:00:00
0e191ba2-920b-50eb-b82b-674fa776734a,bab5a528-dcce-5960-9f34-718a92058e92,43.2,28.8,54.0,69.4,46.7,inactive_products,2025-07-27T00:00:00
c050588c-80b9-5bd9-a8e5-b963d02647be,c5186f6b-e1d0-5700-9d71-31de5ea7ac8a,52.6,24.2,63.9,40.5,62.5,inactive_products|competitor_risk,2025-07-31T00:00:00
3c1ab246-db26-51ac-af42-e766a475bfe3,04c79f7f-4041-5a63-97bf-2ece651d40b2,53.2,48.4,56.9,53.9,45.7,competitor_risk,2025-07-31T00:00:00
e847fa5e-b0fe-522f-89cf-c14c47308fa9,7006925e-6af2-5e3c-bd85-788a1d1343ac,48.9,42.5,50.1,45.3,37.0,inactive_products|low_transaction_volume|competitor_risk,2025-07-28T00:00:00
ced7c3ed-0a3e-5fe6-98c1-13dcda78cece,ec51a59e-c5e4-514b-9501-31ac0d1e80ca,51.4,33.0,42.2,87.8,52.2,declining_revenue|missed_visits,2025-07-25T00:00:00
78c13e44-5a82-513e-951c-a5cb3192f84a,3bcd50f7-f0eb-5174-b1a9-9deab11031da,44.3,31.9,44.6,83.2,43.9,missed_visits|low_transaction_volume,2025-07-29T00:00:00
b6b10ab0-4cb9-51ea-9098-9be35122727c,6c3f6314-f245-5946-9a2e-ea5fbb951e7f,89.0,92.9,99.5,84.1,76.3,declining_revenue|competitor_risk,2025-07-26T00:00:00
bfc9949e-de8a-5170-be2d-cfcb4c440461,650e5b63-d760-51b3-9465-102cbe048b2e,76.9,86.6,68.3,19.4,69.1,declining_revenue|competitor_risk|missed_visits,2025-07-30T00:00:00
46736f3d-9f11-5ad1-ac57-c3bd8a1cfb42,bf913de2-6da4-5acc-8ad9-fbfe79c8f948,57.3,71.1,33.1,19.7,45.2,inactive_products|declining_revenue|high_churn_probability,2025-07-25T00:00:00
7d19510b-3e5e-52da-bcd4-2fe18e48a328,cbf14c0f-d8df-592e-be76-01083414492b,44.7,16.4,41.3,65.2,54.4,inactive_products,2025-07-30T00:00:00
6db0e740-9208-58dd-83bd-392b72094d41,36850526-5951-520a-b33e-b34aa3a8d24c,35.6,12.0,45.4,29.3,24.4,product_gap|inactive_products|missed_visits,2025-07-27T00:00:00
e4cd5788-e892-53aa-91cf-48257202cd67,1a7abaf9-db83-5b34-aa30-8e65ccecd647,50.9,51.7,75.6,13.6,53.1,competitor_risk|inactive_products,2025-07-27T00:00:00
0a4776af-f6dc-517a-8808-aeb0ed6d6e12,4ed02a76-d194-55d0-b915-c6b2e0852190,53.0,60.0,49.8,70.6,54.0,high_churn_probability|product_gap,2025-07-30T00:00:00
c3a835f1-68e8-5070-814a-5ddc711be42b,4297d3c8-9f0d-59cd-b6be-25fb5ae1f0ef,78.1,55.7,53.5,57.4,78.3,inactive_products|competitor_risk|low_transaction_volume,2025-07-25T00:00:00
5e9a8f7b-1f68-5741-97c6-f19dadc7600f,a1350aa4-ee6f-5577-9815-4d137cb0696d,30.2,36.3,19.1,71.8,17.1,declining_revenue|competitor_risk,2025-07-25T00:00:00
a063158f-3b05-512e-8cbc-203d3461c3c0,44c79770-368b-5537-9952-7170040a5301,28.6,24.7,50.0,32.8,20.2,competitor_risk|inactive_products|high_churn_probability,2025-07-30T00:00:00
32152679-c1fc-5560-86c6-284207622156,3388263e-9140-51e1-be58-a373ce459010,68.6,85.9,87.7,68.5,61.5,inactive_products,2025-07-28T00:00:00
0cbc5689-2f03-5a72-b136-0a6f04195f9f,a8a7d198-5dd8-5f3c-9c89-9a051fe2d125,38.0,22.2,18.9,31.9,31.2,missed_visits|low_transaction_volume|inactive_products,2025-07-30T00:00:00
1d47299c-eafa-5b15-924e-64dc0acab7e4,dbdcd508-7f78-578c-834f-4a1aebe41e89,26.5,43.0,34.9,21.3,12.7,competitor_risk|low_transaction_volume,2025-07-30T00:00:00
5eda24c9-fe31-52e4-b61a-f4e76a66ea0f,cea22206-d9ec-533a-ba11-23436d13a5ca,60.7,57.6,45.4,49.1,65.4,competitor_risk,2025-07-27T00:00:00
8cb35ff0-6485-5834-a847-74d90b9d9193,98847415-a6bc-5eed-9f05-a9af7bd353d4,23.1,22.5,40.0,33.6,6.4,product_gap|high_churn_probability|inactive_products,2025-07-31T00:00:00
28f66b22-b184-51aa-b523-a8b01c8e00c6,a07d29f4-fe3f-58dd-94b4-6903c65af63c,32.8,7.1,14.6,32.3,32.8,product_gap|missed_visits,2025-07-27T00:00:00
ebe7bb0e-c8af-579d-b7cf-d95a5782b888,1ac54af3-5707-5492-aee2-05ef12942473,47.1,33.5,47.5,32.1,46.1,inactive_products|declining_revenue|low_transaction_volume,2025-07-31T00:00:00
7c52c6b2-9cfe-5a90-9d8e-228c49553e3f,b6820f4f-8105-5eae-8388-93df55b5a919,43.3,18.3,53.5,51.7,29.0,low_transaction_volume|product_gap,2025-08-01T00:00:00
8799d5ee-7b4f-5cf5-b3be-78e02e510b14,ad8e66ee-9869-50f3-b05c-bb30f86aa457,99.0,87.2,96.7,27.6,83.1,low_transaction_volume|declining_revenue|high_churn_probability,2025-07-25T00:00:00
0f8c310e-7495-57f4-ba13-b3c48a969f79,f8461778-159b-5e50-ac02-3e4291767ff1,63.8,58.6,45.4,60.8,46.4,high_churn_probability,2025-07-29T00:00:00
72307788-357f-58ae-915d-9eb35e5ef801,16f4f844-5038-5b1e-8c65-ea315a585e05,15.1,19.6,8.4,24.2,10.5,product_gap,2025-07-28T00:00:00
b2124606-6aa6-5176-b220-f5c695a0b85f,000280a2-bb34-5e35-b16e-a231e8b7be80,39.5,33.7,47.4,24.4,28.5,competitor_risk|declining_revenue|missed_visits,2025-07-29T00:00:00
ab50a433-3a73-5f78-987d-91fd0ce8ee0c,af363d3c-860c-5698-a9cf-bb1c6f450514,50.0,49.9,52.2,33.6,36.6,product_gap|inactive_products|high_churn_probability,2025-07-28T00:00:00
bb8f7296-0c3e-5c0b-8405-ea16ca66108c,0134a9b6-3357-5d15-ab71-31131d587d56,31.8,34.9,12.6,47.2,21.4,missed_visits|declining_revenue,2025-07-31T00:00:00
cf41b565-4479-5350-a616-afdad11a297c,837a3fa8-373e-5f55-9434-54aac1e44546,87.0,90.3,80.4,74.4,81.6,high_churn_probability|declining_revenue,2025-07-26T00:00:00
48da4645-01ae-57e6-9801-e8ec4d35068c,d3df0796-a8ca-57c8-badb-f41272fb61cf,60.6,44.0,46.4,78.1,52.9,missed_visits,2025-07-27T00:00:00
9faaefb7-7acb-57eb-be89-87da314b12cf,62707310-8f7f-5b6b-b019-d6ac621cb7ce,25.5,36.8,21.7,30.9,7.1,product_gap|inactive_products,2025-07-25T00:00:00
b1e25536-f8bb-55d4-9359-c7de52cab2db,62b6c44a-0e18-50df-b381-7532d1cffe06,61.8,47.3,57.3,55.8,46.8,high_churn_probability|low_transaction_volume,2025-07-29T00:00:00
4e11b861-e239-5b8d-ba6a-c73311cde691,3f937259-bd27-5034-8819-7864795688aa,95.6,86.6,74.4,53.2,98.8,competitor_risk,2025-08-01T00:00:00
7eea38f9-fff1-5b71-89bd-48c409cfabd6,216c274e-2c70-50d1-bfaf-4b7cfcef9292,47.1,52.3,67.7,71.3,43.7,inactive_products,2025-08-01T00:00:00
52cc0954-b783-58e6-86a0-0e6a4106f51a,8861cd2e-b193-51b3-8310-498a0c7ecaa0,35.7,55.0,52.7,41.6,37.3,competitor_risk|declining_revenue,2025-07-28T00:00:00
e726d3e0-55bd-5350-b59c-433fad6ca9ed,4705e7ec-7a1b-5d42-97a5-ded3b344fb38,47.1,27.8,58.7,85.2,28.1,missed_visits|product_gap,2025-08-01T00:00:00
505ee1de-8401-5f73-8be2-6f6599c9a270,97dedd4a-dfb7-5db8-955c-c13d50ef55cf,62.7,72.2,39.8,32.6,43.4,low_transaction_volume|competitor_risk|product_gap,2025-07-29T00:00:00
1b837d12-b0ea-5204-8034-8827cc2fd63c,b5fc8288-b9e8-5d46-8a57-1c98dd1ec87c,16.4,4.8,30.6,31.6,2.2,low_transaction_volume|product_gap|high_churn_probability,2025-07-31T00:00:00
6c8f9b3d-bbd2-56ab-a03f-6f01181c76cf,fcdd596e-f586-5d16-9b12-0e18ed346a1b,35.2,6.2,47.3,53.3,42.7,inactive_products|high_churn_probability|product_gap,2025-07-31T00:00:00
a084ecd0-c367-54c7-b096-053845bb0cf7,8a565c7b-7994-5fe3-a6dc-0e514bd65f22,44.4,57.4,58.7,44.0,46.7,declining_revenue|competitor_risk,2025-07-28T00:00:00
fe4be794-7fe7-5936-822a-a65ba0f1a56a,f9f181b2-4dd1-599e-a863-8fc11c75cfb9,26.0,12.1,33.8,47.7,14.7,low_transaction_volume,2025-07-31T00:00:00
fbb30b8b-8b3d-5e94-9a8b-39bbb438c30b,ffc4fb64-4c02-5513-9e93-6c4b180167e2,23.9,21.2,44.4,52.7,11.2,competitor_risk|missed_visits,2025-08-01T00:00:00
e99d90e3-1e79-523e-bc81-5b881ca25b03,95707a08-7114-51be-940e-01c39a29536b,69.8,75.5,67.4,56.2,50.5,product_gap|missed_visits|competitor_risk,2025-07-29T00:00:00
c5aa2138-8b5e-57fe-9d88-af73dd1aff2c,599fca8d-188d-56ae-b5c5-a46c63ad10cb,32.9,35.0,24.5,74.8,42.2,competitor_risk|low_transaction_volume,2025-07-31T00:00:00
5b1196c5-4f68-55de-8c81-1ac596d375fe,642ce7c1-f7e7-590c-adf0-c70c2abd88f0,37.4,54.5,42.1,16.7,29.5,inactive_products,2025-07-25T00:00:00
6865024b-1683-5afd-87f2-32e806318fb0,ac2f36dd-a750-567f-9055-3b273b213591,73.1,81.5,60.7,34.9,63.2,inactive_products|declining_revenue|low_transaction_volume,2025-07-30T00:00:00
0350737e-96e6-50e0-a3d9-c85c2aa5b39e,ac265695-21b9-54fa-950b-c30523bf2e97,16.5,31.8,11.1,26.7,14.9,competitor_risk|inactive_products|product_gap,2025-07-25T00:00:00
0f86f6a7-1a29-5483-92b9-a6d752039ed0,ec16ce62-83c7-5e79-a058-53958873236b,36.8,22.9,47.3,51.2,42.6,high_churn_probability|declining_revenue,2025-07-31T00:00:00
01610682-4e05-5b86-8e04-1b0c999e6763,cdca6c1b-b1d5-5949-95f0-594b17d63ff9,83.0,70.7,89.8,23.0,85.5,high_churn_probability|low_transaction_volume,2025-07-30T00:00:00
2777ba7e-8bda-50a2-bb4e-d00d61d5a526,e964f22c-0588-566a-a1d5-b22f570ce0cf,22.9,38.0,23.7,60.1,18.6,low_transaction_volume,2025-07-30T00:00:00
ffec398d-ebcd-59a8-a788-1bb4e99fb5a3,98b4a36e-f020-56da-b90f-6c92745270df,45.0,29.8,41.7,33.5,52.6,product_gap|inactive_products|low_transaction_volume,2025-07-28T00:00:00
684be452-3785-562d-b12f-820982f4e863,0424c355-7cab-5d88-82db-de067f3a2990,90.4,66.0,83.5,26.4,88.6,missed_visits|competitor_risk|declining_revenue,2025-07-27T00:00:00
8f537c6b-332c-5892-9c0d-2afeb2c7747b,6314951a-4547-56f4-82d3-2eb9d3c82e8c,73.0,53.5,64.5,69.7,82.9,product_gap|inactive_products,2025-07-30T00:00:00
a7be09c6-7983-5ccc-bed9-db72cc53b474,c3576572-099b-5798-b335-0d99b42f157d,21.6,13.2,8.3,47.6,31.4,inactive_products|product_gap|low_transaction_volume,2025-08-01T00:00:00
27f93982-1390-5d0e-a5ae-d8d439048551,c2185795-2f9f-544b-a577-334174be914d,27.5,32.9,29.4,36.5,9.3,declining_revenue,2025-07-25T00:00:00
092749ed-7be4-56da-976e-9465fc8f3a15,3470adad-d4ab-5bf2-b747-7d1a6088a4be,38.8,40.6,57.9,37.6,19.2,missed_visits,2025-07-29T00:00:00
ca88c218-4cbd-549d-9e1f-170a5a54e7a8,d29cf6f4-6b13-5abd-b139-5571265a0bb4,26.0,14.1,32.2,42.3,13.6,competitor_risk|high_churn_probability,2025-07-29T00:00:00
ab38ae5e-9aa0-5bae-ab12-35f473d838ca,cb031250-ce8d-5084-ace6-ba86139aa6b1,81.5,87.0,68.7,31.0,64.6,low_transaction_volume,2025-07-26T00:00:00
6faf6c54-93e9-5be7-b181-4494b598d89c,4d2bebeb-d1a8-548c-8752-1fe89efea6bb,86.6,85.6,79.8,23.4,90.1,competitor_risk|missed_visits|inactive_products,2025-07-29T00:00:00
b083d2d9-e4be-5d05-ac8f-f81d991e8476,8de015b8-e615-54ce-9ef4-1b31c9afadb1,18.7,18.4,0.0,16.2,27.8,declining_revenue|inactive_products|high_churn_probability,2025-07-30T00:00:00
fc346e43-4896-5fbe-b43c-5aae69da9a25,e17250dc-e2ba-525d-9966-1218ff31563b,55.4,48.9,45.5,70.8,42.6,product_gap|high_churn_probability,2025-07-26T00:00:00
aadffa35-36b8-5818-bb52-4a1b3f87ee88,cbc0c254-3eb6-59b8-9e08-d021442597f5,51.3,39.1,68.3,35.4,33.7,high_churn_probability|product_gap,2025-07-29T00:00:00
ae6ac92f-1713-577b-9cb9-8c9eab2c9f07,ced124fb-be5b-5ef6-b3a2-41539be0bd20,53.2,65.2,56.2,49.2,56.9,inactive_products|missed_visits|declining_revenue,2025-07-31T00:00:00
a3b96432-0cbb-5f8a-baa9-08023da024a3,cd4e24ea-ad6f-58f3-bdd8-39de32c1b412,73.9,52.8,92.3,78.4,77.1,high_churn_probability|missed_visits,2025-07-27T00:00:00
c4d3bf25-ef5e-5407-86ed-e67ab9a3e605,1a94663f-aa95-558c-add3-ac9094daaea6,44.1,42.1,69.0,85.2,35.6,competitor_risk,2025-07-30T00:00:00
26f391a3-b17e-5e16-99a4-066cf898db39,1ae0052d-8327-5fd0-abce-e0277e57bc3e,52.3,44.4,53.6,10.4,41.6,declining_revenue,2025-07-31T00:00:00
46df5c3e-9189-5eba-96d6-1acc8c4c54b5,a43b0bda-dfe3-5bb3-8edb-d5235fdce6b8,51.4,51.8,28.1,32.0,45.8,competitor_risk|low_transaction_volume,2025-08-01T00:00:00
ac65512d-1fad-5a1f-8814-2691f8de7e7d,b7622fbb-f035-5077-9daf-cda09e12077a,54.8,73.4,71.0,79.1,62.7,missed_visits|inactive_products|low_transaction_volume,2025-07-25T00:00:00
1a814e55-8da3-5db9-b596-fde69fc80068,54483016-e2e2-53c6-9b45-b67ba56d50f6,34.6,42.1,50.0,13.1,15.5,high_churn_probability|inactive_products,2025-07-30T00:00:00
2cf2d9a3-b3e1-5635-b56f-1e422c3e3374,ea3f4fa1-9afb-5055-9446-5a6833baeff0,94.1,94.7,71.7,76.7,77.2,inactive_products,2025-07-25T00:00:00
d0e010bb-02c8-5d43-838d-736bf3ce1e90,cdf77c59-ca65-555a-9b73-d7fbe9d154af,59.1,34.0,61.3,88.7,44.9,missed_visits,2025-08-01T00:00:00
b2d2567b-65e8-51c6-91dd-bac076f4d933,333d8189-e00e-50ef-87ca-202547a01397,28.3,43.8,32.6,85.5,23.8,inactive_products|missed_visits|declining_revenue,2025-07-26T00:00:00
637e993f-c0a1-52c2-8810-4d4c6bf4b942,e3b326ae-5bf3-5a94-aaa5-0408c00a651e,31.7,11.3,44.7,21.8,19.7,high_churn_probability|low_transaction_volume|inactive_products,2025-07-30T00:00:00
34896556-51d4-5a95-b426-7434e48a08a1,94db99e7-9cc5-5f1d-b3e1-6eee8657395a,32.7,37.2,28.2,60.8,38.0,competitor_risk|declining_revenue,2025-08-01T00:00:00
7c1d8b2c-7124-5e46-964f-76c47a539347,88653dfb-9b9b-5903-b0ba-280d082ac566,27.4,22.1,44.3,16.9,35.4,missed_visits|low_transaction_volume|inactive_products,2025-07-31T00:00:00
d171fd31-701f-51cb-8aec-42ec56201ebf,38a0613d-820e-59da-9ead-6148e07c05b7,19.7,28.9,8.3,57.3,28.6,declining_revenue,2025-07-30T00:00:00
e545eccc-a00c-582a-b45d-d48785f2f130,c0b98b92-eee0-5541-8fbe-40f7a3077ad6,46.5,35.3,25.6,67.9,34.0,high_churn_probability,2025-07-29T00:00:00
a7099753-f4f1-5acf-ab7d-c88e41b07642,9a997c40-6e32-50f9-860c-11083db0283c,94.9,78.2,78.6,32.3,89.1,declining_revenue|missed_visits|low_transaction_volume,2025-07-26T00:00:00
2962a840-ab69-53ba-a274-b3ee48827d45,8e5ccb84-fb53-5c1e-ae03-77462b40b168,24.0,38.9,8.7,33.6,25.0,missed_visits,2025-07-28T00:00:00
7d28ca33-dc67-531a-aae0-315932524230,de27d7d9-8c9c-5155-a9c9-37c174515f4e,62.3,49.8,69.4,46.0,61.2,competitor_risk|missed_visits,2025-07-30T00:00:00
26b88f77-aa5d-55ac-bab1-d7d483b0f963,000da401-5c55-5659-aa15-2f671aacb0af,16.5,20.7,41.2,44.7,17.1,product_gap|declining_revenue|competitor_risk,2025-07-28T00:00:00
82be9cc1-76dc-5216-8cac-3678410b2aa5,b332abed-ecf1-5105-926f-90691b985f1a,23.3,3.9,37.4,30.7,17.3,competitor_risk|inactive_products|missed_visits,2025-08-01T00:00:00
c8c3b9e8-99fd-56c1-9b49-394acfd962ea,f4314759-d00a-55f5-8b8f-3527363036cc,51.9,45.6,50.2,35.8,48.8,high_churn_probability|inactive_products|declining_revenue,2025-08-01T00:00:00
ec8d03f6-0707-500a-8841-c1834b50ff62,733f8e08-7e64-5ce4-bd4b-7c2fd19f512f,27.9,17.2,47.9,22.7,22.2,high_churn_probability,2025-07-27T00:00:00
fdb1a6b2-16c4-5111-b37c-0e908c7d8cdb,2aaf552d-1745-5222-8144-d71bd5f70ca7,40.9,56.6,31.2,47.3,26.5,declining_revenue,2025-08-01T00:00:00
6041f957-e609-5107-9325-c9293a0d79d0,841bcfd1-0e64-57bc-ba64-6ea24330f2bf,32.6,37.3,44.1,47.9,19.9,product_gap|competitor_risk|high_churn_probability,2025-07-27T00:00:00
0e0aa6f1-e7dc-52b4-ab3a-383b9d3b45cf,770b1207-0d01-5fd9-9d2b-0c0d2ffad9d3,75.0,60.0,98.5,80.2,77.9,high_churn_probability|product_gap,2025-07-31T00:00:00
9020d8cf-cabd-5c76-b29a-bb8856ecb550,61d93767-d7ee-521d-95c6-0754c90f57d3,31.8,31.5,15.0,23.3,20.9,competitor_risk|product_gap,2025-07-29T00:00:00
ee08cf81-0742-50b3-861a-3b3d67abb07f,05474dff-378c-5a0e-a404-511c603326d6,53.1,56.2,67.5,14.3,35.8,inactive_products|declining_revenue|high_churn_probability,2025-07-30T00:00:00
9326eac1-3de9-57fc-8f7d-4274932381bf,7b859877-ef8e-5a78-bbaf-fc5084482a45,64.0,57.1,72.0,26.0,49.2,product_gap|declining_revenue,2025-07-28T00:00:00
aa019647-2fc0-5ad0-acfc-d4718d39160b,0d96e977-be2c-5789-8286-3eeb4b930c88,18.2,7.8,3.9,29.6,19.3,inactive_products,2025-07-27T00:00:00
e178726b-0533-562e-8303-7fc45f9b7625,ee7e102d-0b64-5644-a74b-09b96820bc93,80.1,55.1,79.8,41.5,66.5,missed_visits,2025-07-25T00:00:00
bf09811e-a3b0-53cc-a2bc-c466479edb3a,b32a7cc6-a909-5f0e-a6fb-02ed67b76cd2,76.7,84.9,56.3,20.3,79.6,high_churn_probability|declining_revenue,2025-07-30T00:00:00
8b957239-f163-538c-b390-819f33679cf8,84323f21-f647-5a41-808b-fa4dc0d9e656,31.0,37.5,27.2,41.5,13.1,missed_visits|high_churn_probability,2025-07-25T00:00:00
0be1a901-477b-5cff-8e6a-94f17e7dd700,19ad6550-d1aa-5908-85c6-f7650e2b90ab,76.7,55.7,63.1,39.0,71.8,low_transaction_volume|declining_revenue|competitor_risk,2025-08-01T00:00:00
8bc48f56-4950-5f0d-800a-0ebd716e99f0,4544d574-d698-5672-a569-fe25f9172215,39.4,20.9,39.4,13.5,28.5,low_transaction_volume|high_churn_probability,2025-07-31T00:00:00
e57192be-9c93-50e3-91b6-e6b6c03e2346,c5bb2260-aa80-516e-aa4a-2fe1f6eaf1d1,86.8,69.1,76.6,75.7,67.8,declining_revenue|product_gap|inactive_products,2025-07-26T00:00:00
8e8b3615-d31e-511c-9d5e-842e72583a69,7c74deb2-f910-514d-ac23-b4a7a7070cdf,22.2,35.2,21.9,16.6,22.8,high_churn_probability|competitor_risk,2025-07-31T00:00:00
2b021284-cb29-56d8-bce2-80fcfeb9ed26,76c315cb-5185-5530-9dfa-bc9540e797ca,41.2,19.3,22.7,50.6,41.8,inactive_products|low_transaction_volume,2025-08-01T00:00:00
2555264b-0ebc-5bde-ad36-b07190da7667,104918ab-1469-5f48-ab7f-bca204e67486,89.7,71.9,73.8,60.7,87.8,product_gap|inactive_products|low_transaction_volume,2025-07-25T00:00:00
7c58ec21-4506-5309-834a-f5b12b37884a,b824f1a2-f6b0-525f-ac58-027f7057e19b,35.1,47.3,58.7,18.9,20.4,high_churn_probability|missed_visits,2025-07-26T00:00:00
41df279e-f169-5878-b9f8-389a9a825d40,1893853f-90b4-5018-a7fd-bd61bf9f2ee4,36.3,10.3,11.6,85.9,37.5,inactive_products|high_churn_probability,2025-07-28T00:00:00
aa1d1c30-51f3-5d1a-9aaa-fa408463b6f3,854291a5-05db-55e6-b0ab-3feb5d452fc0,22.9,2.1,13.5,19.7,17.6,high_churn_probability|product_gap|inactive_products,2025-07-27T00:00:00
092d7524-8f8a-5143-8343-ad5da4e8abec,ef1b6e73-f031-5894-824a-4ff1e58fc120,17.0,15.8,28.4,71.3,0.6,high_churn_probability|missed_visits|inactive_products,2025-07-28T00:00:00
ab05e241-1a0e-5254-8160-29cc94604367,5ee5bcb6-f69b-5186-9fb9-3aa1b552b4a3,22.1,18.8,14.0,12.8,5.5,product_gap|low_transaction_volume,2025-08-01T00:00:00
0c5d90dc-2766-57bf-9013-1f4d5e521e19,604a4e51-c147-5268-8856-f649e96e8de5,73.3,47.5,53.0,68.1,72.3,declining_revenue|inactive_products,2025-07-26T00:00:00
07e5c606-9b33-5668-8284-e6deac0902f6,72b06f75-9c13-5bec-841f-24114afaaab9,82.3,81.7,96.5,82.3,90.3,product_gap|high_churn_probability,2025-07-25T00:00:00
77fb9e01-3b69-5929-911e-4fb5d890254f,8df03c6a-f0e9-5c78-8a72-b96b5f7e7b16,80.8,58.0,99.0,61.0,87.3,missed_visits|low_transaction_volume,2025-07-26T00:00:00
a65f265e-7608-5f3c-9aa8-458562a16ab7,f8d90075-3eef-57df-8330-23687233e1a4,35.5,26.6,11.6,86.0,23.2,low_transaction_volume|missed_visits|high_churn_probability,2025-07-31T00:00:00
9b67ce33-be44-5123-a147-653dbc794b72,3e9833ae-27e7-5954-985e-5192185af74b,48.5,47.0,73.2,59.2,44.6,low_transaction_volume|declining_revenue,2025-07-29T00:00:00
915cfe6e-7a73-5fe2-8741-1e310d1bd3e0,f450988d-f69d-5b58-9af3-0c584f675d22,42.8,41.4,28.5,84.8,31.0,missed_visits,2025-07-30T00:00:00
e2c73182-6963-537a-8310-9dee26bc70fa,97c20157-3ae1-50ba-8232-5fcb5fbe3ac9,26.1,41.9,35.0,31.8,18.3,low_transaction_volume|competitor_risk|product_gap,2025-08-01T00:00:00
6ad2333e-5013-5c01-b015-2282718c1524,98a2cd8f-27f3-54b3-a80a-10e08de1d82c,46.3,39.4,60.8,60.8,29.2,declining_revenue|missed_visits|high_churn_probability,2025-07-29T00:00:00
834c9c8d-2d6d-51f6-9e17-1c98b9b2e232,db830ed2-6d24-5e64-8a87-ea672f8ac04a,15.7,21.8,29.7,58.7,11.8,declining_revenue|low_transaction_volume,2025-07-26T00:00:00
d7f07dc3-9ae3-5ec3-bb91-525c598fdbf0,4e810bf7-5af1-592a-82b5-2e47d61a7915,75.9,69.6,78.3,37.4,65.5,competitor_risk|product_gap,2025-07-25T00:00:00
0bbd059e-3311-58f9-8578-435f489c3cb1,b720f7b3-1de3-569d-9baa-325f7e6aaa02,21.1,28.7,31.0,30.5,2.0,product_gap|declining_revenue|competitor_risk,2025-07-31T00:00:00
13fc1c2c-f30d-5cf1-b25d-e2a47c04210f,c306d1d1-d552-5f86-9c19-aa19bcd85559,92.6,90.6,84.8,34.3,93.2,missed_visits|low_transaction_volume|declining_revenue,2025-07-25T00:00:00
4aaff624-6730-549e-8aae-f222fc1aa218,09bafe42-8b3d-575e-9484-7efccddcc10d,42.0,43.2,25.3,38.1,34.9,declining_revenue,2025-08-01T00:00:00
29b968ed-59ad-5c1f-8922-37809b0c5eaf,ff47efd1-8a4b-5f50-99f8-03a2b30b97c3,45.1,39.6,31.8,83.7,29.0,competitor_risk|high_churn_probability,2025-07-31T00:00:00
009ab894-f5d9-5d2f-b29f-80879447cf3f,1dc44f1a-55d6-5e25-b5ed-116f65034929,18.9,38.6,25.0,24.3,4.6,declining_revenue,2025-07-26T00:00:00
db93b88f-b945-5ead-8ed3-a6aa43514581,427f9d9f-f780-5eff-a8b5-43091838f0f7,37.0,27.9,42.0,35.6,27.9,inactive_products|declining_revenue,2025-07-31T00:00:00
15ba3e1a-a8d6-5887-b6ec-4cb7e29b8d0c,8142324f-d48d-5bdb-8f98-c69443f549f2,41.6,36.7,43.2,28.0,33.7,high_churn_probability|inactive_products|missed_visits,2025-07-25T00:00:00
29ffbbe1-3e34-5e9e-8ebc-2347105783c2,d9f66c50-00e3-50ee-aba1-3b4fbff20621,67.2,57.2,42.3,76.4,70.0,declining_revenue|inactive_products,2025-07-30T00:00:00
c08ea57b-c9cd-5d99-87f2-44d9e9ac1fb0,7a6dd826-3bbe-5069-88f6-a5c8a8e58300,42.3,41.3,38.2,43.5,28.0,product_gap,2025-08-01T00:00:00
9381c16a-ef95-57b1-a8bc-e1f41ffa53b9,94dbc777-5f73-54ae-a008-26026528a42a,39.8,40.8,64.7,58.0,41.7,competitor_risk,2025-08-01T00:00:00
12446090-4792-5363-97e2-7d1c4c681852,9cbcbf81-121b-5b0c-903c-99b4791db0b4,68.1,66.6,66.7,17.3,59.2,declining_revenue,2025-07-26T00:00:00
e1f4faaa-0210-5e0f-a0a4-a2a371f46215,ea87ee94-68c2-55ee-8557-984c85c321d5,37.1,52.7,35.0,67.8,24.3,inactive_products,2025-07-25T00:00:00
85ec5fc9-9194-5c57-bc6b-80f2b4f46f9d,439a175d-5bda-5628-b38b-616bbe987f8b,52.5,29.1,30.7,12.5,49.8,missed_visits,2025-07-25T00:00:00
8af249f3-e2ee-54fc-8c3f-e0198509d607,da1b9899-2b18-55df-8363-bdcc9fd96f87,47.4,66.0,47.4,18.9,45.5,product_gap|declining_revenue|high_churn_probability,2025-07-27T00:00:00
e73c2895-1f32-520b-be6a-b8d4ff90e616,5ebc4ac0-b6fd-5394-a3fa-32214fb0d1ed,97.4,82.5,99.0,10.6,78.2,declining_revenue,2025-07-26T00:00:00
7d281f08-4254-5b5e-bd1f-b605141f7aff,d8a8c25a-83f4-553e-85da-eeb06bc631d5,49.7,23.2,45.5,30.8,51.2,inactive_products|product_gap,2025-07-31T00:00:00
255bf0ce-9573-55cd-8860-ca4f7b40bcaf,56ef6120-c26a-5fa3-bb79-d25bb308fffc,43.6,35.6,60.0,14.8,48.0,high_churn_probability|competitor_risk|low_transaction_volume,2025-08-01T00:00:00
37f896df-8521-57dc-a902-584f0a6a4b05,e26e2f93-108c-5aa6-8747-5e6f662730ac,29.5,21.2,10.7,21.7,17.4,competitor_risk|high_churn_probability|product_gap,2025-07-31T00:00:00
ee933419-7f45-5f95-bf15-3ed77d023cee,242e361d-cdf2-546c-a27c-61a39044493c,43.9,30.9,64.5,73.6,30.2,product_gap|high_churn_probability,2025-07-31T00:00:00
9bad7fd0-7a8d-53b7-9cc6-e499d86c584d,abd2d874-8c3d-55b3-b4ab-abad8c49918f,28.2,36.3,41.1,37.4,28.9,low_transaction_volume|product_gap|high_churn_probability,2025-07-27T00:00:00
d6b5824f-710d-5d9f-ab19-58392acd0c62,658a0dac-8301-5979-8a2d-e6706358d4ec,46.5,46.2,59.6,21.8,35.1,missed_visits|competitor_risk|inactive_products,2025-07-29T00:00:00
c6d331b1-e77f-5a9c-a625-bc2725900b82,ce7b97f5-df91-5236-a502-770b786b89e8,50.2,35.5,61.0,55.4,39.3,missed_visits|high_churn_probability|inactive_products,2025-07-25T00:00:00
946e3d46-a68e-5f83-b212-dc0748103fc4,e870a468-733a-59a7-9f6a-e997737766e3,41.9,52.2,23.4,58.6,47.7,high_churn_probability,2025-07-28T00:00:00
dc8f2994-31b7-51a2-8098-78ca5521a78f,e83864e6-07f4-5211-a4b3-2521570d7ea4,40.5,21.1,30.6,56.7,28.3,inactive_products,2025-07-26T00:00:00
722e03b4-49e7-52cd-9bd4-01782bdddc23,998f4b20-a2cd-5811-b852-680e154e3370,34.1,36.3,38.4,50.1,29.8,missed_visits,2025-07-26T00:00:00
e2ea1e6c-e999-512f-98a5-c39deec277da,9650ad8e-ef6a-5f37-a5e4-f6691a8324fb,49.6,63.2,48.7,48.7,41.0,high_churn_probability|declining_revenue,2025-07-31T00:00:00
3888b74a-5f97-5608-b350-29e2837156ab,03958e6b-9d1f-5ee2-ad79-05cb551f2f8b,68.6,46.1,74.0,68.3,52.1,declining_revenue|inactive_products,2025-07-29T00:00:00
aa18ae93-85aa-5fe0-b2e6-7afb2a71b526,76da179c-4d8c-522f-99fc-aa130e0c2abc,29.3,44.6,46.3,77.7,32.8,competitor_risk|high_churn_probability,2025-07-29T00:00:00
06cd60bc-0263-5928-bd88-5d901ae9f50a,3c825b3e-c310-59a5-acd2-7a5d9230cf79,94.8,78.8,72.8,36.4,76.5,high_churn_probability|low_transaction_volume,2025-07-31T00:00:00
27fe0af1-0f0b-5b63-93c0-2cecae3e5bfa,b788ae1f-d5be-5ee9-b9cb-a14e4df00051,53.8,52.2,41.2,30.5,56.0,product_gap,2025-07-29T00:00:00
9728b86a-76cd-5d4c-a7c2-925790b40bc0,732c336e-8d4f-502a-bafe-f1a5f1aa1cd0,65.7,84.7,54.0,32.2,68.0,product_gap|declining_revenue|low_transaction_volume,2025-07-31T00:00:00
d0edbedd-1efd-51bb-b576-367829046381,8371403f-f987-56ac-973a-2b21e4d9d0cd,51.2,36.4,36.6,29.5,54.1,competitor_risk,2025-07-25T00:00:00
7793f881-9b2e-5950-9bbd-8165751229fb,b55982ed-6be9-50e1-a716-216dc3b80a85,89.3,91.5,66.9,48.3,82.5,inactive_products|low_transaction_volume|missed_visits,2025-07-25T00:00:00
836d9aef-495b-5eb4-ae1a-b70909f0cb75,cf28a9f3-761a-5467-972a-6b74f4c284f4,22.9,20.9,27.3,56.5,28.7,competitor_risk|declining_revenue|inactive_products,2025-07-31T00:00:00
1d78efc2-a3d0-5ba0-b51f-c987cb865e04,efc30d35-191c-5323-9f6e-85fb10804386,43.8,23.5,59.1,59.2,37.5,inactive_products|high_churn_probability,2025-08-01T00:00:00
063632fe-815e-5f66-86f4-18f552896e0e,dfd8191b-b887-5fbd-82b6-28453104ddd5,25.1,22.2,8.9,50.6,20.5,competitor_risk|missed_visits,2025-07-28T00:00:00
